Date,USDCNY_delta,USDBRL_delta,USDZAR_delta,USDRUB_delta,EURUSD_delta,USDJPY_delta,USDMXN_delta,USDCAD_delta,Total_delta
2016-04-01,0.0,0.0,0,0.0,745419.516936527,0.0,0.0,0.0,745419.516936527
2016-04-04,0.0,0.0,0,0.0,750487.0749524925,0.0,0.0,0.0,750487.0749524925
2016-04-05,0.0,0.0,0,0.0,734732.4878959326,0.0,0.0,0.0,734732.4878959326
2016-04-06,0.0,0.0,0,0.0,765269.1837101987,0.0,0.0,0.0,765269.1837101987
2016-04-07,0.0,0.0,0,0.0,718663.6543744261,0.0,0.0,0.0,718663.6543744261
2016-04-08,0.0,0.0,0,0.0,769536.9528641913,0.0,0.0,0.0,769536.9528641913
2016-04-11,0.0,0.0,0,0.0,797630.4783426451,0.0,0.0,0.0,797630.4783426451
2016-04-12,0.0,0.0,0,0.0,745424.618869647,0.0,0.0,0.0,745424.618869647
2016-04-13,0.0,0.0,0,0.0,455638.4424069025,0.0,0.0,0.0,455638.4424069025
2016-04-14,0.0,0.0,0,0.0,460485.403567871,0.0,0.0,0.0,460485.403567871
2016-04-15,0.0,0.0,0,0.0,482311.5798796861,0.0,0.0,0.0,482311.5798796861
2016-04-18,0.0,0.0,0,0.0,530645.8814331436,0.0,0.0,0.0,530645.8814331436
2016-04-19,0.0,0.0,0,0.0,662625.6482362566,0.0,0.0,0.0,662625.6482362566
2016-04-20,0.0,0.0,0,0.0,455758.53719280753,0.0,0.0,0.0,455758.53719280753
2016-04-21,0.0,0.0,0,0.0,421616.4664270007,0.0,0.0,0.0,421616.4664270007
2016-04-22,0.0,0.0,0,0.0,210169.4714615982,0.0,0.0,0.0,210169.4714615982
2016-04-25,0.0,0.0,0,0.0,239126.7155131664,0.0,0.0,0.0,239126.7155131664
2016-04-26,0.0,0.0,0,0.0,308300.4380965529,0.0,0.0,0.0,308300.4380965529
2016-04-27,0.0,0.0,0,0.0,352292.07380673866,0.0,0.0,0.0,352292.07380673866
2016-04-28,0.0,0.0,0,0.0,506790.6081844653,0.0,0.0,0.0,506790.6081844653
2016-04-29,0.0,0.0,0,0.0,0.0,0.0,0.0,0.0,0.0
2016-05-02,0.0,0.0,0,0.0,712413.4700663155,0.0,0.0,0.0,712413.4700663155
2016-05-03,0.0,0.0,0,0.0,644812.1330394681,0.0,0.0,0.0,644812.1330394681
2016-05-04,0.0,0.0,0,0.0,628094.5075623383,0.0,0.0,0.0,628094.5075623383
2016-05-05,0.0,0.0,0,0.0,483493.57108018926,0.0,0.0,0.0,483493.57108018926
2016-05-06,0.0,0.0,0,0.0,460930.41433289985,0.0,0.0,0.0,460930.41433289985
2016-05-09,0.0,0.0,0,0.0,398562.9184551947,0.0,0.0,0.0,398562.9184551947
2016-05-10,0.0,0.0,0,0.0,361405.2041375124,0.0,0.0,0.0,361405.2041375124
2016-05-11,0.0,0.0,0,0.0,463958.41817863216,0.0,0.0,0.0,463958.41817863216
2016-05-12,0.0,0.0,0,0.0,341728.2311071981,0.0,0.0,0.0,341728.2311071981
2016-05-13,0.0,0.0,0,0.0,218939.22288036172,0.0,0.0,0.0,218939.22288036172
2016-05-16,0.0,0.0,0,0.0,207288.46770210925,0.0,0.0,0.0,207288.46770210925
2016-05-17,0.0,0.0,0,0.0,174176.2716908311,0.0,0.0,0.0,174176.2716908311
2016-05-18,0.0,0.0,0,0.0,70352.30448628998,0.0,0.0,0.0,70352.30448628998
2016-05-19,0.0,0.0,0,0.0,51301.424456420034,0.0,0.0,0.0,51301.424456420034
2016-05-20,0.0,0.0,0,0.0,42801.852078565564,0.0,0.0,0.0,42801.852078565564
2016-05-23,0.0,0.0,0,0.0,13327.629063351405,0.0,0.0,0.0,13327.629063351405
2016-05-24,0.0,0.0,0,0.0,1414.3613304198625,0.0,0.0,0.0,1414.3613304198625
2016-05-25,0.0,0.0,0,0.0,582.2906147185364,0.0,0.0,0.0,582.2906147185364
2016-05-26,0.0,0.0,0,0.0,5971.440389548387,0.0,0.0,0.0,5971.440389548387
2016-05-27,0.0,0.0,0,0.0,661.7341900731152,0.0,0.0,0.0,661.7341900731152
2016-05-30,0.0,0.0,0,0.0,1.9263740820209063,0.0,0.0,0.0,1.9263740820209063
2016-05-31,0.0,0.0,0,0.0,0.00034539656859954357,0.0,0.0,0.0,0.00034539656859954357
2016-06-01,1333635.647343035,0.0,0,0.0,0.0,0.0,0.0,0.0,1333635.647343035
2016-06-02,1373259.1958047058,0.0,0,0.0,0.0,0.0,0.0,0.0,1373259.1958047058
2016-06-03,1022944.7267457556,0.0,0,0.0,0.0,0.0,0.0,0.0,1022944.7267457556
2016-06-06,1104300.478474434,0.0,0,0.0,0.0,0.0,0.0,0.0,1104300.478474434
2016-06-07,1189278.8890429314,0.0,0,0.0,0.0,0.0,0.0,0.0,1189278.8890429314
2016-06-08,1018186.0168548556,0.0,0,0.0,0.0,0.0,0.0,0.0,1018186.0168548556
2016-06-09,998744.1843669763,0.0,0,0.0,0.0,0.0,0.0,0.0,998744.1843669763
2016-06-10,1024842.0912602101,0.0,0,0.0,0.0,0.0,0.0,0.0,1024842.0912602101
2016-06-13,1383308.512555067,0.0,0,0.0,0.0,0.0,0.0,0.0,1383308.512555067
2016-06-14,1431337.043347894,0.0,0,0.0,0.0,0.0,0.0,0.0,1431337.043347894
2016-06-15,1301780.3819434592,0.0,0,0.0,0.0,0.0,0.0,0.0,1301780.3819434592
2016-06-16,1441332.7048367967,0.0,0,0.0,0.0,0.0,0.0,0.0,1441332.7048367967
2016-06-17,1342217.7666717584,0.0,0,0.0,0.0,0.0,0.0,0.0,1342217.7666717584
2016-06-20,1304679.2004479342,0.0,0,0.0,0.0,0.0,0.0,0.0,1304679.2004479342
2016-06-21,1385467.7685295385,0.0,0,0.0,0.0,0.0,0.0,0.0,1385467.7685295385
2016-06-22,1236347.6116828595,0.0,0,0.0,0.0,0.0,0.0,0.0,1236347.6116828595
2016-06-23,1269030.574673999,0.0,0,0.0,0.0,0.0,0.0,0.0,1269030.574673999
2016-06-24,1931212.4613511853,0.0,0,0.0,0.0,0.0,0.0,0.0,1931212.4613511853
2016-06-27,2431300.9803992463,0.0,0,0.0,0.0,0.0,0.0,0.0,2431300.9803992463
2016-06-28,2449759.691751975,0.0,0,0.0,0.0,0.0,0.0,0.0,2449759.691751975
2016-06-29,2486119.2213447564,0.0,0,0.0,0.0,0.0,0.0,0.0,2486119.2213447564
2016-06-30,2491730.840468662,0.0,0,0.0,0.0,0.0,0.0,0.0,2491730.840468662
2016-07-01,1243485.439765577,0.0,0,0.0,0.0,0.0,0.0,0.0,1243485.439765577
2016-07-04,1271926.9970365353,0.0,0,0.0,0.0,0.0,0.0,0.0,1271926.9970365353
2016-07-05,1479572.813857669,0.0,0,0.0,0.0,0.0,0.0,0.0,1479572.813857669
2016-07-06,1465778.3513076745,0.0,0,0.0,0.0,0.0,0.0,0.0,1465778.3513076745
2016-07-07,1417056.0552555947,0.0,0,0.0,0.0,0.0,0.0,0.0,1417056.0552555947
2016-07-08,1506744.357339252,0.0,0,0.0,0.0,0.0,0.0,0.0,1506744.357339252
2016-07-11,1523613.082598445,0.0,0,0.0,0.0,0.0,0.0,0.0,1523613.082598445
2016-07-12,1566703.7476190683,0.0,0,0.0,0.0,0.0,0.0,0.0,1566703.7476190683
2016-07-13,1528969.6862982297,0.0,0,0.0,0.0,0.0,0.0,0.0,1528969.6862982297
2016-07-14,1443597.0614591113,0.0,0,0.0,0.0,0.0,0.0,0.0,1443597.0614591113
2016-07-15,1568487.5820469526,0.0,0,0.0,0.0,0.0,0.0,0.0,1568487.5820469526
2016-07-18,1812470.099238864,0.0,0,0.0,0.0,0.0,0.0,0.0,1812470.099238864
2016-07-19,1663934.223157128,0.0,0,0.0,0.0,0.0,0.0,0.0,1663934.223157128
2016-07-20,1354444.4038728965,0.0,0,0.0,0.0,0.0,0.0,0.0,1354444.4038728965
2016-07-21,1287663.1010290966,0.0,0,0.0,0.0,0.0,0.0,0.0,1287663.1010290966
2016-07-22,1317199.3262092269,0.0,0,0.0,0.0,0.0,0.0,0.0,1317199.3262092269
2016-07-25,1382535.7872433064,0.0,0,0.0,0.0,0.0,0.0,0.0,1382535.7872433064
2016-07-26,1271433.9002208079,0.0,0,0.0,0.0,0.0,0.0,0.0,1271433.9002208079
2016-07-27,969620.1350896996,0.0,0,0.0,0.0,0.0,0.0,0.0,969620.1350896996
2016-07-28,741625.6572030614,0.0,0,0.0,0.0,0.0,0.0,0.0,741625.6572030614
2016-07-29,129835.97394929129,0.0,0,0.0,0.0,0.0,0.0,0.0,129835.97394929129
2016-08-01,1475665.6315911526,0.0,0,0.0,0.0,0.0,0.0,0.0,1475665.6315911526
2016-08-02,1247473.862532539,0.0,0,0.0,0.0,0.0,0.0,0.0,1247473.862532539
2016-08-03,1301390.755690673,0.0,0,0.0,0.0,0.0,0.0,0.0,1301390.755690673
2016-08-04,1347002.8462016736,0.0,0,0.0,0.0,0.0,0.0,0.0,1347002.8462016736
2016-08-05,1586910.9622811691,0.0,0,0.0,0.0,0.0,0.0,0.0,1586910.9622811691
2016-08-08,1647408.7891962572,0.0,0,0.0,0.0,0.0,0.0,0.0,1647408.7891962572
2016-08-09,1576489.5925771955,0.0,0,0.0,0.0,0.0,0.0,0.0,1576489.5925771955
2016-08-10,1261198.4434031867,0.0,0,0.0,0.0,0.0,0.0,0.0,1261198.4434031867
2016-08-11,1137111.9286798576,0.0,0,0.0,0.0,0.0,0.0,0.0,1137111.9286798576
2016-08-12,1228179.8946339488,0.0,0,0.0,0.0,0.0,0.0,0.0,1228179.8946339488
2016-08-15,1279959.991467005,0.0,0,0.0,0.0,0.0,0.0,0.0,1279959.991467005
2016-08-16,1191695.4166774782,0.0,0,0.0,0.0,0.0,0.0,0.0,1191695.4166774782
2016-08-17,990293.0810202975,0.0,0,0.0,0.0,0.0,0.0,0.0,990293.0810202975
2016-08-18,1103615.463927193,0.0,0,0.0,0.0,0.0,0.0,0.0,1103615.463927193
2016-08-19,1171031.3131058153,0.0,0,0.0,0.0,0.0,0.0,0.0,1171031.3131058153
2016-08-22,1178954.232730998,0.0,0,0.0,0.0,0.0,0.0,0.0,1178954.232730998
2016-08-23,1133873.0390401497,0.0,0,0.0,0.0,0.0,0.0,0.0,1133873.0390401497
2016-08-24,1656527.8621024764,0.0,0,0.0,0.0,0.0,0.0,0.0,1656527.8621024764
2016-08-25,1712766.9709598606,0.0,0,0.0,0.0,0.0,0.0,0.0,1712766.9709598606
2016-08-26,1893415.9553756379,0.0,0,0.0,0.0,0.0,0.0,0.0,1893415.9553756379
2016-08-29,2308695.1293963133,0.0,0,0.0,0.0,0.0,0.0,0.0,2308695.1293963133
2016-08-30,2310813.9381689453,0.0,0,0.0,0.0,0.0,0.0,0.0,2310813.9381689453
2016-08-31,2668715.010748413,0.0,0,0.0,0.0,0.0,0.0,0.0,2668715.010748413
2016-09-01,1388385.362040573,0.0,0,0.0,0.0,0.0,0.0,0.0,1388385.362040573
2016-09-02,1518474.8036100776,0.0,0,0.0,0.0,0.0,0.0,0.0,1518474.8036100776
2016-09-05,1503898.8548468633,0.0,0,0.0,0.0,0.0,0.0,0.0,1503898.8548468633
2016-09-06,1554628.2471481666,0.0,0,0.0,0.0,0.0,0.0,0.0,1554628.2471481666
2016-09-07,1262140.957659342,0.0,0,0.0,0.0,0.0,0.0,0.0,1262140.957659342
2016-09-08,1385065.6603403362,0.0,0,0.0,0.0,0.0,0.0,0.0,1385065.6603403362
2016-09-09,1533814.1855540976,0.0,0,0.0,0.0,0.0,0.0,0.0,1533814.1855540976
2016-09-12,1844208.3572848195,0.0,0,0.0,0.0,0.0,0.0,0.0,1844208.3572848195
2016-09-13,1500171.659446008,0.0,0,0.0,0.0,0.0,0.0,0.0,1500171.659446008
2016-09-14,1505793.614925999,0.0,0,0.0,0.0,0.0,0.0,0.0,1505793.614925999
2016-09-15,1442450.2102126768,0.0,0,0.0,0.0,0.0,0.0,0.0,1442450.2102126768
2016-09-16,1360851.9622521996,0.0,0,0.0,0.0,0.0,0.0,0.0,1360851.9622521996
2016-09-19,1372118.8748592476,0.0,0,0.0,0.0,0.0,0.0,0.0,1372118.8748592476
2016-09-20,1440492.8150320707,0.0,0,0.0,0.0,0.0,0.0,0.0,1440492.8150320707
2016-09-21,1511087.234194659,0.0,0,0.0,0.0,0.0,0.0,0.0,1511087.234194659
2016-09-22,1219114.6787807597,0.0,0,0.0,0.0,0.0,0.0,0.0,1219114.6787807597
2016-09-23,1351332.4778600575,0.0,0,0.0,0.0,0.0,0.0,0.0,1351332.4778600575
2016-09-26,1141604.4544450883,0.0,0,0.0,0.0,0.0,0.0,0.0,1141604.4544450883
2016-09-27,1056662.4813762377,0.0,0,0.0,0.0,0.0,0.0,0.0,1056662.4813762377
2016-09-28,1751809.4965460554,0.0,0,0.0,0.0,0.0,0.0,0.0,1751809.4965460554
2016-09-29,710420.9583469704,0.0,0,0.0,0.0,0.0,0.0,0.0,710420.9583469704
2016-09-30,0.0,0.0,0,0.0,0.0,0.0,0.0,0.0,0.0
2016-10-03,1279775.8038807954,0.0,0,0.0,0.0,0.0,0.0,0.0,1279775.8038807954
2016-10-04,1274767.827020182,0.0,0,0.0,0.0,0.0,0.0,0.0,1274767.827020182
2016-10-05,1283034.5357911356,0.0,0,0.0,0.0,0.0,0.0,0.0,1283034.5357911356
2016-10-06,1259392.480825652,0.0,0,0.0,0.0,0.0,0.0,0.0,1259392.480825652
2016-10-07,1327876.0173834607,0.0,0,0.0,0.0,0.0,0.0,0.0,1327876.0173834607
2016-10-10,1697769.579852688,0.0,0,0.0,0.0,0.0,0.0,0.0,1697769.579852688
2016-10-11,1890812.9392115509,0.0,0,0.0,0.0,0.0,0.0,0.0,1890812.9392115509
2016-10-12,1925481.1130539519,0.0,0,0.0,0.0,0.0,0.0,0.0,1925481.1130539519
2016-10-13,2044806.835407333,0.0,0,0.0,0.0,0.0,0.0,0.0,2044806.835407333
2016-10-14,1992609.5005802475,0.0,0,0.0,0.0,0.0,0.0,0.0,1992609.5005802475
2016-10-17,2153648.7953699916,0.0,0,0.0,0.0,0.0,0.0,0.0,2153648.7953699916
2016-10-18,2204485.9842310385,0.0,0,0.0,0.0,0.0,0.0,0.0,2204485.9842310385
2016-10-19,2224298.5140023357,0.0,0,0.0,0.0,0.0,0.0,0.0,2224298.5140023357
2016-10-20,2267710.5240199678,0.0,0,0.0,0.0,0.0,0.0,0.0,2267710.5240199678
2016-10-21,2332438.1107316012,0.0,0,0.0,0.0,0.0,0.0,0.0,2332438.1107316012
2016-10-24,2373930.936320243,0.0,0,0.0,0.0,0.0,0.0,0.0,2373930.936320243
2016-10-25,2379628.7512934776,0.0,0,0.0,0.0,0.0,0.0,0.0,2379628.7512934776
2016-10-26,2382724.213216249,0.0,0,0.0,0.0,0.0,0.0,0.0,2382724.213216249
2016-10-27,2386775.112559467,0.0,0,0.0,0.0,0.0,0.0,0.0,2386775.112559467
2016-10-28,2388974.5528568667,0.0,0,0.0,0.0,0.0,0.0,0.0,2388974.5528568667
2016-10-31,2394417.551898205,0.0,0,0.0,0.0,0.0,0.0,0.0,2394417.551898205
2016-11-01,1565755.9228970283,0.0,0,0.0,0.0,0.0,0.0,0.0,1565755.9228970283
2016-11-02,1595185.680010989,0.0,0,0.0,0.0,0.0,0.0,0.0,1595185.680010989
2016-11-03,1474757.1102378594,0.0,0,0.0,0.0,0.0,0.0,0.0,1474757.1102378594
2016-11-04,1334721.6310753226,0.0,0,0.0,0.0,0.0,0.0,0.0,1334721.6310753226
2016-11-07,1626276.9767856593,0.0,0,0.0,0.0,0.0,0.0,0.0,1626276.9767856593
2016-11-08,1850544.3269921038,0.0,0,0.0,0.0,0.0,0.0,0.0,1850544.3269921038
2016-11-09,1901157.5743843215,0.0,0,0.0,0.0,0.0,0.0,0.0,1901157.5743843215
2016-11-10,2217468.4690251453,0.0,0,0.0,0.0,0.0,0.0,0.0,2217468.4690251453
2016-11-11,2260449.073074076,0.0,0,0.0,0.0,0.0,0.0,0.0,2260449.073074076
2016-11-14,2600641.3653818523,0.0,0,0.0,0.0,0.0,0.0,0.0,2600641.3653818523
2016-11-15,2650128.6693864875,0.0,0,0.0,0.0,0.0,0.0,0.0,2650128.6693864875
2016-11-16,2789374.4271358326,0.0,0,0.0,0.0,0.0,0.0,0.0,2789374.4271358326
2016-11-17,2782445.3055809145,0.0,0,0.0,0.0,0.0,0.0,0.0,2782445.3055809145
2016-11-18,2825194.9318163292,0.0,0,0.0,0.0,0.0,0.0,0.0,2825194.9318163292
2016-11-21,2867054.4858083874,0.0,0,0.0,0.0,0.0,0.0,0.0,2867054.4858083874
2016-11-22,2877569.269865986,0.0,0,0.0,0.0,0.0,0.0,0.0,2877569.269865986
2016-11-23,2912625.7705978383,0.0,0,0.0,0.0,0.0,0.0,0.0,2912625.7705978383
2016-11-24,2915772.4533697977,0.0,0,0.0,0.0,0.0,0.0,0.0,2915772.4533697977
2016-11-25,2920367.0085139615,0.0,0,0.0,0.0,0.0,0.0,0.0,2920367.0085139615
2016-11-28,2933740.264389912,0.0,0,0.0,0.0,0.0,0.0,0.0,2933740.264389912
2016-11-29,2937205.09329407,0.0,0,0.0,0.0,0.0,0.0,0.0,2937205.09329407
2016-11-30,2941062.649439586,0.0,0,0.0,0.0,0.0,0.0,0.0,2941062.649439586
2016-12-01,1258006.736527243,0.0,0,0.0,0.0,0.0,0.0,0.0,1258006.736527243
2016-12-02,1283513.2547556297,0.0,0,0.0,0.0,0.0,0.0,0.0,1283513.2547556297
2016-12-05,1331587.7635174673,0.0,0,0.0,0.0,0.0,0.0,0.0,1331587.7635174673
2016-12-06,1373521.3983163978,0.0,0,0.0,0.0,0.0,0.0,0.0,1373521.3983163978
2016-12-07,1387109.0048855671,0.0,0,0.0,0.0,0.0,0.0,0.0,1387109.0048855671
2016-12-08,1362084.6126986037,0.0,0,0.0,0.0,0.0,0.0,0.0,1362084.6126986037
2016-12-09,1623491.7265099816,0.0,0,0.0,0.0,0.0,0.0,0.0,1623491.7265099816
2016-12-12,1578881.6114677035,0.0,0,0.0,0.0,0.0,0.0,0.0,1578881.6114677035
2016-12-13,1596224.7208682687,0.0,0,0.0,0.0,0.0,0.0,0.0,1596224.7208682687
2016-12-14,1461039.7245774104,0.0,0,0.0,0.0,0.0,0.0,0.0,1461039.7245774104
2016-12-15,1965684.5565685336,0.0,0,0.0,0.0,0.0,0.0,0.0,1965684.5565685336
2016-12-16,2080322.4153946242,0.0,0,0.0,0.0,0.0,0.0,0.0,2080322.4153946242
2016-12-19,2168852.4396781395,0.0,0,0.0,0.0,0.0,0.0,0.0,2168852.4396781395
2016-12-20,2138040.0290246806,0.0,0,0.0,0.0,0.0,0.0,0.0,2138040.0290246806
2016-12-21,2049109.6535468544,0.0,0,0.0,0.0,0.0,0.0,0.0,2049109.6535468544
2016-12-22,2138667.322378135,0.0,0,0.0,0.0,0.0,0.0,0.0,2138667.322378135
2016-12-23,2230874.8672072776,0.0,0,0.0,0.0,0.0,0.0,0.0,2230874.8672072776
2016-12-26,2307560.5205598124,0.0,0,0.0,0.0,0.0,0.0,0.0,2307560.5205598124
2016-12-27,2355271.811541713,0.0,0,0.0,0.0,0.0,0.0,0.0,2355271.811541713
2016-12-28,2374937.585438101,0.0,0,0.0,0.0,0.0,0.0,0.0,2374937.585438101
2016-12-29,2378961.668317655,0.0,0,0.0,0.0,0.0,0.0,0.0,2378961.668317655
2016-12-30,0.0,0.0,0,0.0,0.0,0.0,0.0,0.0,0.0
2017-01-02,930983.7230825992,0.0,0,0.0,0.0,0.0,0.0,0.0,930983.7230825992
2017-01-03,889997.5418545528,0.0,0,0.0,0.0,0.0,0.0,0.0,889997.5418545528
2017-01-04,614692.7838974815,0.0,0,0.0,0.0,0.0,0.0,0.0,614692.7838974815
2017-01-05,336608.2215342731,0.0,0,0.0,0.0,0.0,0.0,0.0,336608.2215342731
2017-01-06,502794.73978011875,0.0,0,0.0,0.0,0.0,0.0,0.0,502794.73978011875
2017-01-09,520968.69905721507,0.0,0,0.0,0.0,0.0,0.0,0.0,520968.69905721507
2017-01-10,382553.84076444135,0.0,0,0.0,0.0,0.0,0.0,0.0,382553.84076444135
2017-01-11,470678.0835334213,0.0,0,0.0,0.0,0.0,0.0,0.0,470678.0835334213
2017-01-12,256237.76993627596,0.0,0,0.0,0.0,0.0,0.0,0.0,256237.76993627596
2017-01-13,245637.68099564122,0.0,0,0.0,0.0,0.0,0.0,0.0,245637.68099564122
2017-01-16,226142.3527219958,0.0,0,0.0,0.0,0.0,0.0,0.0,226142.3527219958
2017-01-17,107752.31660607211,0.0,0,0.0,0.0,0.0,0.0,0.0,107752.31660607211
2017-01-18,75151.77733709745,0.0,0,0.0,0.0,0.0,0.0,0.0,75151.77733709745
2017-01-19,117879.7115009631,0.0,0,0.0,0.0,0.0,0.0,0.0,117879.7115009631
2017-01-20,110322.60187889302,0.0,0,0.0,0.0,0.0,0.0,0.0,110322.60187889302
2017-01-23,27512.18715082586,0.0,0,0.0,0.0,0.0,0.0,0.0,27512.18715082586
2017-01-24,2948.3386983799974,0.0,0,0.0,0.0,0.0,0.0,0.0,2948.3386983799974
2017-01-25,19440.534419306365,0.0,0,0.0,0.0,0.0,0.0,0.0,19440.534419306365
2017-01-26,10873.18824959043,0.0,0,0.0,0.0,0.0,0.0,0.0,10873.18824959043
2017-01-27,7121.180385658148,0.0,0,0.0,0.0,0.0,0.0,0.0,7121.180385658148
2017-01-30,16.42378019627087,0.0,0,0.0,0.0,0.0,0.0,0.0,16.42378019627087
2017-01-31,0.16052224938021667,0.0,0,0.0,0.0,0.0,0.0,0.0,0.16052224938021667
2017-02-01,0.0,0.0,0,0.0,791650.3957794153,0.0,0.0,0.0,791650.3957794153
2017-02-02,0.0,0.0,0,0.0,769273.36510043,0.0,0.0,0.0,769273.36510043
2017-02-03,0.0,0.0,0,0.0,834213.1642125229,0.0,0.0,0.0,834213.1642125229
2017-02-06,0.0,0.0,0,0.0,748137.4975764474,0.0,0.0,0.0,748137.4975764474
2017-02-07,0.0,0.0,0,0.0,558197.6192077494,0.0,0.0,0.0,558197.6192077494
2017-02-08,0.0,0.0,0,0.0,596019.3154664383,0.0,0.0,0.0,596019.3154664383
2017-02-09,0.0,0.0,0,0.0,467819.0987252285,0.0,0.0,0.0,467819.0987252285
2017-02-10,0.0,0.0,0,0.0,426168.51070404466,0.0,0.0,0.0,426168.51070404466
2017-02-13,0.0,0.0,0,0.0,284653.8503836825,0.0,0.0,0.0,284653.8503836825
2017-02-14,0.0,0.0,0,0.0,200758.08633775866,0.0,0.0,0.0,200758.08633775866
2017-02-15,0.0,0.0,0,0.0,231708.058769409,0.0,0.0,0.0,231708.058769409
2017-02-16,0.0,0.0,0,0.0,449292.05250577466,0.0,0.0,0.0,449292.05250577466
2017-02-17,0.0,0.0,0,0.0,243752.399573711,0.0,0.0,0.0,243752.399573711
2017-02-20,0.0,0.0,0,0.0,163056.14870050704,0.0,0.0,0.0,163056.14870050704
2017-02-21,0.0,0.0,0,0.0,47699.32022968629,0.0,0.0,0.0,47699.32022968629
2017-02-22,0.0,0.0,0,0.0,63036.44676260992,0.0,0.0,0.0,63036.44676260992
2017-02-23,0.0,0.0,0,0.0,83673.65071129714,0.0,0.0,0.0,83673.65071129714
2017-02-24,0.0,0.0,0,0.0,30137.629831403647,0.0,0.0,0.0,30137.629831403647
2017-02-27,0.0,0.0,0,0.0,4893.451645669226,0.0,0.0,0.0,4893.451645669226
2017-02-28,0.0,0.0,0,0.0,16.3047083781173,0.0,0.0,0.0,16.3047083781173
2017-03-01,0.0,0.0,0,0.0,0.0,560248.0837969094,0.0,0.0,560248.0837969094
2017-03-02,0.0,0.0,0,0.0,0.0,639150.249597447,0.0,0.0,639150.249597447
2017-03-03,0.0,0.0,0,0.0,0.0,601990.832201722,0.0,0.0,601990.832201722
2017-03-06,0.0,0.0,0,0.0,0.0,595043.4941079367,0.0,0.0,595043.4941079367
2017-03-07,0.0,0.0,0,0.0,0.0,611274.3191009964,0.0,0.0,611274.3191009964
2017-03-08,0.0,0.0,0,0.0,0.0,662606.666335194,0.0,0.0,662606.666335194
2017-03-09,0.0,0.0,0,0.0,0.0,727874.8404796608,0.0,0.0,727874.8404796608
2017-03-10,0.0,0.0,0,0.0,0.0,719316.1406649057,0.0,0.0,719316.1406649057
2017-03-13,0.0,0.0,0,0.0,0.0,758562.0337987122,0.0,0.0,758562.0337987122
2017-03-14,0.0,0.0,0,0.0,0.0,742035.0134072949,0.0,0.0,742035.0134072949
2017-03-15,0.0,0.0,0,0.0,0.0,532464.8376111785,0.0,0.0,532464.8376111785
2017-03-16,0.0,0.0,0,0.0,0.0,518292.4631638402,0.0,0.0,518292.4631638402
2017-03-17,0.0,0.0,0,0.0,0.0,379794.64417835115,0.0,0.0,379794.64417835115
2017-03-20,0.0,0.0,0,0.0,0.0,316842.2905320597,0.0,0.0,316842.2905320597
2017-03-21,0.0,0.0,0,0.0,0.0,172830.76917061445,0.0,0.0,172830.76917061445
2017-03-22,0.0,0.0,0,0.0,0.0,115968.18578890547,0.0,0.0,115968.18578890547
2017-03-23,0.0,0.0,0,0.0,0.0,92996.05190045739,0.0,0.0,92996.05190045739
2017-03-24,0.0,0.0,0,0.0,0.0,108910.09284904841,0.0,0.0,108910.09284904841
2017-03-27,0.0,0.0,0,0.0,0.0,8218.722169938988,0.0,0.0,8218.722169938988
2017-03-28,0.0,0.0,0,0.0,0.0,9186.583821477852,0.0,0.0,9186.583821477852
2017-03-29,0.0,0.0,0,0.0,0.0,546.0299752572347,0.0,0.0,546.0299752572347
2017-03-30,0.0,0.0,0,0.0,0.0,2540.3809850175403,0.0,0.0,2540.3809850175403
2017-03-31,0.0,0.0,0,0.0,0.0,0.0,0.0,0.0,0.0
2017-04-03,0.0,0.0,0,0.0,707240.9389339283,0.0,0.0,0.0,707240.9389339283
2017-04-04,0.0,0.0,0,0.0,720060.0289696547,0.0,0.0,0.0,720060.0289696547
2017-04-05,0.0,0.0,0,0.0,696740.3271899065,0.0,0.0,0.0,696740.3271899065
2017-04-06,0.0,0.0,0,0.0,656033.9777699882,0.0,0.0,0.0,656033.9777699882
2017-04-07,0.0,0.0,0,0.0,558698.9673388521,0.0,0.0,0.0,558698.9673388521
2017-04-10,0.0,0.0,0,0.0,557644.4580542018,0.0,0.0,0.0,557644.4580542018
2017-04-11,0.0,0.0,0,0.0,574317.0987859828,0.0,0.0,0.0,574317.0987859828
2017-04-12,0.0,0.0,0,0.0,704202.5355525966,0.0,0.0,0.0,704202.5355525966
2017-04-13,0.0,0.0,0,0.0,585115.1771276025,0.0,0.0,0.0,585115.1771276025
2017-04-14,0.0,0.0,0,0.0,593343.9558144759,0.0,0.0,0.0,593343.9558144759
2017-04-17,0.0,0.0,0,0.0,662869.8878303777,0.0,0.0,0.0,662869.8878303777
2017-04-18,0.0,0.0,0,0.0,811458.4247393266,0.0,0.0,0.0,811458.4247393266
2017-04-19,0.0,0.0,0,0.0,784712.6032585271,0.0,0.0,0.0,784712.6032585271
2017-04-20,0.0,0.0,0,0.0,789987.2127036736,0.0,0.0,0.0,789987.2127036736
2017-04-21,0.0,0.0,0,0.0,807288.5222420789,0.0,0.0,0.0,807288.5222420789
2017-04-24,0.0,0.0,0,0.0,1308001.6970270935,0.0,0.0,0.0,1308001.6970270935
2017-04-25,0.0,0.0,0,0.0,1364845.7865213691,0.0,0.0,0.0,1364845.7865213691
2017-04-26,0.0,0.0,0,0.0,1362793.346331249,0.0,0.0,0.0,1362793.346331249
2017-04-27,0.0,0.0,0,0.0,1371322.0143290402,0.0,0.0,0.0,1371322.0143290402
2017-04-28,0.0,0.0,0,0.0,1385602.7558000379,0.0,0.0,0.0,1385602.7558000379
2017-05-01,0.0,0.0,0,0.0,0.0,0.0,0.0,787649.5519211174,787649.5519211174
2017-05-02,0.0,0.0,0,0.0,0.0,0.0,0.0,845202.8148525438,845202.8148525438
2017-05-03,0.0,0.0,0,0.0,0.0,0.0,0.0,894324.3716687468,894324.3716687468
2017-05-04,0.0,0.0,0,0.0,0.0,0.0,0.0,938063.8525506655,938063.8525506655
2017-05-05,0.0,0.0,0,0.0,0.0,0.0,0.0,738511.4058835488,738511.4058835488
2017-05-08,0.0,0.0,0,0.0,0.0,0.0,0.0,840237.4089083488,840237.4089083488
2017-05-09,0.0,0.0,0,0.0,0.0,0.0,0.0,910050.6168402457,910050.6168402457
2017-05-10,0.0,0.0,0,0.0,0.0,0.0,0.0,758954.0456347347,758954.0456347347
2017-05-11,0.0,0.0,0,0.0,0.0,0.0,0.0,865190.2463344831,865190.2463344831
2017-05-12,0.0,0.0,0,0.0,0.0,0.0,0.0,911670.6495024146,911670.6495024146
2017-05-15,0.0,0.0,0,0.0,0.0,0.0,0.0,709165.8248866887,709165.8248866887
2017-05-16,0.0,0.0,0,0.0,0.0,0.0,0.0,630987.0576127567,630987.0576127567
2017-05-17,0.0,0.0,0,0.0,0.0,0.0,0.0,620178.6859154232,620178.6859154232
2017-05-18,0.0,0.0,0,0.0,0.0,0.0,0.0,634181.0962362284,634181.0962362284
2017-05-19,0.0,0.0,0,0.0,0.0,0.0,0.0,397487.60767723864,397487.60767723864
2017-05-22,0.0,0.0,0,0.0,0.0,0.0,0.0,355423.24211836257,355423.24211836257
2017-05-23,0.0,0.0,0,0.0,0.0,0.0,0.0,365332.42553408555,365332.42553408555
2017-05-24,0.0,0.0,0,0.0,0.0,0.0,0.0,112577.53752278828,112577.53752278828
2017-05-25,0.0,0.0,0,0.0,0.0,0.0,0.0,182790.4107577525,182790.4107577525
2017-05-26,0.0,0.0,0,0.0,0.0,0.0,0.0,87074.15754452368,87074.15754452368
2017-05-29,0.0,0.0,0,0.0,0.0,0.0,0.0,15895.109411917327,15895.109411917327
2017-05-30,0.0,0.0,0,0.0,0.0,0.0,0.0,4243.343389806591,4243.343389806591
2017-05-31,0.0,0.0,0,0.0,0.0,0.0,0.0,2234.8080618694194,2234.8080618694194
2017-06-01,0.0,0.0,0,0.0,871183.7647270358,0.0,0.0,0.0,871183.7647270358
2017-06-02,0.0,0.0,0,0.0,1062383.4702900574,0.0,0.0,0.0,1062383.4702900574
2017-06-05,0.0,0.0,0,0.0,1000621.582839225,0.0,0.0,0.0,1000621.582839225
2017-06-06,0.0,0.0,0,0.0,1071484.2384578583,0.0,0.0,0.0,1071484.2384578583
2017-06-07,0.0,0.0,0,0.0,1008449.1490541663,0.0,0.0,0.0,1008449.1490541663
2017-06-08,0.0,0.0,0,0.0,882963.3789444919,0.0,0.0,0.0,882963.3789444919
2017-06-09,0.0,0.0,0,0.0,821846.0226003339,0.0,0.0,0.0,821846.0226003339
2017-06-12,0.0,0.0,0,0.0,853630.9290898922,0.0,0.0,0.0,853630.9290898922
2017-06-13,0.0,0.0,0,0.0,890064.6742446212,0.0,0.0,0.0,890064.6742446212
2017-06-14,0.0,0.0,0,0.0,926515.8097529829,0.0,0.0,0.0,926515.8097529829
2017-06-15,0.0,0.0,0,0.0,590467.4732779411,0.0,0.0,0.0,590467.4732779411
2017-06-16,0.0,0.0,0,0.0,833136.0595914879,0.0,0.0,0.0,833136.0595914879
2017-06-19,0.0,0.0,0,0.0,544787.75570662,0.0,0.0,0.0,544787.75570662
2017-06-20,0.0,0.0,0,0.0,456437.8652876228,0.0,0.0,0.0,456437.8652876228
2017-06-21,0.0,0.0,0,0.0,627621.6853136095,0.0,0.0,0.0,627621.6853136095
2017-06-22,0.0,0.0,0,0.0,516053.1001397756,0.0,0.0,0.0,516053.1001397756
2017-06-23,0.0,0.0,0,0.0,805674.210116663,0.0,0.0,0.0,805674.210116663
2017-06-26,0.0,0.0,0,0.0,664541.4145366215,0.0,0.0,0.0,664541.4145366215
2017-06-27,0.0,0.0,0,0.0,1686482.8727103593,0.0,0.0,0.0,1686482.8727103593
2017-06-28,0.0,0.0,0,0.0,1720808.4837941206,0.0,0.0,0.0,1720808.4837941206
2017-06-29,0.0,0.0,0,0.0,1738114.1969349836,0.0,0.0,0.0,1738114.1969349836
2017-06-30,0.0,0.0,0,0.0,0.0,0.0,0.0,0.0,0.0
2017-07-03,0.0,0.0,0,0.0,912788.48858223,0.0,0.0,0.0,912788.48858223
2017-07-04,0.0,0.0,0,0.0,858428.6277053616,0.0,0.0,0.0,858428.6277053616
2017-07-05,0.0,0.0,0,0.0,876187.1737415044,0.0,0.0,0.0,876187.1737415044
2017-07-06,0.0,0.0,0,0.0,1109476.928855054,0.0,0.0,0.0,1109476.928855054
2017-07-07,0.0,0.0,0,0.0,1043734.4985964003,0.0,0.0,0.0,1043734.4985964003
2017-07-10,0.0,0.0,0,0.0,1071978.686842991,0.0,0.0,0.0,1071978.686842991
2017-07-11,0.0,0.0,0,0.0,1303912.8171217346,0.0,0.0,0.0,1303912.8171217346
2017-07-12,0.0,0.0,0,0.0,1122238.280121135,0.0,0.0,0.0,1122238.280121135
2017-07-13,0.0,0.0,0,0.0,1057628.984945054,0.0,0.0,0.0,1057628.984945054
2017-07-14,0.0,0.0,0,0.0,1319310.3902797273,0.0,0.0,0.0,1319310.3902797273
2017-07-17,0.0,0.0,0,0.0,1380584.9824430957,0.0,0.0,0.0,1380584.9824430957
2017-07-18,0.0,0.0,0,0.0,1541821.564560546,0.0,0.0,0.0,1541821.564560546
2017-07-19,0.0,0.0,0,0.0,1462306.8431794506,0.0,0.0,0.0,1462306.8431794506
2017-07-20,0.0,0.0,0,0.0,1704635.314361764,0.0,0.0,0.0,1704635.314361764
2017-07-21,0.0,0.0,0,0.0,1764833.4876673308,0.0,0.0,0.0,1764833.4876673308
2017-07-24,0.0,0.0,0,0.0,1790373.0155992361,0.0,0.0,0.0,1790373.0155992361
2017-07-25,0.0,0.0,0,0.0,1798235.4727854107,0.0,0.0,0.0,1798235.4727854107
2017-07-26,0.0,0.0,0,0.0,1830645.7719926536,0.0,0.0,0.0,1830645.7719926536
2017-07-27,0.0,0.0,0,0.0,1826767.849711662,0.0,0.0,0.0,1826767.849711662
2017-07-28,0.0,0.0,0,0.0,1845715.6546192388,0.0,0.0,0.0,1845715.6546192388
2017-07-31,0.0,0.0,0,0.0,1876522.3791668818,0.0,0.0,0.0,1876522.3791668818
2017-08-01,0.0,0.0,0,0.0,828869.5672238107,0.0,0.0,0.0,828869.5672238107
2017-08-02,0.0,0.0,0,0.0,951386.3601490933,0.0,0.0,0.0,951386.3601490933
2017-08-03,0.0,0.0,0,0.0,982622.5186976176,0.0,0.0,0.0,982622.5186976176
2017-08-04,0.0,0.0,0,0.0,759160.2295461397,0.0,0.0,0.0,759160.2295461397
2017-08-07,0.0,0.0,0,0.0,820762.8549446365,0.0,0.0,0.0,820762.8549446365
2017-08-08,0.0,0.0,0,0.0,707134.4695657576,0.0,0.0,0.0,707134.4695657576
2017-08-09,0.0,0.0,0,0.0,727555.804684532,0.0,0.0,0.0,727555.804684532
2017-08-10,0.0,0.0,0,0.0,761394.8520809107,0.0,0.0,0.0,761394.8520809107
2017-08-11,0.0,0.0,0,0.0,895126.6899031068,0.0,0.0,0.0,895126.6899031068
2017-08-14,0.0,0.0,0,0.0,786183.0718191925,0.0,0.0,0.0,786183.0718191925
2017-08-15,0.0,0.0,0,0.0,642188.4620511475,0.0,0.0,0.0,642188.4620511475
2017-08-16,0.0,0.0,0,0.0,739300.811385111,0.0,0.0,0.0,739300.811385111
2017-08-17,0.0,0.0,0,0.0,587590.8020827346,0.0,0.0,0.0,587590.8020827346
2017-08-18,0.0,0.0,0,0.0,712373.860768223,0.0,0.0,0.0,712373.860768223
2017-08-21,0.0,0.0,0,0.0,915907.2843890105,0.0,0.0,0.0,915907.2843890105
2017-08-22,0.0,0.0,0,0.0,706004.4877220236,0.0,0.0,0.0,706004.4877220236
2017-08-23,0.0,0.0,0,0.0,893792.9929610968,0.0,0.0,0.0,893792.9929610968
2017-08-24,0.0,0.0,0,0.0,865512.4515474888,0.0,0.0,0.0,865512.4515474888
2017-08-25,0.0,0.0,0,0.0,1396429.7948590314,0.0,0.0,0.0,1396429.7948590314
2017-08-28,0.0,0.0,0,0.0,1621219.258462529,0.0,0.0,0.0,1621219.258462529
2017-08-29,0.0,0.0,0,0.0,1624768.5060789133,0.0,0.0,0.0,1624768.5060789133
2017-08-30,0.0,0.0,0,0.0,1514777.5037055481,0.0,0.0,0.0,1514777.5037055481
2017-08-31,0.0,0.0,0,0.0,1614725.425078544,0.0,0.0,0.0,1614725.425078544
2017-09-01,0.0,0.0,0,0.0,837142.8905155213,0.0,0.0,0.0,837142.8905155213
2017-09-04,0.0,0.0,0,0.0,925251.1241953261,0.0,0.0,0.0,925251.1241953261
2017-09-05,0.0,0.0,0,0.0,966986.1360444074,0.0,0.0,0.0,966986.1360444074
2017-09-06,0.0,0.0,0,0.0,969976.4281777364,0.0,0.0,0.0,969976.4281777364
2017-09-07,0.0,0.0,0,0.0,1223217.8847103459,0.0,0.0,0.0,1223217.8847103459
2017-09-08,0.0,0.0,0,0.0,1259125.3042039375,0.0,0.0,0.0,1259125.3042039375
2017-09-11,0.0,0.0,0,0.0,1137914.2786096917,0.0,0.0,0.0,1137914.2786096917
2017-09-12,0.0,0.0,0,0.0,1188061.1679138618,0.0,0.0,0.0,1188061.1679138618
2017-09-13,0.0,0.0,0,0.0,941595.4678143723,0.0,0.0,0.0,941595.4678143723
2017-09-14,0.0,0.0,0,0.0,1031105.6992960739,0.0,0.0,0.0,1031105.6992960739
2017-09-15,0.0,0.0,0,0.0,1123148.9191452046,0.0,0.0,0.0,1123148.9191452046
2017-09-18,0.0,0.0,0,0.0,1184158.17924363,0.0,0.0,0.0,1184158.17924363
2017-09-19,0.0,0.0,0,0.0,1301887.0996373408,0.0,0.0,0.0,1301887.0996373408
2017-09-20,0.0,0.0,0,0.0,1013510.7204305914,0.0,0.0,0.0,1013510.7204305914
2017-09-21,0.0,0.0,0,0.0,1233858.6691642508,0.0,0.0,0.0,1233858.6691642508
2017-09-22,0.0,0.0,0,0.0,1286692.332715773,0.0,0.0,0.0,1286692.332715773
2017-09-25,0.0,0.0,0,0.0,856021.7022615909,0.0,0.0,0.0,856021.7022615909
2017-09-26,0.0,0.0,0,0.0,472481.89971374837,0.0,0.0,0.0,472481.89971374837
2017-09-27,0.0,0.0,0,0.0,130556.95639715083,0.0,0.0,0.0,130556.95639715083
2017-09-28,0.0,0.0,0,0.0,183912.05436083925,0.0,0.0,0.0,183912.05436083925
2017-09-29,0.0,0.0,0,0.0,0.0,0.0,0.0,0.0,0.0
2017-10-02,0.0,0.0,0,0.0,832067.6568564395,0.0,0.0,0.0,832067.6568564395
2017-10-03,0.0,0.0,0,0.0,861956.690582131,0.0,0.0,0.0,861956.690582131
2017-10-04,0.0,0.0,0,0.0,900462.7801247877,0.0,0.0,0.0,900462.7801247877
2017-10-05,0.0,0.0,0,0.0,777097.5647537507,0.0,0.0,0.0,777097.5647537507
2017-10-06,0.0,0.0,0,0.0,831868.3038813167,0.0,0.0,0.0,831868.3038813167
2017-10-09,0.0,0.0,0,0.0,873263.9518717164,0.0,0.0,0.0,873263.9518717164
2017-10-10,0.0,0.0,0,0.0,1065238.6555887102,0.0,0.0,0.0,1065238.6555887102
2017-10-11,0.0,0.0,0,0.0,1202925.3521520176,0.0,0.0,0.0,1202925.3521520176
2017-10-12,0.0,0.0,0,0.0,1147572.1704843936,0.0,0.0,0.0,1147572.1704843936
2017-10-13,0.0,0.0,0,0.0,1145994.7169680563,0.0,0.0,0.0,1145994.7169680563
2017-10-16,0.0,0.0,0,0.0,1114966.3236350785,0.0,0.0,0.0,1114966.3236350785
2017-10-17,0.0,0.0,0,0.0,1010418.8104809048,0.0,0.0,0.0,1010418.8104809048
2017-10-18,0.0,0.0,0,0.0,1108916.611076317,0.0,0.0,0.0,1108916.611076317
2017-10-19,0.0,0.0,0,0.0,1245567.8530907186,0.0,0.0,0.0,1245567.8530907186
2017-10-20,0.0,0.0,0,0.0,1027495.9561989139,0.0,0.0,0.0,1027495.9561989139
2017-10-23,0.0,0.0,0,0.0,928489.5445828532,0.0,0.0,0.0,928489.5445828532
2017-10-24,0.0,0.0,0,0.0,996473.6425429728,0.0,0.0,0.0,996473.6425429728
2017-10-25,0.0,0.0,0,0.0,1226760.2738205923,0.0,0.0,0.0,1226760.2738205923
2017-10-26,0.0,0.0,0,0.0,449493.75253435515,0.0,0.0,0.0,449493.75253435515
2017-10-27,0.0,0.0,0,0.0,244771.45651635347,0.0,0.0,0.0,244771.45651635347
2017-10-30,0.0,0.0,0,0.0,222182.83883110012,0.0,0.0,0.0,222182.83883110012
2017-10-31,0.0,0.0,0,0.0,57282.839350315146,0.0,0.0,0.0,57282.839350315146
2017-11-01,0.0,0.0,0,0.0,0.0,809641.7488209128,0.0,0.0,809641.7488209128
2017-11-02,0.0,0.0,0,0.0,0.0,791771.2985308438,0.0,0.0,791771.2985308438
2017-11-03,0.0,0.0,0,0.0,0.0,793980.4866718764,0.0,0.0,793980.4866718764
2017-11-06,0.0,0.0,0,0.0,0.0,703774.0161355832,0.0,0.0,703774.0161355832
2017-11-07,0.0,0.0,0,0.0,0.0,789269.5982350848,0.0,0.0,789269.5982350848
2017-11-08,0.0,0.0,0,0.0,0.0,750733.994777704,0.0,0.0,750733.994777704
2017-11-09,0.0,0.0,0,0.0,0.0,644379.620327924,0.0,0.0,644379.620327924
2017-11-10,0.0,0.0,0,0.0,0.0,657978.6215499768,0.0,0.0,657978.6215499768
2017-11-13,0.0,0.0,0,0.0,0.0,683916.3518335074,0.0,0.0,683916.3518335074
2017-11-14,0.0,0.0,0,0.0,0.0,633296.5009702817,0.0,0.0,633296.5009702817
2017-11-15,0.0,0.0,0,0.0,0.0,459060.1400482497,0.0,0.0,459060.1400482497
2017-11-16,0.0,0.0,0,0.0,0.0,475839.8506757753,0.0,0.0,475839.8506757753
2017-11-17,0.0,0.0,0,0.0,0.0,217846.27663410525,0.0,0.0,217846.27663410525
2017-11-20,0.0,0.0,0,0.0,0.0,268908.142657185,0.0,0.0,268908.142657185
2017-11-21,0.0,0.0,0,0.0,0.0,193850.40490465215,0.0,0.0,193850.40490465215
2017-11-22,0.0,0.0,0,0.0,0.0,27871.46505193883,0.0,0.0,27871.46505193883
2017-11-23,0.0,0.0,0,0.0,0.0,22188.354939894863,0.0,0.0,22188.354939894863
2017-11-24,0.0,0.0,0,0.0,0.0,26094.464248593795,0.0,0.0,26094.464248593795
2017-11-27,0.0,0.0,0,0.0,0.0,831.2890091262906,0.0,0.0,831.2890091262906
2017-11-28,0.0,0.0,0,0.0,0.0,659.894097051997,0.0,0.0,659.894097051997
2017-11-29,0.0,0.0,0,0.0,0.0,1766.8278590700816,0.0,0.0,1766.8278590700816
2017-11-30,0.0,0.0,0,0.0,0.0,3472.1802200983643,0.0,0.0,3472.1802200983643
2017-12-01,0.0,0.0,0,0.0,0.0,0.0,632752.8733446132,0.0,632752.8733446132
2017-12-04,0.0,0.0,0,0.0,0.0,0.0,617019.823409363,0.0,617019.823409363
2017-12-05,0.0,0.0,0,0.0,0.0,0.0,743150.4283543059,0.0,743150.4283543059
2017-12-06,0.0,0.0,0,0.0,0.0,0.0,825366.8973171402,0.0,825366.8973171402
2017-12-07,0.0,0.0,0,0.0,0.0,0.0,890970.8505807875,0.0,890970.8505807875
2017-12-08,0.0,0.0,0,0.0,0.0,0.0,875913.7142017495,0.0,875913.7142017495
2017-12-11,0.0,0.0,0,0.0,0.0,0.0,972226.649203037,0.0,972226.649203037
2017-12-12,0.0,0.0,0,0.0,0.0,0.0,1035803.9769536906,0.0,1035803.9769536906
2017-12-13,0.0,0.0,0,0.0,0.0,0.0,979411.5720519843,0.0,979411.5720519843
2017-12-14,0.0,0.0,0,0.0,0.0,0.0,1070255.618777967,0.0,1070255.618777967
2017-12-15,0.0,0.0,0,0.0,0.0,0.0,1077816.2706193747,0.0,1077816.2706193747
2017-12-18,0.0,0.0,0,0.0,0.0,0.0,1095764.3628678399,0.0,1095764.3628678399
2017-12-19,0.0,0.0,0,0.0,0.0,0.0,1152432.0759109247,0.0,1152432.0759109247
2017-12-20,0.0,0.0,0,0.0,0.0,0.0,1171036.5111850938,0.0,1171036.5111850938
2017-12-21,0.0,0.0,0,0.0,0.0,0.0,1215760.2269902157,0.0,1215760.2269902157
2017-12-22,0.0,0.0,0,0.0,0.0,0.0,1230296.9667721821,0.0,1230296.9667721821
2017-12-25,0.0,0.0,0,0.0,0.0,0.0,1243752.7751043364,0.0,1243752.7751043364
2017-12-26,0.0,0.0,0,0.0,0.0,0.0,1248489.193291773,0.0,1248489.193291773
2017-12-27,0.0,0.0,0,0.0,0.0,0.0,1251248.6246864344,0.0,1251248.6246864344
2017-12-28,0.0,0.0,0,0.0,0.0,0.0,1256893.9973408226,0.0,1256893.9973408226
2017-12-29,0.0,0.0,0,0.0,0.0,0.0,1261572.884114367,0.0,1261572.884114367
2018-01-01,0.0,0.0,0,0.0,964613.8869689868,0.0,0.0,0.0,964613.8869689868
2018-01-02,0.0,0.0,0,0.0,1109918.4372272952,0.0,0.0,0.0,1109918.4372272952
2018-01-03,0.0,0.0,0,0.0,976289.224846585,0.0,0.0,0.0,976289.224846585
2018-01-04,0.0,0.0,0,0.0,1164376.6075415036,0.0,0.0,0.0,1164376.6075415036
2018-01-05,0.0,0.0,0,0.0,1040639.5462628158,0.0,0.0,0.0,1040639.5462628158
2018-01-08,0.0,0.0,0,0.0,804235.6758978709,0.0,0.0,0.0,804235.6758978709
2018-01-09,0.0,0.0,0,0.0,676153.4572406629,0.0,0.0,0.0,676153.4572406629
2018-01-10,0.0,0.0,0,0.0,726503.1668230634,0.0,0.0,0.0,726503.1668230634
2018-01-11,0.0,0.0,0,0.0,1064956.2014743395,0.0,0.0,0.0,1064956.2014743395
2018-01-12,0.0,0.0,0,0.0,1579941.7986421785,0.0,0.0,0.0,1579941.7986421785
2018-01-15,0.0,0.0,0,0.0,1715558.2707302123,0.0,0.0,0.0,1715558.2707302123
2018-01-16,0.0,0.0,0,0.0,1767689.6684806827,0.0,0.0,0.0,1767689.6684806827
2018-01-17,0.0,0.0,0,0.0,1604253.8439782169,0.0,0.0,0.0,1604253.8439782169
2018-01-18,0.0,0.0,0,0.0,1669186.659269044,0.0,0.0,0.0,1669186.659269044
2018-01-19,0.0,0.0,0,0.0,1619232.8784356094,0.0,0.0,0.0,1619232.8784356094
2018-01-22,0.0,0.0,0,0.0,1807565.8193371058,0.0,0.0,0.0,1807565.8193371058
2018-01-23,0.0,0.0,0,0.0,1879519.9444351865,0.0,0.0,0.0,1879519.9444351865
2018-01-24,0.0,0.0,0,0.0,1943723.249138097,0.0,0.0,0.0,1943723.249138097
2018-01-25,0.0,0.0,0,0.0,1950579.8071303912,0.0,0.0,0.0,1950579.8071303912
2018-01-26,0.0,0.0,0,0.0,1975742.3009784287,0.0,0.0,0.0,1975742.3009784287
2018-01-29,0.0,0.0,0,0.0,1998233.9518185912,0.0,0.0,0.0,1998233.9518185912
2018-01-30,0.0,0.0,0,0.0,2009112.127063794,0.0,0.0,0.0,2009112.127063794
2018-01-31,0.0,0.0,0,0.0,2018936.4527624277,0.0,0.0,0.0,2018936.4527624277
2018-02-01,0.0,0.0,0,0.0,894887.3786756,0.0,0.0,0.0,894887.3786756
2018-02-02,0.0,0.0,0,0.0,778428.0498090474,0.0,0.0,0.0,778428.0498090474
2018-02-05,0.0,0.0,0,0.0,553664.843757696,0.0,0.0,0.0,553664.843757696
2018-02-06,0.0,0.0,0,0.0,583060.8066197147,0.0,0.0,0.0,583060.8066197147
2018-02-07,0.0,0.0,0,0.0,328889.685521309,0.0,0.0,0.0,328889.685521309
2018-02-08,0.0,0.0,0,0.0,330615.6946773524,0.0,0.0,0.0,330615.6946773524
2018-02-09,0.0,0.0,0,0.0,314663.66562691634,0.0,0.0,0.0,314663.66562691634
2018-02-12,0.0,0.0,0,0.0,316468.500905408,0.0,0.0,0.0,316468.500905408
2018-02-13,0.0,0.0,0,0.0,430938.3637112641,0.0,0.0,0.0,430938.3637112641
2018-02-14,0.0,0.0,0,0.0,731708.2696305406,0.0,0.0,0.0,731708.2696305406
2018-02-15,0.0,0.0,0,0.0,914046.226772955,0.0,0.0,0.0,914046.226772955
2018-02-16,0.0,0.0,0,0.0,577893.5610946408,0.0,0.0,0.0,577893.5610946408
2018-02-19,0.0,0.0,0,0.0,512753.9614138143,0.0,0.0,0.0,512753.9614138143
2018-02-20,0.0,0.0,0,0.0,273011.50516916113,0.0,0.0,0.0,273011.50516916113
2018-02-21,0.0,0.0,0,0.0,135329.89436399087,0.0,0.0,0.0,135329.89436399087
2018-02-22,0.0,0.0,0,0.0,197732.76626847283,0.0,0.0,0.0,197732.76626847283
2018-02-23,0.0,0.0,0,0.0,86949.90505994586,0.0,0.0,0.0,86949.90505994586
2018-02-26,0.0,0.0,0,0.0,56052.275574032996,0.0,0.0,0.0,56052.275574032996
2018-02-27,0.0,0.0,0,0.0,815.2674118867427,0.0,0.0,0.0,815.2674118867427
2018-02-28,0.0,0.0,0,0.0,0.12456945391948507,0.0,0.0,0.0,0.12456945391948507
2018-03-01,0.0,0.0,0,0.0,798947.7876139244,0.0,0.0,0.0,798947.7876139244
2018-03-02,0.0,0.0,0,0.0,903817.4036612714,0.0,0.0,0.0,903817.4036612714
2018-03-05,0.0,0.0,0,0.0,972125.1567448516,0.0,0.0,0.0,972125.1567448516
2018-03-06,0.0,0.0,0,0.0,1121787.7197828102,0.0,0.0,0.0,1121787.7197828102
2018-03-07,0.0,0.0,0,0.0,1141914.1322020122,0.0,0.0,0.0,1141914.1322020122
2018-03-08,0.0,0.0,0,0.0,939193.7311635208,0.0,0.0,0.0,939193.7311635208
2018-03-09,0.0,0.0,0,0.0,942234.3360477296,0.0,0.0,0.0,942234.3360477296
2018-03-12,0.0,0.0,0,0.0,1052495.5825413452,0.0,0.0,0.0,1052495.5825413452
2018-03-13,0.0,0.0,0,0.0,1218422.978921382,0.0,0.0,0.0,1218422.978921382
2018-03-14,0.0,0.0,0,0.0,1184367.4138689812,0.0,0.0,0.0,1184367.4138689812
2018-03-15,0.0,0.0,0,0.0,962663.8423526854,0.0,0.0,0.0,962663.8423526854
2018-03-16,0.0,0.0,0,0.0,902301.2523572403,0.0,0.0,0.0,902301.2523572403
2018-03-19,0.0,0.0,0,0.0,1072144.2011924626,0.0,0.0,0.0,1072144.2011924626
2018-03-20,0.0,0.0,0,0.0,729517.5644805381,0.0,0.0,0.0,729517.5644805381
2018-03-21,0.0,0.0,0,0.0,1167541.3889975334,0.0,0.0,0.0,1167541.3889975334
2018-03-22,0.0,0.0,0,0.0,1029554.2050090238,0.0,0.0,0.0,1029554.2050090238
2018-03-23,0.0,0.0,0,0.0,1285354.3777048339,0.0,0.0,0.0,1285354.3777048339
2018-03-26,0.0,0.0,0,0.0,1617956.3668095786,0.0,0.0,0.0,1617956.3668095786
2018-03-27,0.0,0.0,0,0.0,1609557.5914481715,0.0,0.0,0.0,1609557.5914481715
2018-03-28,0.0,0.0,0,0.0,1330929.211334026,0.0,0.0,0.0,1330929.211334026
2018-03-29,0.0,0.0,0,0.0,1411257.0340530332,0.0,0.0,0.0,1411257.0340530332
2018-03-30,0.0,0.0,0,0.0,0.0,0.0,0.0,0.0,0.0
2018-04-02,0.0,0.0,0,0.0,0.0,0.0,0.0,808510.251669312,808510.251669312
2018-04-03,0.0,0.0,0,0.0,0.0,0.0,0.0,599801.0826723784,599801.0826723784
2018-04-04,0.0,0.0,0,0.0,0.0,0.0,0.0,527515.904975192,527515.904975192
2018-04-05,0.0,0.0,0,0.0,0.0,0.0,0.0,479557.7358555795,479557.7358555795
2018-04-06,0.0,0.0,0,0.0,0.0,0.0,0.0,533204.76406394,533204.76406394
2018-04-09,0.0,0.0,0,0.0,0.0,0.0,0.0,341691.9245324338,341691.9245324338
2018-04-10,0.0,0.0,0,0.0,0.0,0.0,0.0,180143.36196816355,180143.36196816355
2018-04-11,0.0,0.0,0,0.0,0.0,0.0,0.0,135314.89127046173,135314.89127046173
2018-04-12,0.0,0.0,0,0.0,0.0,0.0,0.0,178809.2740333393,178809.2740333393
2018-04-13,0.0,0.0,0,0.0,0.0,0.0,0.0,194366.43206530728,194366.43206530728
2018-04-16,0.0,0.0,0,0.0,0.0,0.0,0.0,121016.46766102576,121016.46766102576
2018-04-17,0.0,0.0,0,0.0,0.0,0.0,0.0,90887.17400731375,90887.17400731375
2018-04-18,0.0,0.0,0,0.0,0.0,0.0,0.0,117753.1262292681,117753.1262292681
2018-04-19,0.0,0.0,0,0.0,0.0,0.0,0.0,163633.5995566297,163633.5995566297
2018-04-20,0.0,0.0,0,0.0,0.0,0.0,0.0,339029.8463787109,339029.8463787109
2018-04-23,0.0,0.0,0,0.0,0.0,0.0,0.0,684494.2660942365,684494.2660942365
2018-04-24,0.0,0.0,0,0.0,0.0,0.0,0.0,588972.476099329,588972.476099329
2018-04-25,0.0,0.0,0,0.0,0.0,0.0,0.0,642637.92124064,642637.92124064
2018-04-26,0.0,0.0,0,0.0,0.0,0.0,0.0,793002.4066734159,793002.4066734159
2018-04-27,0.0,0.0,0,0.0,0.0,0.0,0.0,506472.7861111179,506472.7861111179
2018-04-30,0.0,0.0,0,0.0,0.0,0.0,0.0,400507.3679181502,400507.3679181502
2018-05-01,0.0,503422.5576177168,0,0.0,0.0,0.0,0.0,0.0,503422.5576177168
2018-05-02,0.0,619820.304180083,0,0.0,0.0,0.0,0.0,0.0,619820.304180083
2018-05-03,0.0,567629.6086464126,0,0.0,0.0,0.0,0.0,0.0,567629.6086464126
2018-05-04,0.0,578440.9354124048,0,0.0,0.0,0.0,0.0,0.0,578440.9354124048
2018-05-07,0.0,651414.6307536341,0,0.0,0.0,0.0,0.0,0.0,651414.6307536341
2018-05-08,0.0,680141.834435764,0,0.0,0.0,0.0,0.0,0.0,680141.834435764
2018-05-09,0.0,756227.6882097397,0,0.0,0.0,0.0,0.0,0.0,756227.6882097397
2018-05-10,0.0,659140.9247368213,0,0.0,0.0,0.0,0.0,0.0,659140.9247368213
2018-05-11,0.0,789875.8479754998,0,0.0,0.0,0.0,0.0,0.0,789875.8479754998
2018-05-14,0.0,850036.7939617371,0,0.0,0.0,0.0,0.0,0.0,850036.7939617371
2018-05-15,0.0,890654.3561174171,0,0.0,0.0,0.0,0.0,0.0,890654.3561174171
2018-05-16,0.0,920638.6645533333,0,0.0,0.0,0.0,0.0,0.0,920638.6645533333
2018-05-17,0.0,946459.5467815741,0,0.0,0.0,0.0,0.0,0.0,946459.5467815741
2018-05-18,0.0,973986.5269374921,0,0.0,0.0,0.0,0.0,0.0,973986.5269374921
2018-05-21,0.0,978791.5301062999,0,0.0,0.0,0.0,0.0,0.0,978791.5301062999
2018-05-22,0.0,977455.2875788735,0,0.0,0.0,0.0,0.0,0.0,977455.2875788735
2018-05-23,0.0,962672.5608933953,0,0.0,0.0,0.0,0.0,0.0,962672.5608933953
2018-05-24,0.0,991823.9919429084,0,0.0,0.0,0.0,0.0,0.0,991823.9919429084
2018-05-25,0.0,1009610.7389926964,0,0.0,0.0,0.0,0.0,0.0,1009610.7389926964
2018-05-28,0.0,1038054.4454194194,0,0.0,0.0,0.0,0.0,0.0,1038054.4454194194
2018-05-29,0.0,1043438.0204256416,0,0.0,0.0,0.0,0.0,0.0,1043438.0204256416
2018-05-30,0.0,1048568.3063176029,0,0.0,0.0,0.0,0.0,0.0,1048568.3063176029
2018-05-31,0.0,1054101.240225796,0,0.0,0.0,0.0,0.0,0.0,1054101.240225796
2018-06-01,0.0,445273.3873145599,0,0.0,0.0,0.0,0.0,0.0,445273.3873145599
2018-06-04,0.0,405148.64763959893,0,0.0,0.0,0.0,0.0,0.0,405148.64763959893
2018-06-05,0.0,540263.2407398521,0,0.0,0.0,0.0,0.0,0.0,540263.2407398521
2018-06-06,0.0,626748.4023918848,0,0.0,0.0,0.0,0.0,0.0,626748.4023918848
2018-06-07,0.0,687418.07832685,0,0.0,0.0,0.0,0.0,0.0,687418.07832685
2018-06-08,0.0,342808.84290796565,0,0.0,0.0,0.0,0.0,0.0,342808.84290796565
2018-06-11,0.0,343940.3856519831,0,0.0,0.0,0.0,0.0,0.0,343940.3856519831
2018-06-12,0.0,352123.78912181576,0,0.0,0.0,0.0,0.0,0.0,352123.78912181576
2018-06-13,0.0,347263.71263823047,0,0.0,0.0,0.0,0.0,0.0,347263.71263823047
2018-06-14,0.0,546982.7800669224,0,0.0,0.0,0.0,0.0,0.0,546982.7800669224
2018-06-15,0.0,377989.986390166,0,0.0,0.0,0.0,0.0,0.0,377989.986390166
2018-06-18,0.0,417063.6279711233,0,0.0,0.0,0.0,0.0,0.0,417063.6279711233
2018-06-19,0.0,411592.7220191721,0,0.0,0.0,0.0,0.0,0.0,411592.7220191721
2018-06-20,0.0,492891.7110763364,0,0.0,0.0,0.0,0.0,0.0,492891.7110763364
2018-06-21,0.0,486797.0262717127,0,0.0,0.0,0.0,0.0,0.0,486797.0262717127
2018-06-22,0.0,551346.031856606,0,0.0,0.0,0.0,0.0,0.0,551346.031856606
2018-06-25,0.0,550719.8702798737,0,0.0,0.0,0.0,0.0,0.0,550719.8702798737
2018-06-26,0.0,745217.8847016618,0,0.0,0.0,0.0,0.0,0.0,745217.8847016618
2018-06-27,0.0,908328.3150661519,0,0.0,0.0,0.0,0.0,0.0,908328.3150661519
2018-06-28,0.0,923360.3708212117,0,0.0,0.0,0.0,0.0,0.0,923360.3708212117
2018-06-29,0.0,0.0,0,0.0,0.0,0.0,0.0,0.0,0.0
2018-07-02,964747.4504215507,0.0,0,0.0,0.0,0.0,0.0,0.0,964747.4504215507
2018-07-03,753610.8456781646,0.0,0,0.0,0.0,0.0,0.0,0.0,753610.8456781646
2018-07-04,689728.6041396325,0.0,0,0.0,0.0,0.0,0.0,0.0,689728.6041396325
2018-07-05,732954.3090483479,0.0,0,0.0,0.0,0.0,0.0,0.0,732954.3090483479
2018-07-06,754907.2522525898,0.0,0,0.0,0.0,0.0,0.0,0.0,754907.2522525898
2018-07-09,511914.86186975415,0.0,0,0.0,0.0,0.0,0.0,0.0,511914.86186975415
2018-07-10,653809.1277178117,0.0,0,0.0,0.0,0.0,0.0,0.0,653809.1277178117
2018-07-11,1090037.5468832483,0.0,0,0.0,0.0,0.0,0.0,0.0,1090037.5468832483
2018-07-12,907887.4873234045,0.0,0,0.0,0.0,0.0,0.0,0.0,907887.4873234045
2018-07-13,1114762.6014268298,0.0,0,0.0,0.0,0.0,0.0,0.0,1114762.6014268298
2018-07-16,1035995.2995654668,0.0,0,0.0,0.0,0.0,0.0,0.0,1035995.2995654668
2018-07-17,1244513.9908509615,0.0,0,0.0,0.0,0.0,0.0,0.0,1244513.9908509615
2018-07-18,1443173.8332239385,0.0,0,0.0,0.0,0.0,0.0,0.0,1443173.8332239385
2018-07-19,1683100.9026123714,0.0,0,0.0,0.0,0.0,0.0,0.0,1683100.9026123714
2018-07-20,1710824.402153526,0.0,0,0.0,0.0,0.0,0.0,0.0,1710824.402153526
2018-07-23,1818646.2277040055,0.0,0,0.0,0.0,0.0,0.0,0.0,1818646.2277040055
2018-07-24,1828408.138050584,0.0,0,0.0,0.0,0.0,0.0,0.0,1828408.138050584
2018-07-25,1811103.4467796208,0.0,0,0.0,0.0,0.0,0.0,0.0,1811103.4467796208
2018-07-26,1784048.7814268675,0.0,0,0.0,0.0,0.0,0.0,0.0,1784048.7814268675
2018-07-27,1960840.0957019874,0.0,0,0.0,0.0,0.0,0.0,0.0,1960840.0957019874
2018-07-30,2024961.7290957882,0.0,0,0.0,0.0,0.0,0.0,0.0,2024961.7290957882
2018-07-31,2036425.410970079,0.0,0,0.0,0.0,0.0,0.0,0.0,2036425.410970079
2018-08-01,904587.837552859,0.0,0,0.0,0.0,0.0,0.0,0.0,904587.837552859
2018-08-02,1070813.5101602578,0.0,0,0.0,0.0,0.0,0.0,0.0,1070813.5101602578
2018-08-03,911896.008526263,0.0,0,0.0,0.0,0.0,0.0,0.0,911896.008526263
2018-08-06,1093025.1306631567,0.0,0,0.0,0.0,0.0,0.0,0.0,1093025.1306631567
2018-08-07,971736.5603979691,0.0,0,0.0,0.0,0.0,0.0,0.0,971736.5603979691
2018-08-08,1007781.4906591895,0.0,0,0.0,0.0,0.0,0.0,0.0,1007781.4906591895
2018-08-09,882099.4392500753,0.0,0,0.0,0.0,0.0,0.0,0.0,882099.4392500753
2018-08-10,1083525.0277314098,0.0,0,0.0,0.0,0.0,0.0,0.0,1083525.0277314098
2018-08-13,1373007.6003194994,0.0,0,0.0,0.0,0.0,0.0,0.0,1373007.6003194994
2018-08-14,1354968.8430614176,0.0,0,0.0,0.0,0.0,0.0,0.0,1354968.8430614176
2018-08-15,1577638.965964052,0.0,0,0.0,0.0,0.0,0.0,0.0,1577638.965964052
2018-08-16,1379590.7039199653,0.0,0,0.0,0.0,0.0,0.0,0.0,1379590.7039199653
2018-08-17,1325885.2931201144,0.0,0,0.0,0.0,0.0,0.0,0.0,1325885.2931201144
2018-08-20,1218370.8377051768,0.0,0,0.0,0.0,0.0,0.0,0.0,1218370.8377051768
2018-08-21,1175556.3234101862,0.0,0,0.0,0.0,0.0,0.0,0.0,1175556.3234101862
2018-08-22,1091905.7183808088,0.0,0,0.0,0.0,0.0,0.0,0.0,1091905.7183808088
2018-08-23,1547994.7427827592,0.0,0,0.0,0.0,0.0,0.0,0.0,1547994.7427827592
2018-08-24,837087.1990147441,0.0,0,0.0,0.0,0.0,0.0,0.0,837087.1990147441
2018-08-27,975100.0136125345,0.0,0,0.0,0.0,0.0,0.0,0.0,975100.0136125345
2018-08-28,622260.307044771,0.0,0,0.0,0.0,0.0,0.0,0.0,622260.307044771
2018-08-29,1000125.3037959489,0.0,0,0.0,0.0,0.0,0.0,0.0,1000125.3037959489
2018-08-30,1810983.2407957998,0.0,0,0.0,0.0,0.0,0.0,0.0,1810983.2407957998
2018-08-31,0.0,0.0,0,0.0,0.0,0.0,0.0,0.0,0.0
2018-09-03,953769.3265890912,0.0,0,0.0,0.0,0.0,0.0,0.0,953769.3265890912
2018-09-04,1151883.170743049,0.0,0,0.0,0.0,0.0,0.0,0.0,1151883.170743049
2018-09-05,1071403.2268590524,0.0,0,0.0,0.0,0.0,0.0,0.0,1071403.2268590524
2018-09-06,1116855.9363122387,0.0,0,0.0,0.0,0.0,0.0,0.0,1116855.9363122387
2018-09-07,1155933.9182255145,0.0,0,0.0,0.0,0.0,0.0,0.0,1155933.9182255145
2018-09-10,1257711.728662188,0.0,0,0.0,0.0,0.0,0.0,0.0,1257711.728662188
2018-09-11,1433729.0759004203,0.0,0,0.0,0.0,0.0,0.0,0.0,1433729.0759004203
2018-09-12,1131071.406526909,0.0,0,0.0,0.0,0.0,0.0,0.0,1131071.406526909
2018-09-13,1170815.7329567587,0.0,0,0.0,0.0,0.0,0.0,0.0,1170815.7329567587
2018-09-14,1301386.51117416,0.0,0,0.0,0.0,0.0,0.0,0.0,1301386.51117416
2018-09-17,1383422.9428813965,0.0,0,0.0,0.0,0.0,0.0,0.0,1383422.9428813965
2018-09-18,1453034.487621826,0.0,0,0.0,0.0,0.0,0.0,0.0,1453034.487621826
2018-09-19,1263816.0249098102,0.0,0,0.0,0.0,0.0,0.0,0.0,1263816.0249098102
2018-09-20,1267214.0689283882,0.0,0,0.0,0.0,0.0,0.0,0.0,1267214.0689283882
2018-09-21,1351145.9646464593,0.0,0,0.0,0.0,0.0,0.0,0.0,1351145.9646464593
2018-09-24,1547713.952917033,0.0,0,0.0,0.0,0.0,0.0,0.0,1547713.952917033
2018-09-25,1615242.1089082884,0.0,0,0.0,0.0,0.0,0.0,0.0,1615242.1089082884
2018-09-26,1834267.6634865562,0.0,0,0.0,0.0,0.0,0.0,0.0,1834267.6634865562
2018-09-27,1946609.761458681,0.0,0,0.0,0.0,0.0,0.0,0.0,1946609.761458681
2018-09-28,1922149.5012957803,0.0,0,0.0,0.0,0.0,0.0,0.0,1922149.5012957803
2018-10-01,1350992.3075729366,0.0,0,0.0,0.0,0.0,0.0,0.0,1350992.3075729366
2018-10-02,1360293.2897914394,0.0,0,0.0,0.0,0.0,0.0,0.0,1360293.2897914394
2018-10-03,1332496.5098286297,0.0,0,0.0,0.0,0.0,0.0,0.0,1332496.5098286297
2018-10-04,1373322.6568811038,0.0,0,0.0,0.0,0.0,0.0,0.0,1373322.6568811038
2018-10-05,1366096.3247121447,0.0,0,0.0,0.0,0.0,0.0,0.0,1366096.3247121447
2018-10-08,2102052.8245007787,0.0,0,0.0,0.0,0.0,0.0,0.0,2102052.8245007787
2018-10-09,1922078.5150899345,0.0,0,0.0,0.0,0.0,0.0,0.0,1922078.5150899345
2018-10-10,1893360.3872064005,0.0,0,0.0,0.0,0.0,0.0,0.0,1893360.3872064005
2018-10-11,1538305.1084933933,0.0,0,0.0,0.0,0.0,0.0,0.0,1538305.1084933933
2018-10-12,1789416.4844452478,0.0,0,0.0,0.0,0.0,0.0,0.0,1789416.4844452478
2018-10-15,1835291.3281218223,0.0,0,0.0,0.0,0.0,0.0,0.0,1835291.3281218223
2018-10-16,1810010.3551414064,0.0,0,0.0,0.0,0.0,0.0,0.0,1810010.3551414064
2018-10-17,1901528.1049368882,0.0,0,0.0,0.0,0.0,0.0,0.0,1901528.1049368882
2018-10-18,2231996.687313325,0.0,0,0.0,0.0,0.0,0.0,0.0,2231996.687313325
2018-10-19,2134849.5070861964,0.0,0,0.0,0.0,0.0,0.0,0.0,2134849.5070861964
2018-10-22,2488118.2999104164,0.0,0,0.0,0.0,0.0,0.0,0.0,2488118.2999104164
2018-10-23,2559377.1507898876,0.0,0,0.0,0.0,0.0,0.0,0.0,2559377.1507898876
2018-10-24,2610746.6227217983,0.0,0,0.0,0.0,0.0,0.0,0.0,2610746.6227217983
2018-10-25,2636650.9898741385,0.0,0,0.0,0.0,0.0,0.0,0.0,2636650.9898741385
2018-10-26,2668326.913626859,0.0,0,0.0,0.0,0.0,0.0,0.0,2668326.913626859
2018-10-29,2871614.0566042983,0.0,0,0.0,0.0,0.0,0.0,0.0,2871614.0566042983
2018-10-30,2874486.961457751,0.0,0,0.0,0.0,0.0,0.0,0.0,2874486.961457751
2018-10-31,2909429.311483179,0.0,0,0.0,0.0,0.0,0.0,0.0,2909429.311483179
2018-11-01,0.0,0.0,0,0.0,0.0,897847.6856746109,0.0,0.0,897847.6856746109
2018-11-02,0.0,0.0,0,0.0,0.0,1042208.9411915864,0.0,0.0,1042208.9411915864
2018-11-05,0.0,0.0,0,0.0,0.0,1059937.4949426344,0.0,0.0,1059937.4949426344
2018-11-06,0.0,0.0,0,0.0,0.0,1125069.1026724628,0.0,0.0,1125069.1026724628
2018-11-07,0.0,0.0,0,0.0,0.0,1191699.0556301326,0.0,0.0,1191699.0556301326
2018-11-08,0.0,0.0,0,0.0,0.0,1356270.5756247265,0.0,0.0,1356270.5756247265
2018-11-09,0.0,0.0,0,0.0,0.0,1316820.1425439266,0.0,0.0,1316820.1425439266
2018-11-12,0.0,0.0,0,0.0,0.0,1356263.4664270715,0.0,0.0,1356263.4664270715
2018-11-13,0.0,0.0,0,0.0,0.0,1366555.413623,0.0,0.0,1366555.413623
2018-11-14,0.0,0.0,0,0.0,0.0,1318796.3791243902,0.0,0.0,1318796.3791243902
2018-11-15,0.0,0.0,0,0.0,0.0,1328824.1294006642,0.0,0.0,1328824.1294006642
2018-11-16,0.0,0.0,0,0.0,0.0,1058299.4685624202,0.0,0.0,1058299.4685624202
2018-11-19,0.0,0.0,0,0.0,0.0,959292.9958635259,0.0,0.0,959292.9958635259
2018-11-20,0.0,0.0,0,0.0,0.0,1093247.7920099532,0.0,0.0,1093247.7920099532
2018-11-21,0.0,0.0,0,0.0,0.0,1295302.7245725088,0.0,0.0,1295302.7245725088
2018-11-22,0.0,0.0,0,0.0,0.0,1259190.249743771,0.0,0.0,1259190.249743771
2018-11-23,0.0,0.0,0,0.0,0.0,1285247.7349082069,0.0,0.0,1285247.7349082069
2018-11-26,0.0,0.0,0,0.0,0.0,1725478.6528607607,0.0,0.0,1725478.6528607607
2018-11-27,0.0,0.0,0,0.0,0.0,1843969.6661099528,0.0,0.0,1843969.6661099528
2018-11-28,0.0,0.0,0,0.0,0.0,1876820.3693523242,0.0,0.0,1876820.3693523242
2018-11-29,0.0,0.0,0,0.0,0.0,1911764.2141499,0.0,0.0,1911764.2141499
2018-11-30,0.0,0.0,0,0.0,0.0,0.0,0.0,0.0,0.0
2018-12-03,1089535.3766118248,0.0,0,0.0,0.0,0.0,0.0,0.0,1089535.3766118248
2018-12-04,731028.145288119,0.0,0,0.0,0.0,0.0,0.0,0.0,731028.145288119
2018-12-05,916436.9433791963,0.0,0,0.0,0.0,0.0,0.0,0.0,916436.9433791963
2018-12-06,1131451.1132014825,0.0,0,0.0,0.0,0.0,0.0,0.0,1131451.1132014825
2018-12-07,1086380.6333890269,0.0,0,0.0,0.0,0.0,0.0,0.0,1086380.6333890269
2018-12-10,1415803.9983624958,0.0,0,0.0,0.0,0.0,0.0,0.0,1415803.9983624958
2018-12-11,1312692.990177287,0.0,0,0.0,0.0,0.0,0.0,0.0,1312692.990177287
2018-12-12,1133501.350743932,0.0,0,0.0,0.0,0.0,0.0,0.0,1133501.350743932
2018-12-13,1165426.0948561959,0.0,0,0.0,0.0,0.0,0.0,0.0,1165426.0948561959
2018-12-14,1437606.3365022491,0.0,0,0.0,0.0,0.0,0.0,0.0,1437606.3365022491
2018-12-17,1387408.6737418636,0.0,0,0.0,0.0,0.0,0.0,0.0,1387408.6737418636
2018-12-18,1365828.4886471794,0.0,0,0.0,0.0,0.0,0.0,0.0,1365828.4886471794
2018-12-19,1330989.062513729,0.0,0,0.0,0.0,0.0,0.0,0.0,1330989.062513729
2018-12-20,1360277.3203713305,0.0,0,0.0,0.0,0.0,0.0,0.0,1360277.3203713305
2018-12-21,1702895.7402802089,0.0,0,0.0,0.0,0.0,0.0,0.0,1702895.7402802089
2018-12-24,1670935.5098536208,0.0,0,0.0,0.0,0.0,0.0,0.0,1670935.5098536208
2018-12-25,1547627.5512570762,0.0,0,0.0,0.0,0.0,0.0,0.0,1547627.5512570762
2018-12-26,1494929.699444603,0.0,0,0.0,0.0,0.0,0.0,0.0,1494929.699444603
2018-12-27,758483.8181249984,0.0,0,0.0,0.0,0.0,0.0,0.0,758483.8181249984
2018-12-28,1495394.2424014208,0.0,0,0.0,0.0,0.0,0.0,0.0,1495394.2424014208
2018-12-31,1535432.7361052504,0.0,0,0.0,0.0,0.0,0.0,0.0,1535432.7361052504
2019-01-01,0.0,0.0,0,0.0,0.0,0.0,0.0,746479.9770554677,746479.9770554677
2019-01-02,0.0,0.0,0,0.0,0.0,0.0,0.0,659842.4813268868,659842.4813268868
2019-01-03,0.0,0.0,0,0.0,0.0,0.0,0.0,504142.0517346996,504142.0517346996
2019-01-04,0.0,0.0,0,0.0,0.0,0.0,0.0,307500.3814455551,307500.3814455551
2019-01-07,0.0,0.0,0,0.0,0.0,0.0,0.0,185139.05865069258,185139.05865069258
2019-01-08,0.0,0.0,0,0.0,0.0,0.0,0.0,156595.22484950235,156595.22484950235
2019-01-09,0.0,0.0,0,0.0,0.0,0.0,0.0,89711.31673090841,89711.31673090841
2019-01-10,0.0,0.0,0,0.0,0.0,0.0,0.0,95428.44526977105,95428.44526977105
2019-01-11,0.0,0.0,0,0.0,0.0,0.0,0.0,105171.76284874015,105171.76284874015
2019-01-14,0.0,0.0,0,0.0,0.0,0.0,0.0,97141.45609294926,97141.45609294926
2019-01-15,0.0,0.0,0,0.0,0.0,0.0,0.0,77204.24230655265,77204.24230655265
2019-01-16,0.0,0.0,0,0.0,0.0,0.0,0.0,61727.55563104226,61727.55563104226
2019-01-17,0.0,0.0,0,0.0,0.0,0.0,0.0,73282.25331196327,73282.25331196327
2019-01-18,0.0,0.0,0,0.0,0.0,0.0,0.0,40284.688339268934,40284.688339268934
2019-01-21,0.0,0.0,0,0.0,0.0,0.0,0.0,34894.57507253222,34894.57507253222
2019-01-22,0.0,0.0,0,0.0,0.0,0.0,0.0,84890.86923954995,84890.86923954995
2019-01-23,0.0,0.0,0,0.0,0.0,0.0,0.0,46553.18748565593,46553.18748565593
2019-01-24,0.0,0.0,0,0.0,0.0,0.0,0.0,58080.78475989171,58080.78475989171
2019-01-25,0.0,0.0,0,0.0,0.0,0.0,0.0,4240.059435081257,4240.059435081257
2019-01-28,0.0,0.0,0,0.0,0.0,0.0,0.0,1066.407120842178,1066.407120842178
2019-01-29,0.0,0.0,0,0.0,0.0,0.0,0.0,219.82528988365627,219.82528988365627
2019-01-30,0.0,0.0,0,0.0,0.0,0.0,0.0,0.00030710730798433003,0.00030710730798433003
2019-01-31,0.0,0.0,0,0.0,0.0,0.0,0.0,5.511733661026425e-15,5.511733661026425e-15
2019-02-01,0.0,0.0,0,0.0,1102671.71868685,0.0,0.0,0.0,1102671.71868685
2019-02-04,0.0,0.0,0,0.0,1028500.3813764314,0.0,0.0,0.0,1028500.3813764314
2019-02-05,0.0,0.0,0,0.0,868172.0190628644,0.0,0.0,0.0,868172.0190628644
2019-02-06,0.0,0.0,0,0.0,657893.5338080713,0.0,0.0,0.0,657893.5338080713
2019-02-07,0.0,0.0,0,0.0,566642.2231155902,0.0,0.0,0.0,566642.2231155902
2019-02-08,0.0,0.0,0,0.0,475134.1069101043,0.0,0.0,0.0,475134.1069101043
2019-02-11,0.0,0.0,0,0.0,262555.5527219954,0.0,0.0,0.0,262555.5527219954
2019-02-12,0.0,0.0,0,0.0,439455.7365223605,0.0,0.0,0.0,439455.7365223605
2019-02-13,0.0,0.0,0,0.0,182997.76742107156,0.0,0.0,0.0,182997.76742107156
2019-02-14,0.0,0.0,0,0.0,285356.85879769793,0.0,0.0,0.0,285356.85879769793
2019-02-15,0.0,0.0,0,0.0,276184.8618210386,0.0,0.0,0.0,276184.8618210386
2019-02-18,0.0,0.0,0,0.0,255263.35087574364,0.0,0.0,0.0,255263.35087574364
2019-02-19,0.0,0.0,0,0.0,371544.4625569665,0.0,0.0,0.0,371544.4625569665
2019-02-20,0.0,0.0,0,0.0,335532.88750323845,0.0,0.0,0.0,335532.88750323845
2019-02-21,0.0,0.0,0,0.0,263676.9392177496,0.0,0.0,0.0,263676.9392177496
2019-02-22,0.0,0.0,0,0.0,187748.86760091188,0.0,0.0,0.0,187748.86760091188
2019-02-25,0.0,0.0,0,0.0,126624.00610091309,0.0,0.0,0.0,126624.00610091309
2019-02-26,0.0,0.0,0,0.0,257146.49853990116,0.0,0.0,0.0,257146.49853990116
2019-02-27,0.0,0.0,0,0.0,70162.64893487534,0.0,0.0,0.0,70162.64893487534
2019-02-28,0.0,0.0,0,0.0,23159.928638995854,0.0,0.0,0.0,23159.928638995854
2019-03-01,0.0,0.0,0,0.0,1061934.066965791,0.0,0.0,0.0,1061934.066965791
2019-03-04,0.0,0.0,0,0.0,966867.8269426218,0.0,0.0,0.0,966867.8269426218
2019-03-05,0.0,0.0,0,0.0,821409.4024375168,0.0,0.0,0.0,821409.4024375168
2019-03-06,0.0,0.0,0,0.0,814776.236734229,0.0,0.0,0.0,814776.236734229
2019-03-07,0.0,0.0,0,0.0,386797.2358192831,0.0,0.0,0.0,386797.2358192831
2019-03-08,0.0,0.0,0,0.0,484572.62339858094,0.0,0.0,0.0,484572.62339858094
2019-03-11,0.0,0.0,0,0.0,490638.03354217374,0.0,0.0,0.0,490638.03354217374
2019-03-12,0.0,0.0,0,0.0,682427.391401606,0.0,0.0,0.0,682427.391401606
2019-03-13,0.0,0.0,0,0.0,871128.8569244387,0.0,0.0,0.0,871128.8569244387
2019-03-14,0.0,0.0,0,0.0,737116.6625351954,0.0,0.0,0.0,737116.6625351954
2019-03-15,0.0,0.0,0,0.0,861557.9612073067,0.0,0.0,0.0,861557.9612073067
2019-03-18,0.0,0.0,0,0.0,907875.2747579067,0.0,0.0,0.0,907875.2747579067
2019-03-19,0.0,0.0,0,0.0,1011686.172586598,0.0,0.0,0.0,1011686.172586598
2019-03-20,0.0,0.0,0,0.0,1463526.5406178806,0.0,0.0,0.0,1463526.5406178806
2019-03-21,0.0,0.0,0,0.0,1171927.9440871796,0.0,0.0,0.0,1171927.9440871796
2019-03-22,0.0,0.0,0,0.0,620078.5742349599,0.0,0.0,0.0,620078.5742349599
2019-03-25,0.0,0.0,0,0.0,593876.9420671678,0.0,0.0,0.0,593876.9420671678
2019-03-26,0.0,0.0,0,0.0,245214.21482717205,0.0,0.0,0.0,245214.21482717205
2019-03-27,0.0,0.0,0,0.0,131299.20389387582,0.0,0.0,0.0,131299.20389387582
2019-03-28,0.0,0.0,0,0.0,36672.22927682256,0.0,0.0,0.0,36672.22927682256
2019-03-29,0.0,0.0,0,0.0,6387.283712467236,0.0,0.0,0.0,6387.283712467236
2019-04-01,0.0,0.0,0,0.0,0.0,1058465.0613899932,0.0,0.0,1058465.0613899932
2019-04-02,0.0,0.0,0,0.0,0.0,1055855.543646059,0.0,0.0,1055855.543646059
2019-04-03,0.0,0.0,0,0.0,0.0,1138157.794507731,0.0,0.0,1138157.794507731
2019-04-04,0.0,0.0,0,0.0,0.0,1224958.8289924075,0.0,0.0,1224958.8289924075
2019-04-05,0.0,0.0,0,0.0,0.0,1280198.9089936784,0.0,0.0,1280198.9089936784
2019-04-08,0.0,0.0,0,0.0,0.0,1193116.932859513,0.0,0.0,1193116.932859513
2019-04-09,0.0,0.0,0,0.0,0.0,1015164.74220077,0.0,0.0,1015164.74220077
2019-04-10,0.0,0.0,0,0.0,0.0,940980.1228369221,0.0,0.0,940980.1228369221
2019-04-11,0.0,0.0,0,0.0,0.0,1345516.5308197166,0.0,0.0,1345516.5308197166
2019-04-12,0.0,0.0,0,0.0,0.0,1534816.7578162637,0.0,0.0,1534816.7578162637
2019-04-15,0.0,0.0,0,0.0,0.0,1627695.5027405508,0.0,0.0,1627695.5027405508
2019-04-16,0.0,0.0,0,0.0,0.0,1649315.1755306604,0.0,0.0,1649315.1755306604
2019-04-17,0.0,0.0,0,0.0,0.0,1703907.8736362555,0.0,0.0,1703907.8736362555
2019-04-18,0.0,0.0,0,0.0,0.0,1690385.8553554707,0.0,0.0,1690385.8553554707
2019-04-19,0.0,0.0,0,0.0,0.0,1706582.8506568312,0.0,0.0,1706582.8506568312
2019-04-22,0.0,0.0,0,0.0,0.0,1805091.5605419849,0.0,0.0,1805091.5605419849
2019-04-23,0.0,0.0,0,0.0,0.0,1781277.0348738693,0.0,0.0,1781277.0348738693
2019-04-24,0.0,0.0,0,0.0,0.0,1931971.245541932,0.0,0.0,1931971.245541932
2019-04-25,0.0,0.0,0,0.0,0.0,1576542.9657133955,0.0,0.0,1576542.9657133955
2019-04-26,0.0,0.0,0,0.0,0.0,1609848.8692041135,0.0,0.0,1609848.8692041135
2019-04-29,0.0,0.0,0,0.0,0.0,1973741.946554058,0.0,0.0,1973741.946554058
2019-04-30,0.0,0.0,0,0.0,0.0,1834928.1672171257,0.0,0.0,1834928.1672171257
2019-05-01,0.0,0.0,0,0.0,0.0,1110145.1651661026,0.0,0.0,1110145.1651661026
2019-05-02,0.0,0.0,0,0.0,0.0,1187447.2166198362,0.0,0.0,1187447.2166198362
2019-05-03,0.0,0.0,0,0.0,0.0,987194.3241651251,0.0,0.0,987194.3241651251
2019-05-06,0.0,0.0,0,0.0,0.0,838242.6419164295,0.0,0.0,838242.6419164295
2019-05-07,0.0,0.0,0,0.0,0.0,639606.5087808996,0.0,0.0,639606.5087808996
2019-05-08,0.0,0.0,0,0.0,0.0,587580.1196828231,0.0,0.0,587580.1196828231
2019-05-09,0.0,0.0,0,0.0,0.0,503930.3322462561,0.0,0.0,503930.3322462561
2019-05-10,0.0,0.0,0,0.0,0.0,482395.3269004122,0.0,0.0,482395.3269004122
2019-05-13,0.0,0.0,0,0.0,0.0,286269.28448896954,0.0,0.0,286269.28448896954
2019-05-14,0.0,0.0,0,0.0,0.0,287952.27103933395,0.0,0.0,287952.27103933395
2019-05-15,0.0,0.0,0,0.0,0.0,263454.82159911236,0.0,0.0,263454.82159911236
2019-05-16,0.0,0.0,0,0.0,0.0,301940.0845255964,0.0,0.0,301940.0845255964
2019-05-17,0.0,0.0,0,0.0,0.0,413514.33113240736,0.0,0.0,413514.33113240736
2019-05-20,0.0,0.0,0,0.0,0.0,287992.9310325978,0.0,0.0,287992.9310325978
2019-05-21,0.0,0.0,0,0.0,0.0,484301.97755760583,0.0,0.0,484301.97755760583
2019-05-22,0.0,0.0,0,0.0,0.0,339699.2041079898,0.0,0.0,339699.2041079898
2019-05-23,0.0,0.0,0,0.0,0.0,110247.77462979998,0.0,0.0,110247.77462979998
2019-05-24,0.0,0.0,0,0.0,0.0,40181.21266040425,0.0,0.0,40181.21266040425
2019-05-27,0.0,0.0,0,0.0,0.0,10372.852890775357,0.0,0.0,10372.852890775357
2019-05-28,0.0,0.0,0,0.0,0.0,1645.6452584910191,0.0,0.0,1645.6452584910191
2019-05-29,0.0,0.0,0,0.0,0.0,816.5977715225749,0.0,0.0,816.5977715225749
2019-05-30,0.0,0.0,0,0.0,0.0,0.6191974105871897,0.0,0.0,0.6191974105871897
2019-05-31,0.0,0.0,0,0.0,0.0,0.0,0.0,0.0,0.0
2019-06-03,1263072.2906101393,0.0,0,0.0,0.0,0.0,0.0,0.0,1263072.2906101393
2019-06-04,1328917.8416101178,0.0,0,0.0,0.0,0.0,0.0,0.0,1328917.8416101178
2019-06-05,1287699.1053015157,0.0,0,0.0,0.0,0.0,0.0,0.0,1287699.1053015157
2019-06-06,1352170.5089654434,0.0,0,0.0,0.0,0.0,0.0,0.0,1352170.5089654434
2019-06-07,1446918.587675429,0.0,0,0.0,0.0,0.0,0.0,0.0,1446918.587675429
2019-06-10,1687071.352080105,0.0,0,0.0,0.0,0.0,0.0,0.0,1687071.352080105
2019-06-11,1469894.818124096,0.0,0,0.0,0.0,0.0,0.0,0.0,1469894.818124096
2019-06-12,1622676.1887578794,0.0,0,0.0,0.0,0.0,0.0,0.0,1622676.1887578794
2019-06-13,1640852.8180641523,0.0,0,0.0,0.0,0.0,0.0,0.0,1640852.8180641523
2019-06-14,1766438.370041561,0.0,0,0.0,0.0,0.0,0.0,0.0,1766438.370041561
2019-06-17,1786208.0614051188,0.0,0,0.0,0.0,0.0,0.0,0.0,1786208.0614051188
2019-06-18,1484109.5132814036,0.0,0,0.0,0.0,0.0,0.0,0.0,1484109.5132814036
2019-06-19,1442711.702801802,0.0,0,0.0,0.0,0.0,0.0,0.0,1442711.702801802
2019-06-20,366530.9968200676,0.0,0,0.0,0.0,0.0,0.0,0.0,366530.9968200676
2019-06-21,620188.9450523149,0.0,0,0.0,0.0,0.0,0.0,0.0,620188.9450523149
2019-06-24,621787.6885948755,0.0,0,0.0,0.0,0.0,0.0,0.0,621787.6885948755
2019-06-25,667422.7003896307,0.0,0,0.0,0.0,0.0,0.0,0.0,667422.7003896307
2019-06-26,523783.6581694261,0.0,0,0.0,0.0,0.0,0.0,0.0,523783.6581694261
2019-06-27,466287.44155109796,0.0,0,0.0,0.0,0.0,0.0,0.0,466287.44155109796
2019-06-28,229872.87742414846,0.0,0,0.0,0.0,0.0,0.0,0.0,229872.87742414846
2019-07-01,1312694.2195283573,0.0,0,0.0,0.0,0.0,0.0,0.0,1312694.2195283573
2019-07-02,1649532.668971217,0.0,0,0.0,0.0,0.0,0.0,0.0,1649532.668971217
2019-07-03,1789977.070857571,0.0,0,0.0,0.0,0.0,0.0,0.0,1789977.070857571
2019-07-04,1532935.625432157,0.0,0,0.0,0.0,0.0,0.0,0.0,1532935.625432157
2019-07-05,1805997.4424953363,0.0,0,0.0,0.0,0.0,0.0,0.0,1805997.4424953363
2019-07-08,1768858.7020334718,0.0,0,0.0,0.0,0.0,0.0,0.0,1768858.7020334718
2019-07-09,1879890.8129820132,0.0,0,0.0,0.0,0.0,0.0,0.0,1879890.8129820132
2019-07-10,1767868.0943505075,0.0,0,0.0,0.0,0.0,0.0,0.0,1767868.0943505075
2019-07-11,1755461.9750502491,0.0,0,0.0,0.0,0.0,0.0,0.0,1755461.9750502491
2019-07-12,1911177.1791682267,0.0,0,0.0,0.0,0.0,0.0,0.0,1911177.1791682267
2019-07-15,1969278.6675171389,0.0,0,0.0,0.0,0.0,0.0,0.0,1969278.6675171389
2019-07-16,2028680.9864239935,0.0,0,0.0,0.0,0.0,0.0,0.0,2028680.9864239935
2019-07-17,1994862.6457272384,0.0,0,0.0,0.0,0.0,0.0,0.0,1994862.6457272384
2019-07-18,2306805.149681595,0.0,0,0.0,0.0,0.0,0.0,0.0,2306805.149681595
2019-07-19,2361658.0622739913,0.0,0,0.0,0.0,0.0,0.0,0.0,2361658.0622739913
2019-07-22,2471403.0988722113,0.0,0,0.0,0.0,0.0,0.0,0.0,2471403.0988722113
2019-07-23,2519313.602260461,0.0,0,0.0,0.0,0.0,0.0,0.0,2519313.602260461
2019-07-24,2454986.0008091014,0.0,0,0.0,0.0,0.0,0.0,0.0,2454986.0008091014
2019-07-25,2353877.103447032,0.0,0,0.0,0.0,0.0,0.0,0.0,2353877.103447032
2019-07-26,2520558.5395709584,0.0,0,0.0,0.0,0.0,0.0,0.0,2520558.5395709584
2019-07-29,2767255.8970454657,0.0,0,0.0,0.0,0.0,0.0,0.0,2767255.8970454657
2019-07-30,2788454.8593716724,0.0,0,0.0,0.0,0.0,0.0,0.0,2788454.8593716724
2019-07-31,2810904.4428345524,0.0,0,0.0,0.0,0.0,0.0,0.0,2810904.4428345524
2019-08-01,1725597.2768749527,0.0,0,0.0,0.0,0.0,0.0,0.0,1725597.2768749527
2019-08-02,2817888.621209661,0.0,0,0.0,0.0,0.0,0.0,0.0,2817888.621209661
2019-08-05,3168969.137151116,0.0,0,0.0,0.0,0.0,0.0,0.0,3168969.137151116
2019-08-06,3005164.175430552,0.0,0,0.0,0.0,0.0,0.0,0.0,3005164.175430552
2019-08-07,3157764.2008717163,0.0,0,0.0,0.0,0.0,0.0,0.0,3157764.2008717163
2019-08-08,3137324.5015964177,0.0,0,0.0,0.0,0.0,0.0,0.0,3137324.5015964177
2019-08-09,3192678.274833877,0.0,0,0.0,0.0,0.0,0.0,0.0,3192678.274833877
2019-08-12,3263858.085395141,0.0,0,0.0,0.0,0.0,0.0,0.0,3263858.085395141
2019-08-13,3121296.455778355,0.0,0,0.0,0.0,0.0,0.0,0.0,3121296.455778355
2019-08-14,3086353.9518584125,0.0,0,0.0,0.0,0.0,0.0,0.0,3086353.9518584125
2019-08-15,3220570.81374753,0.0,0,0.0,0.0,0.0,0.0,0.0,3220570.81374753
2019-08-16,3297479.1396140256,0.0,0,0.0,0.0,0.0,0.0,0.0,3297479.1396140256
2019-08-19,3398613.862490944,0.0,0,0.0,0.0,0.0,0.0,0.0,3398613.862490944
2019-08-20,3459650.6506693303,0.0,0,0.0,0.0,0.0,0.0,0.0,3459650.6506693303
2019-08-21,3486778.8294491353,0.0,0,0.0,0.0,0.0,0.0,0.0,3486778.8294491353
2019-08-22,3518413.6380635817,0.0,0,0.0,0.0,0.0,0.0,0.0,3518413.6380635817
2019-08-23,3540127.177102444,0.0,0,0.0,0.0,0.0,0.0,0.0,3540127.177102444
2019-08-26,3597847.1883900166,0.0,0,0.0,0.0,0.0,0.0,0.0,3597847.1883900166
2019-08-27,3617217.105396598,0.0,0,0.0,0.0,0.0,0.0,0.0,3617217.105396598
2019-08-28,3636441.873653912,0.0,0,0.0,0.0,0.0,0.0,0.0,3636441.873653912
2019-08-29,3656111.171088965,0.0,0,0.0,0.0,0.0,0.0,0.0,3656111.171088965
2019-08-30,0.0,0.0,0,0.0,0.0,0.0,0.0,0.0,0.0
2019-09-02,962656.8128903311,0.0,0,0.0,0.0,0.0,0.0,0.0,962656.8128903311
2019-09-03,867708.4793334604,0.0,0,0.0,0.0,0.0,0.0,0.0,867708.4793334604
2019-09-04,650403.129728715,0.0,0,0.0,0.0,0.0,0.0,0.0,650403.129728715
2019-09-05,662947.4946677801,0.0,0,0.0,0.0,0.0,0.0,0.0,662947.4946677801
2019-09-06,445363.0963326418,0.0,0,0.0,0.0,0.0,0.0,0.0,445363.0963326418
2019-09-09,427375.6360366531,0.0,0,0.0,0.0,0.0,0.0,0.0,427375.6360366531
2019-09-10,465857.50911530544,0.0,0,0.0,0.0,0.0,0.0,0.0,465857.50911530544
2019-09-11,428588.68839153217,0.0,0,0.0,0.0,0.0,0.0,0.0,428588.68839153217
2019-09-12,348658.8660539678,0.0,0,0.0,0.0,0.0,0.0,0.0,348658.8660539678
2019-09-13,227267.30269952273,0.0,0,0.0,0.0,0.0,0.0,0.0,227267.30269952273
2019-09-16,255338.44345759763,0.0,0,0.0,0.0,0.0,0.0,0.0,255338.44345759763
2019-09-17,423057.24668885913,0.0,0,0.0,0.0,0.0,0.0,0.0,423057.24668885913
2019-09-18,367891.6828593169,0.0,0,0.0,0.0,0.0,0.0,0.0,367891.6828593169
2019-09-19,416087.9314260838,0.0,0,0.0,0.0,0.0,0.0,0.0,416087.9314260838
2019-09-20,399757.6980515374,0.0,0,0.0,0.0,0.0,0.0,0.0,399757.6980515374
2019-09-23,602641.5110836849,0.0,0,0.0,0.0,0.0,0.0,0.0,602641.5110836849
2019-09-24,420805.2863388583,0.0,0,0.0,0.0,0.0,0.0,0.0,420805.2863388583
2019-09-25,743249.7828779261,0.0,0,0.0,0.0,0.0,0.0,0.0,743249.7828779261
2019-09-26,668750.4384481565,0.0,0,0.0,0.0,0.0,0.0,0.0,668750.4384481565
2019-09-27,833079.2487655837,0.0,0,0.0,0.0,0.0,0.0,0.0,833079.2487655837
2019-09-30,1578322.7973095663,0.0,0,0.0,0.0,0.0,0.0,0.0,1578322.7973095663
2019-10-01,1109725.1238072976,0.0,0,0.0,0.0,0.0,0.0,0.0,1109725.1238072976
2019-10-02,1149156.888055527,0.0,0,0.0,0.0,0.0,0.0,0.0,1149156.888055527
2019-10-03,1077795.8273418637,0.0,0,0.0,0.0,0.0,0.0,0.0,1077795.8273418637
2019-10-04,940510.3985194538,0.0,0,0.0,0.0,0.0,0.0,0.0,940510.3985194538
2019-10-07,1039512.528692428,0.0,0,0.0,0.0,0.0,0.0,0.0,1039512.528692428
2019-10-08,1135143.085962501,0.0,0,0.0,0.0,0.0,0.0,0.0,1135143.085962501
2019-10-09,971295.4872661278,0.0,0,0.0,0.0,0.0,0.0,0.0,971295.4872661278
2019-10-10,740833.6548628453,0.0,0,0.0,0.0,0.0,0.0,0.0,740833.6548628453
2019-10-11,447503.9759140576,0.0,0,0.0,0.0,0.0,0.0,0.0,447503.9759140576
2019-10-14,202659.84064844137,0.0,0,0.0,0.0,0.0,0.0,0.0,202659.84064844137
2019-10-15,236852.21358789463,0.0,0,0.0,0.0,0.0,0.0,0.0,236852.21358789463
2019-10-16,313884.08776583045,0.0,0,0.0,0.0,0.0,0.0,0.0,313884.08776583045
2019-10-17,170971.7614380983,0.0,0,0.0,0.0,0.0,0.0,0.0,170971.7614380983
2019-10-18,189933.60805267488,0.0,0,0.0,0.0,0.0,0.0,0.0,189933.60805267488
2019-10-21,95549.44309465385,0.0,0,0.0,0.0,0.0,0.0,0.0,95549.44309465385
2019-10-22,71473.88887708758,0.0,0,0.0,0.0,0.0,0.0,0.0,71473.88887708758
2019-10-23,24571.20964945919,0.0,0,0.0,0.0,0.0,0.0,0.0,24571.20964945919
2019-10-24,25736.57335338339,0.0,0,0.0,0.0,0.0,0.0,0.0,25736.57335338339
2019-10-25,4342.138187563215,0.0,0,0.0,0.0,0.0,0.0,0.0,4342.138187563215
2019-10-28,2215.9469069338547,0.0,0,0.0,0.0,0.0,0.0,0.0,2215.9469069338547
2019-10-29,206.0388782069161,0.0,0,0.0,0.0,0.0,0.0,0.0,206.0388782069161
2019-10-30,0.019046352118841207,0.0,0,0.0,0.0,0.0,0.0,0.0,0.019046352118841207
2019-10-31,7.6723692852308e-07,0.0,0,0.0,0.0,0.0,0.0,0.0,7.6723692852308e-07
2019-11-01,1479704.4134025178,0.0,0,0.0,0.0,0.0,0.0,0.0,1479704.4134025178
2019-11-04,1396672.9889771282,0.0,0,0.0,0.0,0.0,0.0,0.0,1396672.9889771282
2019-11-05,1033287.013198665,0.0,0,0.0,0.0,0.0,0.0,0.0,1033287.013198665
2019-11-06,969206.4010168201,0.0,0,0.0,0.0,0.0,0.0,0.0,969206.4010168201
2019-11-07,687864.998576421,0.0,0,0.0,0.0,0.0,0.0,0.0,687864.998576421
2019-11-08,922515.007501099,0.0,0,0.0,0.0,0.0,0.0,0.0,922515.007501099
2019-11-11,1179644.632402187,0.0,0,0.0,0.0,0.0,0.0,0.0,1179644.632402187
2019-11-12,1246647.789138027,0.0,0,0.0,0.0,0.0,0.0,0.0,1246647.789138027
2019-11-13,1518579.0280935175,0.0,0,0.0,0.0,0.0,0.0,0.0,1518579.0280935175
2019-11-14,1466045.0066226556,0.0,0,0.0,0.0,0.0,0.0,0.0,1466045.0066226556
2019-11-15,1067891.1575978915,0.0,0,0.0,0.0,0.0,0.0,0.0,1067891.1575978915
2019-11-18,1649233.2526298913,0.0,0,0.0,0.0,0.0,0.0,0.0,1649233.2526298913
2019-11-19,1621251.3145678437,0.0,0,0.0,0.0,0.0,0.0,0.0,1621251.3145678437
2019-11-20,1869870.677378777,0.0,0,0.0,0.0,0.0,0.0,0.0,1869870.677378777
2019-11-21,1528857.3058660652,0.0,0,0.0,0.0,0.0,0.0,0.0,1528857.3058660652
2019-11-22,1707074.3027394623,0.0,0,0.0,0.0,0.0,0.0,0.0,1707074.3027394623
2019-11-25,1691291.9987384202,0.0,0,0.0,0.0,0.0,0.0,0.0,1691291.9987384202
2019-11-26,1333242.9944604172,0.0,0,0.0,0.0,0.0,0.0,0.0,1333242.9944604172
2019-11-27,1289653.337725484,0.0,0,0.0,0.0,0.0,0.0,0.0,1289653.337725484
2019-11-28,1717901.483517456,0.0,0,0.0,0.0,0.0,0.0,0.0,1717901.483517456
2019-11-29,0.0,0.0,0,0.0,0.0,0.0,0.0,0.0,0.0
2019-12-02,0.0,0.0,0,0.0,0.0,1169272.550162493,0.0,0.0,1169272.550162493
2019-12-03,0.0,0.0,0,0.0,0.0,1000036.2413591008,0.0,0.0,1000036.2413591008
2019-12-04,0.0,0.0,0,0.0,0.0,1124266.2449830591,0.0,0.0,1124266.2449830591
2019-12-05,0.0,0.0,0,0.0,0.0,1073217.6923430702,0.0,0.0,1073217.6923430702
2019-12-06,0.0,0.0,0,0.0,0.0,969875.265976727,0.0,0.0,969875.265976727
2019-12-09,0.0,0.0,0,0.0,0.0,967448.0795861918,0.0,0.0,967448.0795861918
2019-12-10,0.0,0.0,0,0.0,0.0,1070287.8788376886,0.0,0.0,1070287.8788376886
2019-12-11,0.0,0.0,0,0.0,0.0,961716.9109104113,0.0,0.0,961716.9109104113
2019-12-12,0.0,0.0,0,0.0,0.0,1431521.571433651,0.0,0.0,1431521.571433651
2019-12-13,0.0,0.0,0,0.0,0.0,1501970.3624321434,0.0,0.0,1501970.3624321434
2019-12-16,0.0,0.0,0,0.0,0.0,1700664.7461583738,0.0,0.0,1700664.7461583738
2019-12-17,0.0,0.0,0,0.0,0.0,1705626.8067255176,0.0,0.0,1705626.8067255176
2019-12-18,0.0,0.0,0,0.0,0.0,1828620.4375109319,0.0,0.0,1828620.4375109319
2019-12-19,0.0,0.0,0,0.0,0.0,1767254.6988329252,0.0,0.0,1767254.6988329252
2019-12-20,0.0,0.0,0,0.0,0.0,1902432.8235307843,0.0,0.0,1902432.8235307843
2019-12-23,0.0,0.0,0,0.0,0.0,2019118.7490316124,0.0,0.0,2019118.7490316124
2019-12-24,0.0,0.0,0,0.0,0.0,2053094.5021436373,0.0,0.0,2053094.5021436373
2019-12-25,0.0,0.0,0,0.0,0.0,2069602.2859055563,0.0,0.0,2069602.2859055563
2019-12-26,0.0,0.0,0,0.0,0.0,2224028.934933113,0.0,0.0,2224028.934933113
2019-12-27,0.0,0.0,0,0.0,0.0,2152131.658534009,0.0,0.0,2152131.658534009
2019-12-30,0.0,0.0,0,0.0,0.0,1467626.1811569955,0.0,0.0,1467626.1811569955
2019-12-31,0.0,0.0,0,0.0,0.0,653876.5764465801,0.0,0.0,653876.5764465801
2020-01-01,0.0,0.0,0,0.0,1221044.4091507038,0.0,0.0,0.0,1221044.4091507038
2020-01-02,0.0,0.0,0,0.0,989601.8504321784,0.0,0.0,0.0,989601.8504321784
2020-01-03,0.0,0.0,0,0.0,929070.9183647941,0.0,0.0,0.0,929070.9183647941
2020-01-06,0.0,0.0,0,0.0,1147726.57988247,0.0,0.0,0.0,1147726.57988247
2020-01-07,0.0,0.0,0,0.0,843470.1865824221,0.0,0.0,0.0,843470.1865824221
2020-01-08,0.0,0.0,0,0.0,531210.2222453668,0.0,0.0,0.0,531210.2222453668
2020-01-09,0.0,0.0,0,0.0,486914.29194646626,0.0,0.0,0.0,486914.29194646626
2020-01-10,0.0,0.0,0,0.0,564522.1838463342,0.0,0.0,0.0,564522.1838463342
2020-01-13,0.0,0.0,0,0.0,613679.7936792305,0.0,0.0,0.0,613679.7936792305
2020-01-14,0.0,0.0,0,0.0,529955.9703292549,0.0,0.0,0.0,529955.9703292549
2020-01-15,0.0,0.0,0,0.0,674993.3698697363,0.0,0.0,0.0,674993.3698697363
2020-01-16,0.0,0.0,0,0.0,567399.7970543164,0.0,0.0,0.0,567399.7970543164
2020-01-17,0.0,0.0,0,0.0,274219.0991621088,0.0,0.0,0.0,274219.0991621088
2020-01-20,0.0,0.0,0,0.0,214226.77777757388,0.0,0.0,0.0,214226.77777757388
2020-01-21,0.0,0.0,0,0.0,141381.4355481925,0.0,0.0,0.0,141381.4355481925
2020-01-22,0.0,0.0,0,0.0,149043.08907424228,0.0,0.0,0.0,149043.08907424228
2020-01-23,0.0,0.0,0,0.0,61587.96502227507,0.0,0.0,0.0,61587.96502227507
2020-01-24,0.0,0.0,0,0.0,16091.30141950962,0.0,0.0,0.0,16091.30141950962
2020-01-27,0.0,0.0,0,0.0,829.7423395571544,0.0,0.0,0.0,829.7423395571544
2020-01-28,0.0,0.0,0,0.0,90.33367886862463,0.0,0.0,0.0,90.33367886862463
2020-01-29,0.0,0.0,0,0.0,0.005488453702880135,0.0,0.0,0.0,0.005488453702880135
2020-01-30,0.0,0.0,0,0.0,1.5111078490137584e-06,0.0,0.0,0.0,1.5111078490137584e-06
2020-01-31,0.0,0.0,0,0.0,0.0,0.0,0.0,0.0,0.0
2020-02-03,0.0,595913.3347793014,0,0.0,0.0,0.0,0.0,0.0,595913.3347793014
2020-02-04,0.0,634581.6861096759,0,0.0,0.0,0.0,0.0,0.0,634581.6861096759
2020-02-05,0.0,584954.2120298777,0,0.0,0.0,0.0,0.0,0.0,584954.2120298777
2020-02-06,0.0,741731.0280690588,0,0.0,0.0,0.0,0.0,0.0,741731.0280690588
2020-02-07,0.0,850046.7408730008,0,0.0,0.0,0.0,0.0,0.0,850046.7408730008
2020-02-10,0.0,898580.6365285527,0,0.0,0.0,0.0,0.0,0.0,898580.6365285527
2020-02-11,0.0,927338.9559646874,0,0.0,0.0,0.0,0.0,0.0,927338.9559646874
2020-02-12,0.0,1002531.9636836436,0,0.0,0.0,0.0,0.0,0.0,1002531.9636836436
2020-02-13,0.0,1019895.5141671712,0,0.0,0.0,0.0,0.0,0.0,1019895.5141671712
2020-02-14,0.0,833271.6930966866,0,0.0,0.0,0.0,0.0,0.0,833271.6930966866
2020-02-17,0.0,1016307.7447448462,0,0.0,0.0,0.0,0.0,0.0,1016307.7447448462
2020-02-18,0.0,1119881.9231364282,0,0.0,0.0,0.0,0.0,0.0,1119881.9231364282
2020-02-19,0.0,1155059.6257328677,0,0.0,0.0,0.0,0.0,0.0,1155059.6257328677
2020-02-20,0.0,1167203.5572279866,0,0.0,0.0,0.0,0.0,0.0,1167203.5572279866
2020-02-21,0.0,1172395.1714861414,0,0.0,0.0,0.0,0.0,0.0,1172395.1714861414
2020-02-24,0.0,1190186.267504971,0,0.0,0.0,0.0,0.0,0.0,1190186.267504971
2020-02-25,0.0,1195395.1962743911,0,0.0,0.0,0.0,0.0,0.0,1195395.1962743911
2020-02-26,0.0,1200570.3307998565,0,0.0,0.0,0.0,0.0,0.0,1200570.3307998565
2020-02-27,0.0,1205792.886907256,0,0.0,0.0,0.0,0.0,0.0,1205792.886907256
2020-02-28,0.0,0.0,0,0.0,0.0,0.0,0.0,0.0,0.0
2020-03-02,0.0,451480.43509379786,0,0.0,0.0,0.0,0.0,0.0,451480.43509379786
2020-03-03,0.0,532980.178368876,0,0.0,0.0,0.0,0.0,0.0,532980.178368876
2020-03-04,0.0,674908.9868177238,0,0.0,0.0,0.0,0.0,0.0,674908.9868177238
2020-03-05,0.0,727065.2249363561,0,0.0,0.0,0.0,0.0,0.0,727065.2249363561
2020-03-06,0.0,737637.7478563001,0,0.0,0.0,0.0,0.0,0.0,737637.7478563001
2020-03-09,0.0,777995.984390771,0,0.0,0.0,0.0,0.0,0.0,777995.984390771
2020-03-10,0.0,728346.268485654,0,0.0,0.0,0.0,0.0,0.0,728346.268485654
2020-03-11,0.0,841453.9340908953,0,0.0,0.0,0.0,0.0,0.0,841453.9340908953
2020-03-12,0.0,755866.5830865048,0,0.0,0.0,0.0,0.0,0.0,755866.5830865048
2020-03-13,0.0,776717.5773373528,0,0.0,0.0,0.0,0.0,0.0,776717.5773373528
2020-03-16,0.0,850359.6095414027,0,0.0,0.0,0.0,0.0,0.0,850359.6095414027
2020-03-17,0.0,852512.3584518841,0,0.0,0.0,0.0,0.0,0.0,852512.3584518841
2020-03-18,0.0,874326.2360106419,0,0.0,0.0,0.0,0.0,0.0,874326.2360106419
2020-03-19,0.0,882473.5243543915,0,0.0,0.0,0.0,0.0,0.0,882473.5243543915
2020-03-20,0.0,890803.9967042344,0,0.0,0.0,0.0,0.0,0.0,890803.9967042344
2020-03-23,0.0,901360.2819906229,0,0.0,0.0,0.0,0.0,0.0,901360.2819906229
2020-03-24,0.0,904415.1992166545,0,0.0,0.0,0.0,0.0,0.0,904415.1992166545
2020-03-25,0.0,905486.5393983559,0,0.0,0.0,0.0,0.0,0.0,905486.5393983559
2020-03-26,0.0,906402.0874246844,0,0.0,0.0,0.0,0.0,0.0,906402.0874246844
2020-03-27,0.0,905254.1729829034,0,0.0,0.0,0.0,0.0,0.0,905254.1729829034
2020-03-30,0.0,904974.6787227467,0,0.0,0.0,0.0,0.0,0.0,904974.6787227467
2020-03-31,0.0,904964.7636911522,0,0.0,0.0,0.0,0.0,0.0,904964.7636911522
2020-04-01,0.0,263417.30269217276,0,0.0,0.0,0.0,0.0,0.0,263417.30269217276
2020-04-02,0.0,267027.31480881514,0,0.0,0.0,0.0,0.0,0.0,267027.31480881514
2020-04-03,0.0,329009.09584645514,0,0.0,0.0,0.0,0.0,0.0,329009.09584645514
2020-04-06,0.0,284223.0351935531,0,0.0,0.0,0.0,0.0,0.0,284223.0351935531
2020-04-07,0.0,245800.63942658663,0,0.0,0.0,0.0,0.0,0.0,245800.63942658663
2020-04-08,0.0,179523.88082174264,0,0.0,0.0,0.0,0.0,0.0,179523.88082174264
2020-04-09,0.0,167617.66584073915,0,0.0,0.0,0.0,0.0,0.0,167617.66584073915
2020-04-10,0.0,164112.24620231226,0,0.0,0.0,0.0,0.0,0.0,164112.24620231226
2020-04-13,0.0,225496.34887276334,0,0.0,0.0,0.0,0.0,0.0,225496.34887276334
2020-04-14,0.0,194840.40529413728,0,0.0,0.0,0.0,0.0,0.0,194840.40529413728
2020-04-15,0.0,255899.88493061738,0,0.0,0.0,0.0,0.0,0.0,255899.88493061738
2020-04-16,0.0,252445.2425989683,0,0.0,0.0,0.0,0.0,0.0,252445.2425989683
2020-04-17,0.0,254009.96051020155,0,0.0,0.0,0.0,0.0,0.0,254009.96051020155
2020-04-20,0.0,336560.77467149246,0,0.0,0.0,0.0,0.0,0.0,336560.77467149246
2020-04-21,0.0,334137.8582050025,0,0.0,0.0,0.0,0.0,0.0,334137.8582050025
2020-04-22,0.0,438873.08432252705,0,0.0,0.0,0.0,0.0,0.0,438873.08432252705
2020-04-23,0.0,461165.1488234133,0,0.0,0.0,0.0,0.0,0.0,461165.1488234133
2020-04-24,0.0,467007.8797269758,0,0.0,0.0,0.0,0.0,0.0,467007.8797269758
2020-04-27,0.0,478240.3469127116,0,0.0,0.0,0.0,0.0,0.0,478240.3469127116
2020-04-28,0.0,471377.9778251682,0,0.0,0.0,0.0,0.0,0.0,471377.9778251682
2020-04-29,0.0,412013.5414415968,0,0.0,0.0,0.0,0.0,0.0,412013.5414415968
2020-04-30,0.0,481813.74631784536,0,0.0,0.0,0.0,0.0,0.0,481813.74631784536
2020-05-01,0.0,0.0,0,0.0,815986.4995204777,0.0,0.0,0.0,815986.4995204777
2020-05-04,0.0,0.0,0,0.0,620216.6798392307,0.0,0.0,0.0,620216.6798392307
2020-05-05,0.0,0.0,0,0.0,428451.63290313043,0.0,0.0,0.0,428451.63290313043
2020-05-06,0.0,0.0,0,0.0,321223.88431401295,0.0,0.0,0.0,321223.88431401295
2020-05-07,0.0,0.0,0,0.0,402582.9638394436,0.0,0.0,0.0,402582.9638394436
2020-05-08,0.0,0.0,0,0.0,397871.6729329517,0.0,0.0,0.0,397871.6729329517
2020-05-11,0.0,0.0,0,0.0,301650.84853757976,0.0,0.0,0.0,301650.84853757976
2020-05-12,0.0,0.0,0,0.0,392332.96776117873,0.0,0.0,0.0,392332.96776117873
2020-05-13,0.0,0.0,0,0.0,309084.95881556516,0.0,0.0,0.0,309084.95881556516
2020-05-14,0.0,0.0,0,0.0,255790.56914976003,0.0,0.0,0.0,255790.56914976003
2020-05-15,0.0,0.0,0,0.0,274470.9595741964,0.0,0.0,0.0,274470.9595741964
2020-05-18,0.0,0.0,0,0.0,557120.8303153015,0.0,0.0,0.0,557120.8303153015
2020-05-19,0.0,0.0,0,0.0,595700.8586426468,0.0,0.0,0.0,595700.8586426468
2020-05-20,0.0,0.0,0,0.0,838558.6182842697,0.0,0.0,0.0,838558.6182842697
2020-05-21,0.0,0.0,0,0.0,699119.1858507348,0.0,0.0,0.0,699119.1858507348
2020-05-22,0.0,0.0,0,0.0,450825.52656849223,0.0,0.0,0.0,450825.52656849223
2020-05-25,0.0,0.0,0,0.0,372267.1175039738,0.0,0.0,0.0,372267.1175039738
2020-05-26,0.0,0.0,0,0.0,891762.0932111549,0.0,0.0,0.0,891762.0932111549
2020-05-27,0.0,0.0,0,0.0,1055928.5492255932,0.0,0.0,0.0,1055928.5492255932
2020-05-28,0.0,0.0,0,0.0,1366576.9076105754,0.0,0.0,0.0,1366576.9076105754
2020-05-29,0.0,0.0,0,0.0,1471912.4318301624,0.0,0.0,0.0,1471912.4318301624
2020-06-01,1258483.9714757695,0.0,0,0.0,0.0,0.0,0.0,0.0,1258483.9714757695
2020-06-02,977376.182220236,0.0,0,0.0,0.0,0.0,0.0,0.0,977376.182220236
2020-06-03,1132287.1847049403,0.0,0,0.0,0.0,0.0,0.0,0.0,1132287.1847049403
2020-06-04,1084639.7763748665,0.0,0,0.0,0.0,0.0,0.0,0.0,1084639.7763748665
2020-06-05,659254.3278503187,0.0,0,0.0,0.0,0.0,0.0,0.0,659254.3278503187
2020-06-08,539164.2807745533,0.0,0,0.0,0.0,0.0,0.0,0.0,539164.2807745533
2020-06-09,654836.3502414606,0.0,0,0.0,0.0,0.0,0.0,0.0,654836.3502414606
2020-06-10,457875.2998229898,0.0,0,0.0,0.0,0.0,0.0,0.0,457875.2998229898
2020-06-11,506964.2446713891,0.0,0,0.0,0.0,0.0,0.0,0.0,506964.2446713891
2020-06-12,640638.0828271133,0.0,0,0.0,0.0,0.0,0.0,0.0,640638.0828271133
2020-06-15,631072.6591811226,0.0,0,0.0,0.0,0.0,0.0,0.0,631072.6591811226
2020-06-16,617699.4650956152,0.0,0,0.0,0.0,0.0,0.0,0.0,617699.4650956152
2020-06-17,564929.8360751957,0.0,0,0.0,0.0,0.0,0.0,0.0,564929.8360751957
2020-06-18,513778.8659012041,0.0,0,0.0,0.0,0.0,0.0,0.0,513778.8659012041
2020-06-19,354902.72944037983,0.0,0,0.0,0.0,0.0,0.0,0.0,354902.72944037983
2020-06-22,217395.93376412883,0.0,0,0.0,0.0,0.0,0.0,0.0,217395.93376412883
2020-06-23,154911.96144640582,0.0,0,0.0,0.0,0.0,0.0,0.0,154911.96144640582
2020-06-24,239408.1962458963,0.0,0,0.0,0.0,0.0,0.0,0.0,239408.1962458963
2020-06-25,221345.83028109127,0.0,0,0.0,0.0,0.0,0.0,0.0,221345.83028109127
2020-06-26,160406.36340657462,0.0,0,0.0,0.0,0.0,0.0,0.0,160406.36340657462
2020-06-29,30654.765387371288,0.0,0,0.0,0.0,0.0,0.0,0.0,30654.765387371288
2020-06-30,102.3117236419088,0.0,0,0.0,0.0,0.0,0.0,0.0,102.3117236419088
2020-07-01,0.0,0.0,0,0.0,864613.7242982872,0.0,0.0,0.0,864613.7242982872
2020-07-02,0.0,0.0,0,0.0,833193.148175444,0.0,0.0,0.0,833193.148175444
2020-07-03,0.0,0.0,0,0.0,864401.9759519787,0.0,0.0,0.0,864401.9759519787
2020-07-06,0.0,0.0,0,0.0,1055149.1995426144,0.0,0.0,0.0,1055149.1995426144
2020-07-07,0.0,0.0,0,0.0,952203.0275888845,0.0,0.0,0.0,952203.0275888845
2020-07-08,0.0,0.0,0,0.0,1136401.1416206707,0.0,0.0,0.0,1136401.1416206707
2020-07-09,0.0,0.0,0,0.0,991017.3681739989,0.0,0.0,0.0,991017.3681739989
2020-07-10,0.0,0.0,0,0.0,1052072.2628324616,0.0,0.0,0.0,1052072.2628324616
2020-07-13,0.0,0.0,0,0.0,1180714.808951547,0.0,0.0,0.0,1180714.808951547
2020-07-14,0.0,0.0,0,0.0,1320860.678426728,0.0,0.0,0.0,1320860.678426728
2020-07-15,0.0,0.0,0,0.0,1354832.9533176448,0.0,0.0,0.0,1354832.9533176448
2020-07-16,0.0,0.0,0,0.0,1336628.054710496,0.0,0.0,0.0,1336628.054710496
2020-07-17,0.0,0.0,0,0.0,1407529.3990936843,0.0,0.0,0.0,1407529.3990936843
2020-07-20,0.0,0.0,0,0.0,1544771.8541134284,0.0,0.0,0.0,1544771.8541134284
2020-07-21,0.0,0.0,0,0.0,1606612.2860851898,0.0,0.0,0.0,1606612.2860851898
2020-07-22,0.0,0.0,0,0.0,1626389.4477502354,0.0,0.0,0.0,1626389.4477502354
2020-07-23,0.0,0.0,0,0.0,1634297.086081576,0.0,0.0,0.0,1634297.086081576
2020-07-24,0.0,0.0,0,0.0,1646586.6318496033,0.0,0.0,0.0,1646586.6318496033
2020-07-27,0.0,0.0,0,0.0,1662164.0414398413,0.0,0.0,0.0,1662164.0414398413
2020-07-28,0.0,0.0,0,0.0,1657445.3539051292,0.0,0.0,0.0,1657445.3539051292
2020-07-29,0.0,0.0,0,0.0,1668713.1948158885,0.0,0.0,0.0,1668713.1948158885
2020-07-30,0.0,0.0,0,0.0,1677006.0835745381,0.0,0.0,0.0,1677006.0835745381
2020-07-31,0.0,0.0,0,0.0,0.0,0.0,0.0,0.0,0.0
2020-08-03,0.0,0.0,0,0.0,756861.8435932241,0.0,0.0,0.0,756861.8435932241
2020-08-04,0.0,0.0,0,0.0,849325.1630218702,0.0,0.0,0.0,849325.1630218702
2020-08-05,0.0,0.0,0,0.0,957585.5502771989,0.0,0.0,0.0,957585.5502771989
2020-08-06,0.0,0.0,0,0.0,1002738.4806559402,0.0,0.0,0.0,1002738.4806559402
2020-08-07,0.0,0.0,0,0.0,825263.0749781077,0.0,0.0,0.0,825263.0749781077
2020-08-10,0.0,0.0,0,0.0,704960.7902147635,0.0,0.0,0.0,704960.7902147635
2020-08-11,0.0,0.0,0,0.0,709273.9172747276,0.0,0.0,0.0,709273.9172747276
2020-08-12,0.0,0.0,0,0.0,828159.6997116533,0.0,0.0,0.0,828159.6997116533
2020-08-13,0.0,0.0,0,0.0,904965.4281932734,0.0,0.0,0.0,904965.4281932734
2020-08-14,0.0,0.0,0,0.0,990800.316276396,0.0,0.0,0.0,990800.316276396
2020-08-17,0.0,0.0,0,0.0,1089208.1020653886,0.0,0.0,0.0,1089208.1020653886
2020-08-18,0.0,0.0,0,0.0,1200585.8317582044,0.0,0.0,0.0,1200585.8317582044
2020-08-19,0.0,0.0,0,0.0,1011485.4357771507,0.0,0.0,0.0,1011485.4357771507
2020-08-20,0.0,0.0,0,0.0,1084523.1022501239,0.0,0.0,0.0,1084523.1022501239
2020-08-21,0.0,0.0,0,0.0,900592.2673096266,0.0,0.0,0.0,900592.2673096266
2020-08-24,0.0,0.0,0,0.0,901356.752554658,0.0,0.0,0.0,901356.752554658
2020-08-25,0.0,0.0,0,0.0,1090381.2990222694,0.0,0.0,0.0,1090381.2990222694
2020-08-26,0.0,0.0,0,0.0,1101737.558021459,0.0,0.0,0.0,1101737.558021459
2020-08-27,0.0,0.0,0,0.0,1116331.6074765709,0.0,0.0,0.0,1116331.6074765709
2020-08-28,0.0,0.0,0,0.0,1334621.560109683,0.0,0.0,0.0,1334621.560109683
2020-08-31,0.0,0.0,0,0.0,1408286.9342215932,0.0,0.0,0.0,1408286.9342215932
2020-09-01,0.0,0.0,0,0.0,805094.6957680738,0.0,0.0,0.0,805094.6957680738
2020-09-02,0.0,0.0,0,0.0,674932.9406358271,0.0,0.0,0.0,674932.9406358271
2020-09-03,0.0,0.0,0,0.0,666341.645852826,0.0,0.0,0.0,666341.645852826
2020-09-04,0.0,0.0,0,0.0,625982.0830525644,0.0,0.0,0.0,625982.0830525644
2020-09-07,0.0,0.0,0,0.0,570596.0389859411,0.0,0.0,0.0,570596.0389859411
2020-09-08,0.0,0.0,0,0.0,480821.7940568797,0.0,0.0,0.0,480821.7940568797
2020-09-09,0.0,0.0,0,0.0,534030.9574612867,0.0,0.0,0.0,534030.9574612867
2020-09-10,0.0,0.0,0,0.0,558152.4350181035,0.0,0.0,0.0,558152.4350181035
2020-09-11,0.0,0.0,0,0.0,625689.0241385893,0.0,0.0,0.0,625689.0241385893
2020-09-14,0.0,0.0,0,0.0,674796.0342842945,0.0,0.0,0.0,674796.0342842945
2020-09-15,0.0,0.0,0,0.0,614672.6945562722,0.0,0.0,0.0,614672.6945562722
2020-09-16,0.0,0.0,0,0.0,492509.3884331431,0.0,0.0,0.0,492509.3884331431
2020-09-17,0.0,0.0,0,0.0,594602.3747568488,0.0,0.0,0.0,594602.3747568488
2020-09-18,0.0,0.0,0,0.0,549719.2334309167,0.0,0.0,0.0,549719.2334309167
2020-09-21,0.0,0.0,0,0.0,297021.44212091446,0.0,0.0,0.0,297021.44212091446
2020-09-22,0.0,0.0,0,0.0,123137.77304027657,0.0,0.0,0.0,123137.77304027657
2020-09-23,0.0,0.0,0,0.0,50366.25798168521,0.0,0.0,0.0,50366.25798168521
2020-09-24,0.0,0.0,0,0.0,47583.36355540936,0.0,0.0,0.0,47583.36355540936
2020-09-25,0.0,0.0,0,0.0,10702.965798343284,0.0,0.0,0.0,10702.965798343284
2020-09-28,0.0,0.0,0,0.0,1661.8835440884025,0.0,0.0,0.0,1661.8835440884025
2020-09-29,0.0,0.0,0,0.0,17063.077547439967,0.0,0.0,0.0,17063.077547439967
2020-09-30,0.0,0.0,0,0.0,77.17804778084519,0.0,0.0,0.0,77.17804778084519
2020-10-01,0.0,0.0,0,0.0,943636.5876029668,0.0,0.0,0.0,943636.5876029668
2020-10-02,0.0,0.0,0,0.0,843881.0638014532,0.0,0.0,0.0,843881.0638014532
2020-10-05,0.0,0.0,0,0.0,1050795.7978932578,0.0,0.0,0.0,1050795.7978932578
2020-10-06,0.0,0.0,0,0.0,897707.4673949431,0.0,0.0,0.0,897707.4673949431
2020-10-07,0.0,0.0,0,0.0,995316.7915233764,0.0,0.0,0.0,995316.7915233764
2020-10-08,0.0,0.0,0,0.0,990748.9948841078,0.0,0.0,0.0,990748.9948841078
2020-10-09,0.0,0.0,0,0.0,1235302.2187273577,0.0,0.0,0.0,1235302.2187273577
2020-10-12,0.0,0.0,0,0.0,1226191.7674784623,0.0,0.0,0.0,1226191.7674784623
2020-10-13,0.0,0.0,0,0.0,955884.7046874231,0.0,0.0,0.0,955884.7046874231
2020-10-14,0.0,0.0,0,0.0,958606.9717691707,0.0,0.0,0.0,958606.9717691707
2020-10-15,0.0,0.0,0,0.0,779215.881653526,0.0,0.0,0.0,779215.881653526
2020-10-16,0.0,0.0,0,0.0,820704.8098905773,0.0,0.0,0.0,820704.8098905773
2020-10-19,0.0,0.0,0,0.0,1098771.444667081,0.0,0.0,0.0,1098771.444667081
2020-10-20,0.0,0.0,0,0.0,1358935.4172147368,0.0,0.0,0.0,1358935.4172147368
2020-10-21,0.0,0.0,0,0.0,1487846.2835919578,0.0,0.0,0.0,1487846.2835919578
2020-10-22,0.0,0.0,0,0.0,1348345.3694438566,0.0,0.0,0.0,1348345.3694438566
2020-10-23,0.0,0.0,0,0.0,1567349.705939263,0.0,0.0,0.0,1567349.705939263
2020-10-26,0.0,0.0,0,0.0,1477103.3449225887,0.0,0.0,0.0,1477103.3449225887
2020-10-27,0.0,0.0,0,0.0,1438923.9836827726,0.0,0.0,0.0,1438923.9836827726
2020-10-28,0.0,0.0,0,0.0,1000767.9333733123,0.0,0.0,0.0,1000767.9333733123
2020-10-29,0.0,0.0,0,0.0,353436.69766674493,0.0,0.0,0.0,353436.69766674493
2020-10-30,0.0,0.0,0,0.0,0.0,0.0,0.0,0.0,0.0
2020-11-02,0.0,0.0,0,325559.538244797,0.0,0.0,0.0,0.0,325559.538244797
2020-11-03,0.0,0.0,0,264805.2904592634,0.0,0.0,0.0,0.0,264805.2904592634
2020-11-04,0.0,0.0,0,255097.2865576709,0.0,0.0,0.0,0.0,255097.2865576709
2020-11-05,0.0,0.0,0,130534.84016538307,0.0,0.0,0.0,0.0,130534.84016538307
2020-11-06,0.0,0.0,0,143319.38031489955,0.0,0.0,0.0,0.0,143319.38031489955
2020-11-09,0.0,0.0,0,88644.32473540743,0.0,0.0,0.0,0.0,88644.32473540743
2020-11-10,0.0,0.0,0,98760.5528230552,0.0,0.0,0.0,0.0,98760.5528230552
2020-11-11,0.0,0.0,0,118504.23775744805,0.0,0.0,0.0,0.0,118504.23775744805
2020-11-12,0.0,0.0,0,122833.4807360762,0.0,0.0,0.0,0.0,122833.4807360762
2020-11-13,0.0,0.0,0,110220.03042291942,0.0,0.0,0.0,0.0,110220.03042291942
2020-11-16,0.0,0.0,0,51691.58147773834,0.0,0.0,0.0,0.0,51691.58147773834
2020-11-17,0.0,0.0,0,47081.559354775425,0.0,0.0,0.0,0.0,47081.559354775425
2020-11-18,0.0,0.0,0,37040.635475808165,0.0,0.0,0.0,0.0,37040.635475808165
2020-11-19,0.0,0.0,0,31645.73874291465,0.0,0.0,0.0,0.0,31645.73874291465
2020-11-20,0.0,0.0,0,27534.778389237188,0.0,0.0,0.0,0.0,27534.778389237188
2020-11-23,0.0,0.0,0,11293.618083803158,0.0,0.0,0.0,0.0,11293.618083803158
2020-11-24,0.0,0.0,0,2085.7144566649895,0.0,0.0,0.0,0.0,2085.7144566649895
2020-11-25,0.0,0.0,0,859.4882983340252,0.0,0.0,0.0,0.0,859.4882983340252
2020-11-26,0.0,0.0,0,486.74118896083894,0.0,0.0,0.0,0.0,486.74118896083894
2020-11-27,0.0,0.0,0,318.49485405914686,0.0,0.0,0.0,0.0,318.49485405914686
2020-11-30,0.0,0.0,0,0.0019673386328585957,0.0,0.0,0.0,0.0,0.0019673386328585957
2020-12-01,0.0,0.0,0,0.0,932375.6328673285,0.0,0.0,0.0,932375.6328673285
2020-12-02,0.0,0.0,0,0.0,1056475.9141044205,0.0,0.0,0.0,1056475.9141044205
2020-12-03,0.0,0.0,0,0.0,1144903.6878466497,0.0,0.0,0.0,1144903.6878466497
2020-12-04,0.0,0.0,0,0.0,1072099.5874268736,0.0,0.0,0.0,1072099.5874268736
2020-12-07,0.0,0.0,0,0.0,1038293.3801003287,0.0,0.0,0.0,1038293.3801003287
2020-12-08,0.0,0.0,0,0.0,1040296.79832132,0.0,0.0,0.0,1040296.79832132
2020-12-09,0.0,0.0,0,0.0,961253.2591193374,0.0,0.0,0.0,961253.2591193374
2020-12-10,0.0,0.0,0,0.0,1135853.8220164278,0.0,0.0,0.0,1135853.8220164278
2020-12-11,0.0,0.0,0,0.0,1050744.8554466798,0.0,0.0,0.0,1050744.8554466798
2020-12-14,0.0,0.0,0,0.0,1173311.578691348,0.0,0.0,0.0,1173311.578691348
2020-12-15,0.0,0.0,0,0.0,1209505.996762391,0.0,0.0,0.0,1209505.996762391
2020-12-16,0.0,0.0,0,0.0,1380595.4997615654,0.0,0.0,0.0,1380595.4997615654
2020-12-17,0.0,0.0,0,0.0,1544368.7589893083,0.0,0.0,0.0,1544368.7589893083
2020-12-18,0.0,0.0,0,0.0,1569439.159367672,0.0,0.0,0.0,1569439.159367672
2020-12-21,0.0,0.0,0,0.0,1559631.4250199026,0.0,0.0,0.0,1559631.4250199026
2020-12-22,0.0,0.0,0,0.0,1374373.7762497398,0.0,0.0,0.0,1374373.7762497398
2020-12-23,0.0,0.0,0,0.0,1490124.1514159644,0.0,0.0,0.0,1490124.1514159644
2020-12-24,0.0,0.0,0,0.0,1536960.142684736,0.0,0.0,0.0,1536960.142684736
2020-12-25,0.0,0.0,0,0.0,1562801.0823468613,0.0,0.0,0.0,1562801.0823468613
2020-12-28,0.0,0.0,0,0.0,1697217.8266941952,0.0,0.0,0.0,1697217.8266941952
2020-12-29,0.0,0.0,0,0.0,1729134.700684633,0.0,0.0,0.0,1729134.700684633
2020-12-30,0.0,0.0,0,0.0,1740982.7876881412,0.0,0.0,0.0,1740982.7876881412
2020-12-31,0.0,0.0,0,0.0,1729577.8871852946,0.0,0.0,0.0,1729577.8871852946
2021-01-01,0.0,0.0,0,0.0,915082.0566385925,0.0,0.0,0.0,915082.0566385925
2021-01-04,0.0,0.0,0,0.0,1008767.66914267,0.0,0.0,0.0,1008767.66914267
2021-01-05,0.0,0.0,0,0.0,1152026.2049471966,0.0,0.0,0.0,1152026.2049471966
2021-01-06,0.0,0.0,0,0.0,1239500.615374721,0.0,0.0,0.0,1239500.615374721
2021-01-07,0.0,0.0,0,0.0,1098972.0266573424,0.0,0.0,0.0,1098972.0266573424
2021-01-08,0.0,0.0,0,0.0,932358.5719661079,0.0,0.0,0.0,932358.5719661079
2021-01-11,0.0,0.0,0,0.0,710790.1463886743,0.0,0.0,0.0,710790.1463886743
2021-01-12,0.0,0.0,0,0.0,898503.7985965902,0.0,0.0,0.0,898503.7985965902
2021-01-13,0.0,0.0,0,0.0,712895.0337303055,0.0,0.0,0.0,712895.0337303055
2021-01-14,0.0,0.0,0,0.0,700566.4981275178,0.0,0.0,0.0,700566.4981275178
2021-01-15,0.0,0.0,0,0.0,431366.1815668664,0.0,0.0,0.0,431366.1815668664
2021-01-18,0.0,0.0,0,0.0,372486.1385569596,0.0,0.0,0.0,372486.1385569596
2021-01-19,0.0,0.0,0,0.0,546706.2827838926,0.0,0.0,0.0,546706.2827838926
2021-01-20,0.0,0.0,0,0.0,425845.30594695325,0.0,0.0,0.0,425845.30594695325
2021-01-21,0.0,0.0,0,0.0,694307.3468283683,0.0,0.0,0.0,694307.3468283683
2021-01-22,0.0,0.0,0,0.0,719192.8080880245,0.0,0.0,0.0,719192.8080880245
2021-01-25,0.0,0.0,0,0.0,496997.3137950912,0.0,0.0,0.0,496997.3137950912
2021-01-26,0.0,0.0,0,0.0,593867.381626339,0.0,0.0,0.0,593867.381626339
2021-01-27,0.0,0.0,0,0.0,291969.6592216138,0.0,0.0,0.0,291969.6592216138
2021-01-28,0.0,0.0,0,0.0,282743.3133329559,0.0,0.0,0.0,282743.3133329559
2021-01-29,0.0,0.0,0,0.0,313606.3103704195,0.0,0.0,0.0,313606.3103704195
2021-02-01,0.0,0.0,0,0.0,1075685.1693460417,0.0,0.0,0.0,1075685.1693460417
2021-02-02,0.0,0.0,0,0.0,1013747.7906759083,0.0,0.0,0.0,1013747.7906759083
2021-02-03,0.0,0.0,0,0.0,981802.4008504634,0.0,0.0,0.0,981802.4008504634
2021-02-04,0.0,0.0,0,0.0,684748.9765299106,0.0,0.0,0.0,684748.9765299106
2021-02-05,0.0,0.0,0,0.0,1024563.3911356357,0.0,0.0,0.0,1024563.3911356357
2021-02-08,0.0,0.0,0,0.0,1045213.6540594528,0.0,0.0,0.0,1045213.6540594528
2021-02-09,0.0,0.0,0,0.0,1366960.694058482,0.0,0.0,0.0,1366960.694058482
2021-02-10,0.0,0.0,0,0.0,1382904.0803916347,0.0,0.0,0.0,1382904.0803916347
2021-02-11,0.0,0.0,0,0.0,1448629.1401140771,0.0,0.0,0.0,1448629.1401140771
2021-02-12,0.0,0.0,0,0.0,1424202.9099152226,0.0,0.0,0.0,1424202.9099152226
2021-02-15,0.0,0.0,0,0.0,1516981.6631691149,0.0,0.0,0.0,1516981.6631691149
2021-02-16,0.0,0.0,0,0.0,1390121.2114887147,0.0,0.0,0.0,1390121.2114887147
2021-02-17,0.0,0.0,0,0.0,971069.4945537832,0.0,0.0,0.0,971069.4945537832
2021-02-18,0.0,0.0,0,0.0,1327756.184835554,0.0,0.0,0.0,1327756.184835554
2021-02-19,0.0,0.0,0,0.0,1518213.5007584975,0.0,0.0,0.0,1518213.5007584975
2021-02-22,0.0,0.0,0,0.0,1746101.4708709314,0.0,0.0,0.0,1746101.4708709314
2021-02-23,0.0,0.0,0,0.0,1741884.4530456224,0.0,0.0,0.0,1741884.4530456224
2021-02-24,0.0,0.0,0,0.0,1854678.2866455577,0.0,0.0,0.0,1854678.2866455577
2021-02-25,0.0,0.0,0,0.0,1820875.2142717028,0.0,0.0,0.0,1820875.2142717028
2021-02-26,0.0,0.0,0,0.0,1288276.6062754951,0.0,0.0,0.0,1288276.6062754951
2021-03-01,0.0,0.0,0,0.0,0.0,1006068.0308102911,0.0,0.0,1006068.0308102911
2021-03-02,0.0,0.0,0,0.0,0.0,984774.4747793133,0.0,0.0,984774.4747793133
2021-03-03,0.0,0.0,0,0.0,0.0,1107590.0292060708,0.0,0.0,1107590.0292060708
2021-03-04,0.0,0.0,0,0.0,0.0,1416671.1928314175,0.0,0.0,1416671.1928314175
2021-03-05,0.0,0.0,0,0.0,0.0,1507843.9540591796,0.0,0.0,1507843.9540591796
2021-03-08,0.0,0.0,0,0.0,0.0,1626914.034454752,0.0,0.0,1626914.034454752
2021-03-09,0.0,0.0,0,0.0,0.0,1554342.3720091942,0.0,0.0,1554342.3720091942
2021-03-10,0.0,0.0,0,0.0,0.0,1556078.234175573,0.0,0.0,1556078.234175573
2021-03-11,0.0,0.0,0,0.0,0.0,1593083.860338482,0.0,0.0,1593083.860338482
2021-03-12,0.0,0.0,0,0.0,0.0,1660342.2006485895,0.0,0.0,1660342.2006485895
2021-03-15,0.0,0.0,0,0.0,0.0,1690584.2788555354,0.0,0.0,1690584.2788555354
2021-03-16,0.0,0.0,0,0.0,0.0,1697169.7222764655,0.0,0.0,1697169.7222764655
2021-03-17,0.0,0.0,0,0.0,0.0,1745733.1542193526,0.0,0.0,1745733.1542193526
2021-03-18,0.0,0.0,0,0.0,0.0,1748724.2027366792,0.0,0.0,1748724.2027366792
2021-03-19,0.0,0.0,0,0.0,0.0,1774573.904317481,0.0,0.0,1774573.904317481
2021-03-22,0.0,0.0,0,0.0,0.0,1811637.997364915,0.0,0.0,1811637.997364915
2021-03-23,0.0,0.0,0,0.0,0.0,1783045.7499645432,0.0,0.0,1783045.7499645432
2021-03-24,0.0,0.0,0,0.0,0.0,1808707.781613493,0.0,0.0,1808707.781613493
2021-03-25,0.0,0.0,0,0.0,0.0,1833813.4354498605,0.0,0.0,1833813.4354498605
2021-03-26,0.0,0.0,0,0.0,0.0,1839012.277888656,0.0,0.0,1839012.277888656
2021-03-29,0.0,0.0,0,0.0,0.0,1839782.4260164183,0.0,0.0,1839782.4260164183
2021-03-30,0.0,0.0,0,0.0,0.0,1839817.87641405,0.0,0.0,1839817.87641405
2021-03-31,0.0,0.0,0,0.0,0.0,1839888.4413011456,0.0,0.0,1839888.4413011456
2021-04-01,0.0,0.0,0,0.0,0.0,1060157.4569861083,0.0,0.0,1060157.4569861083
2021-04-02,0.0,0.0,0,0.0,0.0,1094468.5905110827,0.0,0.0,1094468.5905110827
2021-04-05,0.0,0.0,0,0.0,0.0,879416.9225925708,0.0,0.0,879416.9225925708
2021-04-06,0.0,0.0,0,0.0,0.0,701484.4265089526,0.0,0.0,701484.4265089526
2021-04-07,0.0,0.0,0,0.0,0.0,736080.0301206745,0.0,0.0,736080.0301206745
2021-04-08,0.0,0.0,0,0.0,0.0,476200.4953296389,0.0,0.0,476200.4953296389
2021-04-09,0.0,0.0,0,0.0,0.0,614996.9632806735,0.0,0.0,614996.9632806735
2021-04-12,0.0,0.0,0,0.0,0.0,444903.01937698195,0.0,0.0,444903.01937698195
2021-04-13,0.0,0.0,0,0.0,0.0,314269.2447141213,0.0,0.0,314269.2447141213
2021-04-14,0.0,0.0,0,0.0,0.0,238931.36617884925,0.0,0.0,238931.36617884925
2021-04-15,0.0,0.0,0,0.0,0.0,173328.41926203895,0.0,0.0,173328.41926203895
2021-04-16,0.0,0.0,0,0.0,0.0,149805.76822415923,0.0,0.0,149805.76822415923
2021-04-19,0.0,0.0,0,0.0,0.0,43727.60604962151,0.0,0.0,43727.60604962151
2021-04-20,0.0,0.0,0,0.0,0.0,33736.09971622105,0.0,0.0,33736.09971622105
2021-04-21,0.0,0.0,0,0.0,0.0,22354.832259898732,0.0,0.0,22354.832259898732
2021-04-22,0.0,0.0,0,0.0,0.0,13779.187916520845,0.0,0.0,13779.187916520845
2021-04-23,0.0,0.0,0,0.0,0.0,5553.994671604388,0.0,0.0,5553.994671604388
2021-04-26,0.0,0.0,0,0.0,0.0,446.6089186846342,0.0,0.0,446.6089186846342
2021-04-27,0.0,0.0,0,0.0,0.0,4299.354611001806,0.0,0.0,4299.354611001806
2021-04-28,0.0,0.0,0,0.0,0.0,248.87010967684884,0.0,0.0,248.87010967684884
2021-04-29,0.0,0.0,0,0.0,0.0,20.435080576644143,0.0,0.0,20.435080576644143
2021-04-30,0.0,0.0,0,0.0,0.0,0.0,0.0,0.0,0.0
2021-05-03,0.0,0.0,0,0.0,0.0,1111072.0889604515,0.0,0.0,1111072.0889604515
2021-05-04,0.0,0.0,0,0.0,0.0,1233474.0996992714,0.0,0.0,1233474.0996992714
2021-05-05,0.0,0.0,0,0.0,0.0,1188405.3951836163,0.0,0.0,1188405.3951836163
2021-05-06,0.0,0.0,0,0.0,0.0,1133014.7056146595,0.0,0.0,1133014.7056146595
2021-05-07,0.0,0.0,0,0.0,0.0,894296.8509403726,0.0,0.0,894296.8509403726
2021-05-10,0.0,0.0,0,0.0,0.0,996183.9905532487,0.0,0.0,996183.9905532487
2021-05-11,0.0,0.0,0,0.0,0.0,895956.7195436192,0.0,0.0,895956.7195436192
2021-05-12,0.0,0.0,0,0.0,0.0,1415522.013803171,0.0,0.0,1415522.013803171
2021-05-13,0.0,0.0,0,0.0,0.0,1349542.5168921626,0.0,0.0,1349542.5168921626
2021-05-14,0.0,0.0,0,0.0,0.0,1312520.624836764,0.0,0.0,1312520.624836764
2021-05-17,0.0,0.0,0,0.0,0.0,1251615.4585339618,0.0,0.0,1251615.4585339618
2021-05-18,0.0,0.0,0,0.0,0.0,1049416.9298645481,0.0,0.0,1049416.9298645481
2021-05-19,0.0,0.0,0,0.0,0.0,1255667.890155417,0.0,0.0,1255667.890155417
2021-05-20,0.0,0.0,0,0.0,0.0,961857.4709111485,0.0,0.0,961857.4709111485
2021-05-21,0.0,0.0,0,0.0,0.0,1103913.1442968014,0.0,0.0,1103913.1442968014
2021-05-24,0.0,0.0,0,0.0,0.0,910411.7602864703,0.0,0.0,910411.7602864703
2021-05-25,0.0,0.0,0,0.0,0.0,938549.983964981,0.0,0.0,938549.983964981
2021-05-26,0.0,0.0,0,0.0,0.0,1346772.9603775989,0.0,0.0,1346772.9603775989
2021-05-27,0.0,0.0,0,0.0,0.0,1857976.4831580527,0.0,0.0,1857976.4831580527
2021-05-28,0.0,0.0,0,0.0,0.0,1919192.1152405438,0.0,0.0,1919192.1152405438
2021-05-31,0.0,0.0,0,0.0,0.0,2010083.2833327889,0.0,0.0,2010083.2833327889
2021-06-01,0.0,0.0,0,0.0,0.0,0.0,0.0,0.0,0.0
