Date,USDCNY_gamma,USDBRL_gamma,USDZAR_gamma,USDRUB_gamma,EURUSD_gamma,USDJPY_gamma,USDMXN_gamma,USDCAD_gamma,Total_gamma
2016-04-01,0.0,0.0,0,0.0,10268005.611969307,0.0,0.0,0.0,10268005.611969307
2016-04-04,0.0,0.0,0,0.0,11352741.502583073,0.0,0.0,0.0,11352741.502583073
2016-04-05,0.0,0.0,0,0.0,11074973.705454132,0.0,0.0,0.0,11074973.705454132
2016-04-06,0.0,0.0,0,0.0,11441293.108003058,0.0,0.0,0.0,11441293.108003058
2016-04-07,0.0,0.0,0,0.0,10594793.752785109,0.0,0.0,0.0,10594793.752785109
2016-04-08,0.0,0.0,0,0.0,12358028.918822136,0.0,0.0,0.0,12358028.918822136
2016-04-11,0.0,0.0,0,0.0,13786164.178816026,0.0,0.0,0.0,13786164.178816026
2016-04-12,0.0,0.0,0,0.0,13613503.479014998,0.0,0.0,0.0,13613503.479014998
2016-04-13,0.0,0.0,0,0.0,7925013.055520609,0.0,0.0,0.0,7925013.055520609
2016-04-14,0.0,0.0,0,0.0,7352635.734453615,0.0,0.0,0.0,7352635.734453615
2016-04-15,0.0,0.0,0,0.0,8407968.834354129,0.0,0.0,0.0,8407968.834354129
2016-04-18,0.0,0.0,0,0.0,11115331.613646844,0.0,0.0,0.0,11115331.613646844
2016-04-19,0.0,0.0,0,0.0,15627910.07752786,0.0,0.0,0.0,15627910.07752786
2016-04-20,0.0,0.0,0,0.0,10371370.14539377,0.0,0.0,0.0,10371370.14539377
2016-04-21,0.0,0.0,0,0.0,9508204.66341419,0.0,0.0,0.0,9508204.66341419
2016-04-22,0.0,0.0,0,0.0,3537999.9510085806,0.0,0.0,0.0,3537999.9510085806
2016-04-25,0.0,0.0,0,0.0,5860554.994738116,0.0,0.0,0.0,5860554.994738116
2016-04-26,0.0,0.0,0,0.0,10041244.254677538,0.0,0.0,0.0,10041244.254677538
2016-04-27,0.0,0.0,0,0.0,16560381.066881692,0.0,0.0,0.0,16560381.066881692
2016-04-28,0.0,0.0,0,0.0,42962006.709854,0.0,0.0,0.0,42962006.709854
2016-04-29,0.0,0.0,0,0.0,0.0,0.0,0.0,0.0,0.0
2016-05-02,0.0,0.0,0,0.0,8919107.694302471,0.0,0.0,0.0,8919107.694302471
2016-05-03,0.0,0.0,0,0.0,8376295.542514125,0.0,0.0,0.0,8376295.542514125
2016-05-04,0.0,0.0,0,0.0,8361327.263736987,0.0,0.0,0.0,8361327.263736987
2016-05-05,0.0,0.0,0,0.0,6161413.0680097155,0.0,0.0,0.0,6161413.0680097155
2016-05-06,0.0,0.0,0,0.0,6490680.504564363,0.0,0.0,0.0,6490680.504564363
2016-05-09,0.0,0.0,0,0.0,5880774.073808535,0.0,0.0,0.0,5880774.073808535
2016-05-10,0.0,0.0,0,0.0,5394988.296399657,0.0,0.0,0.0,5394988.296399657
2016-05-11,0.0,0.0,0,0.0,8042772.233742745,0.0,0.0,0.0,8042772.233742745
2016-05-12,0.0,0.0,0,0.0,5514938.229174804,0.0,0.0,0.0,5514938.229174804
2016-05-13,0.0,0.0,0,0.0,2710579.2322684275,0.0,0.0,0.0,2710579.2322684275
2016-05-16,0.0,0.0,0,0.0,2730113.0858915546,0.0,0.0,0.0,2730113.0858915546
2016-05-17,0.0,0.0,0,0.0,2171389.5197759448,0.0,0.0,0.0,2171389.5197759448
2016-05-18,0.0,0.0,0,0.0,435401.6499466706,0.0,0.0,0.0,435401.6499466706
2016-05-19,0.0,0.0,0,0.0,258507.0995503186,0.0,0.0,0.0,258507.0995503186
2016-05-20,0.0,0.0,0,0.0,208365.8287169292,0.0,0.0,0.0,208365.8287169292
2016-05-23,0.0,0.0,0,0.0,29861.583037785014,0.0,0.0,0.0,29861.583037785014
2016-05-24,0.0,0.0,0,0.0,443.9662609238012,0.0,0.0,0.0,443.9662609238012
2016-05-25,0.0,0.0,0,0.0,90.6399310896045,0.0,0.0,0.0,90.6399310896045
2016-05-26,0.0,0.0,0,0.0,6811.084806144879,0.0,0.0,0.0,6811.084806144879
2016-05-27,0.0,0.0,0,0.0,103.7081164168349,0.0,0.0,0.0,103.7081164168349
2016-05-30,0.0,0.0,0,0.0,0.001817913839455931,0.0,0.0,0.0,0.001817913839455931
2016-05-31,0.0,0.0,0,0.0,9.996497732565164e-11,0.0,0.0,0.0,9.996497732565164e-11
2016-06-01,5712258.7300955765,0.0,0,0.0,0.0,0.0,0.0,0.0,5712258.7300955765
2016-06-02,6451641.393051851,0.0,0,0.0,0.0,0.0,0.0,0.0,6451641.393051851
2016-06-03,4783711.070942034,0.0,0,0.0,0.0,0.0,0.0,0.0,4783711.070942034
2016-06-06,5620989.908311512,0.0,0,0.0,0.0,0.0,0.0,0.0,5620989.908311512
2016-06-07,6394724.004720522,0.0,0,0.0,0.0,0.0,0.0,0.0,6394724.004720522
2016-06-08,5893307.835229496,0.0,0,0.0,0.0,0.0,0.0,0.0,5893307.835229496
2016-06-09,5736875.246396982,0.0,0,0.0,0.0,0.0,0.0,0.0,5736875.246396982
2016-06-10,5521760.715649528,0.0,0,0.0,0.0,0.0,0.0,0.0,5521760.715649528
2016-06-13,7979920.612052985,0.0,0,0.0,0.0,0.0,0.0,0.0,7979920.612052985
2016-06-14,8034705.432035322,0.0,0,0.0,0.0,0.0,0.0,0.0,8034705.432035322
2016-06-15,6701359.898708198,0.0,0,0.0,0.0,0.0,0.0,0.0,6701359.898708198
2016-06-16,7719493.12762398,0.0,0,0.0,0.0,0.0,0.0,0.0,7719493.12762398
2016-06-17,6231893.939003948,0.0,0,0.0,0.0,0.0,0.0,0.0,6231893.939003948
2016-06-20,6988409.674841798,0.0,0,0.0,0.0,0.0,0.0,0.0,6988409.674841798
2016-06-21,8091376.492143709,0.0,0,0.0,0.0,0.0,0.0,0.0,8091376.492143709
2016-06-22,7272220.879759353,0.0,0,0.0,0.0,0.0,0.0,0.0,7272220.879759353
2016-06-23,7590970.094192169,0.0,0,0.0,0.0,0.0,0.0,0.0,7590970.094192169
2016-06-24,10345177.740406208,0.0,0,0.0,0.0,0.0,0.0,0.0,10345177.740406208
2016-06-27,3531980.373467184,0.0,0,0.0,0.0,0.0,0.0,0.0,3531980.373467184
2016-06-28,2966384.041843746,0.0,0,0.0,0.0,0.0,0.0,0.0,2966384.041843746
2016-06-29,585302.1710876453,0.0,0,0.0,0.0,0.0,0.0,0.0,585302.1710876453
2016-06-30,437.96229535957576,0.0,0,0.0,0.0,0.0,0.0,0.0,437.96229535957576
2016-07-01,4851904.293129575,0.0,0,0.0,0.0,0.0,0.0,0.0,4851904.293129575
2016-07-04,5560224.066873134,0.0,0,0.0,0.0,0.0,0.0,0.0,5560224.066873134
2016-07-05,6798038.782131214,0.0,0,0.0,0.0,0.0,0.0,0.0,6798038.782131214
2016-07-06,6710275.091852294,0.0,0,0.0,0.0,0.0,0.0,0.0,6710275.091852294
2016-07-07,6562551.7539851945,0.0,0,0.0,0.0,0.0,0.0,0.0,6562551.7539851945
2016-07-08,6913320.02906725,0.0,0,0.0,0.0,0.0,0.0,0.0,6913320.02906725
2016-07-11,7967511.131751619,0.0,0,0.0,0.0,0.0,0.0,0.0,7967511.131751619
2016-07-12,8426241.524433972,0.0,0,0.0,0.0,0.0,0.0,0.0,8426241.524433972
2016-07-13,8746932.322070807,0.0,0,0.0,0.0,0.0,0.0,0.0,8746932.322070807
2016-07-14,9204235.601089142,0.0,0,0.0,0.0,0.0,0.0,0.0,9204235.601089142
2016-07-15,9335525.824389413,0.0,0,0.0,0.0,0.0,0.0,0.0,9335525.824389413
2016-07-18,9783463.23765024,0.0,0,0.0,0.0,0.0,0.0,0.0,9783463.23765024
2016-07-19,10851859.634884646,0.0,0,0.0,0.0,0.0,0.0,0.0,10851859.634884646
2016-07-20,10945054.900382936,0.0,0,0.0,0.0,0.0,0.0,0.0,10945054.900382936
2016-07-21,9978259.220857238,0.0,0,0.0,0.0,0.0,0.0,0.0,9978259.220857238
2016-07-22,9597839.49186603,0.0,0,0.0,0.0,0.0,0.0,0.0,9597839.49186603
2016-07-25,12758655.52786128,0.0,0,0.0,0.0,0.0,0.0,0.0,12758655.52786128
2016-07-26,11753325.301523557,0.0,0,0.0,0.0,0.0,0.0,0.0,11753325.301523557
2016-07-27,12637109.580600014,0.0,0,0.0,0.0,0.0,0.0,0.0,12637109.580600014
2016-07-28,10719064.243407838,0.0,0,0.0,0.0,0.0,0.0,0.0,10719064.243407838
2016-07-29,705194.6661346222,0.0,0,0.0,0.0,0.0,0.0,0.0,705194.6661346222
2016-08-01,6970397.120425482,0.0,0,0.0,0.0,0.0,0.0,0.0,6970397.120425482
2016-08-02,6558150.768265609,0.0,0,0.0,0.0,0.0,0.0,0.0,6558150.768265609
2016-08-03,6725624.433625786,0.0,0,0.0,0.0,0.0,0.0,0.0,6725624.433625786
2016-08-04,7147529.392755867,0.0,0,0.0,0.0,0.0,0.0,0.0,7147529.392755867
2016-08-05,8289210.3961540405,0.0,0,0.0,0.0,0.0,0.0,0.0,8289210.3961540405
2016-08-08,9092796.514085917,0.0,0,0.0,0.0,0.0,0.0,0.0,9092796.514085917
2016-08-09,9148949.060572796,0.0,0,0.0,0.0,0.0,0.0,0.0,9148949.060572796
2016-08-10,7909011.750597846,0.0,0,0.0,0.0,0.0,0.0,0.0,7909011.750597846
2016-08-11,7157054.33295691,0.0,0,0.0,0.0,0.0,0.0,0.0,7157054.33295691
2016-08-12,7712724.3648132915,0.0,0,0.0,0.0,0.0,0.0,0.0,7712724.3648132915
2016-08-15,9536869.982988149,0.0,0,0.0,0.0,0.0,0.0,0.0,9536869.982988149
2016-08-16,9238683.677833231,0.0,0,0.0,0.0,0.0,0.0,0.0,9238683.677833231
2016-08-17,7521650.863536171,0.0,0,0.0,0.0,0.0,0.0,0.0,7521650.863536171
2016-08-18,8788243.77778179,0.0,0,0.0,0.0,0.0,0.0,0.0,8788243.77778179
2016-08-19,8762013.915108487,0.0,0,0.0,0.0,0.0,0.0,0.0,8762013.915108487
2016-08-22,9928693.37166562,0.0,0,0.0,0.0,0.0,0.0,0.0,9928693.37166562
2016-08-23,10179598.116178948,0.0,0,0.0,0.0,0.0,0.0,0.0,10179598.116178948
2016-08-24,14763686.648336468,0.0,0,0.0,0.0,0.0,0.0,0.0,14763686.648336468
2016-08-25,15703857.300390346,0.0,0,0.0,0.0,0.0,0.0,0.0,15703857.300390346
2016-08-26,15112604.880563188,0.0,0,0.0,0.0,0.0,0.0,0.0,15112604.880563188
2016-08-29,18851469.022384558,0.0,0,0.0,0.0,0.0,0.0,0.0,18851469.022384558
2016-08-30,24563981.34028884,0.0,0,0.0,0.0,0.0,0.0,0.0,24563981.34028884
2016-08-31,11720907.025495315,0.0,0,0.0,0.0,0.0,0.0,0.0,11720907.025495315
2016-09-01,6104529.010281614,0.0,0,0.0,0.0,0.0,0.0,0.0,6104529.010281614
2016-09-02,7112786.798007176,0.0,0,0.0,0.0,0.0,0.0,0.0,7112786.798007176
2016-09-05,7894543.719182487,0.0,0,0.0,0.0,0.0,0.0,0.0,7894543.719182487
2016-09-06,8390643.5100241,0.0,0,0.0,0.0,0.0,0.0,0.0,8390643.5100241
2016-09-07,7311620.271539441,0.0,0,0.0,0.0,0.0,0.0,0.0,7311620.271539441
2016-09-08,8040628.003247716,0.0,0,0.0,0.0,0.0,0.0,0.0,8040628.003247716
2016-09-09,8707871.547164423,0.0,0,0.0,0.0,0.0,0.0,0.0,8707871.547164423
2016-09-12,9469309.099686082,0.0,0,0.0,0.0,0.0,0.0,0.0,9469309.099686082
2016-09-13,9058658.75377331,0.0,0,0.0,0.0,0.0,0.0,0.0,9058658.75377331
2016-09-14,8949711.6551891,0.0,0,0.0,0.0,0.0,0.0,0.0,8949711.6551891
2016-09-15,7527074.092225599,0.0,0,0.0,0.0,0.0,0.0,0.0,7527074.092225599
2016-09-16,7687256.794074969,0.0,0,0.0,0.0,0.0,0.0,0.0,7687256.794074969
2016-09-19,9062307.612212583,0.0,0,0.0,0.0,0.0,0.0,0.0,9062307.612212583
2016-09-20,10630770.325724076,0.0,0,0.0,0.0,0.0,0.0,0.0,10630770.325724076
2016-09-21,12049983.171489855,0.0,0,0.0,0.0,0.0,0.0,0.0,12049983.171489855
2016-09-22,12646265.429825492,0.0,0,0.0,0.0,0.0,0.0,0.0,12646265.429825492
2016-09-23,14368805.153351324,0.0,0,0.0,0.0,0.0,0.0,0.0,14368805.153351324
2016-09-26,16783550.296989445,0.0,0,0.0,0.0,0.0,0.0,0.0,16783550.296989445
2016-09-27,17948539.29962728,0.0,0,0.0,0.0,0.0,0.0,0.0,17948539.29962728
2016-09-28,35190648.61864957,0.0,0,0.0,0.0,0.0,0.0,0.0,35190648.61864957
2016-09-29,16195580.904679708,0.0,0,0.0,0.0,0.0,0.0,0.0,16195580.904679708
2016-09-30,0.0,0.0,0,0.0,0.0,0.0,0.0,0.0,0.0
2016-10-03,5194568.324552336,0.0,0,0.0,0.0,0.0,0.0,0.0,5194568.324552336
2016-10-04,5806655.300297572,0.0,0,0.0,0.0,0.0,0.0,0.0,5806655.300297572
2016-10-05,5985668.270407638,0.0,0,0.0,0.0,0.0,0.0,0.0,5985668.270407638
2016-10-06,5789591.523004714,0.0,0,0.0,0.0,0.0,0.0,0.0,5789591.523004714
2016-10-07,5933228.118735892,0.0,0,0.0,0.0,0.0,0.0,0.0,5933228.118735892
2016-10-10,7586593.720922641,0.0,0,0.0,0.0,0.0,0.0,0.0,7586593.720922641
2016-10-11,7351909.556084181,0.0,0,0.0,0.0,0.0,0.0,0.0,7351909.556084181
2016-10-12,7648731.071541442,0.0,0,0.0,0.0,0.0,0.0,0.0,7648731.071541442
2016-10-13,6755268.317740354,0.0,0,0.0,0.0,0.0,0.0,0.0,6755268.317740354
2016-10-14,7646183.27322465,0.0,0,0.0,0.0,0.0,0.0,0.0,7646183.27322465
2016-10-17,6274379.238838286,0.0,0,0.0,0.0,0.0,0.0,0.0,6274379.238838286
2016-10-18,5712323.054910387,0.0,0,0.0,0.0,0.0,0.0,0.0,5712323.054910387
2016-10-19,5885215.630302875,0.0,0,0.0,0.0,0.0,0.0,0.0,5885215.630302875
2016-10-20,4692113.560424002,0.0,0,0.0,0.0,0.0,0.0,0.0,4692113.560424002
2016-10-21,2053615.5586645522,0.0,0,0.0,0.0,0.0,0.0,0.0,2053615.5586645522
2016-10-24,459727.5719141072,0.0,0,0.0,0.0,0.0,0.0,0.0,459727.5719141072
2016-10-25,162846.9264761787,0.0,0,0.0,0.0,0.0,0.0,0.0,162846.9264761787
2016-10-26,98306.0742796246,0.0,0,0.0,0.0,0.0,0.0,0.0,98306.0742796246
2016-10-27,31502.084143962067,0.0,0,0.0,0.0,0.0,0.0,0.0,31502.084143962067
2016-10-28,6512.477125396517,0.0,0,0.0,0.0,0.0,0.0,0.0,6512.477125396517
2016-10-31,1.1729644704761198e-05,0.0,0,0.0,0.0,0.0,0.0,0.0,1.1729644704761198e-05
2016-11-01,7809680.944064508,0.0,0,0.0,0.0,0.0,0.0,0.0,7809680.944064508
2016-11-02,8258374.655719957,0.0,0,0.0,0.0,0.0,0.0,0.0,8258374.655719957
2016-11-03,7707432.355948265,0.0,0,0.0,0.0,0.0,0.0,0.0,7707432.355948265
2016-11-04,7011823.946062581,0.0,0,0.0,0.0,0.0,0.0,0.0,7011823.946062581
2016-11-07,9177430.109282807,0.0,0,0.0,0.0,0.0,0.0,0.0,9177430.109282807
2016-11-08,10927324.64050315,0.0,0,0.0,0.0,0.0,0.0,0.0,10927324.64050315
2016-11-09,10444341.168947222,0.0,0,0.0,0.0,0.0,0.0,0.0,10444341.168947222
2016-11-10,10815414.171417998,0.0,0,0.0,0.0,0.0,0.0,0.0,10815414.171417998
2016-11-11,8579387.982994733,0.0,0,0.0,0.0,0.0,0.0,0.0,8579387.982994733
2016-11-14,6092140.241617835,0.0,0,0.0,0.0,0.0,0.0,0.0,6092140.241617835
2016-11-15,5769987.471012157,0.0,0,0.0,0.0,0.0,0.0,0.0,5769987.471012157
2016-11-16,3346601.2775470577,0.0,0,0.0,0.0,0.0,0.0,0.0,3346601.2775470577
2016-11-17,3885544.900571492,0.0,0,0.0,0.0,0.0,0.0,0.0,3885544.900571492
2016-11-18,2679873.2883143015,0.0,0,0.0,0.0,0.0,0.0,0.0,2679873.2883143015
2016-11-21,1838730.7652844077,0.0,0,0.0,0.0,0.0,0.0,0.0,1838730.7652844077
2016-11-22,1628198.3439057933,0.0,0,0.0,0.0,0.0,0.0,0.0,1628198.3439057933
2016-11-23,54658.22503889385,0.0,0,0.0,0.0,0.0,0.0,0.0,54658.22503889385
2016-11-24,102970.84368938963,0.0,0,0.0,0.0,0.0,0.0,0.0,102970.84368938963
2016-11-25,60822.019731049455,0.0,0,0.0,0.0,0.0,0.0,0.0,60822.019731049455
2016-11-28,259.5652332432494,0.0,0,0.0,0.0,0.0,0.0,0.0,259.5652332432494
2016-11-29,0.7621391165834731,0.0,0,0.0,0.0,0.0,0.0,0.0,0.7621391165834731
2016-11-30,0.0077111616122354865,0.0,0,0.0,0.0,0.0,0.0,0.0,0.0077111616122354865
2016-12-01,4882227.826578137,0.0,0,0.0,0.0,0.0,0.0,0.0,4882227.826578137
2016-12-02,5207999.855744456,0.0,0,0.0,0.0,0.0,0.0,0.0,5207999.855744456
2016-12-05,5457351.495290052,0.0,0,0.0,0.0,0.0,0.0,0.0,5457351.495290052
2016-12-06,5616890.736899348,0.0,0,0.0,0.0,0.0,0.0,0.0,5616890.736899348
2016-12-07,5585570.100652031,0.0,0,0.0,0.0,0.0,0.0,0.0,5585570.100652031
2016-12-08,5233026.330789355,0.0,0,0.0,0.0,0.0,0.0,0.0,5233026.330789355
2016-12-09,5641716.667994992,0.0,0,0.0,0.0,0.0,0.0,0.0,5641716.667994992
2016-12-12,5873086.8045988865,0.0,0,0.0,0.0,0.0,0.0,0.0,5873086.8045988865
2016-12-13,6400071.778076386,0.0,0,0.0,0.0,0.0,0.0,0.0,6400071.778076386
2016-12-14,6999696.550754149,0.0,0,0.0,0.0,0.0,0.0,0.0,6999696.550754149
2016-12-15,6090736.158000889,0.0,0,0.0,0.0,0.0,0.0,0.0,6090736.158000889
2016-12-16,5611594.329697976,0.0,0,0.0,0.0,0.0,0.0,0.0,5611594.329697976
2016-12-19,5179218.729927368,0.0,0,0.0,0.0,0.0,0.0,0.0,5179218.729927368
2016-12-20,6421558.702462494,0.0,0,0.0,0.0,0.0,0.0,0.0,6421558.702462494
2016-12-21,8327161.514303347,0.0,0,0.0,0.0,0.0,0.0,0.0,8327161.514303347
2016-12-22,7396627.495062797,0.0,0,0.0,0.0,0.0,0.0,0.0,7396627.495062797
2016-12-23,5538005.648164922,0.0,0,0.0,0.0,0.0,0.0,0.0,5538005.648164922
2016-12-26,4168861.5037574098,0.0,0,0.0,0.0,0.0,0.0,0.0,4168861.5037574098
2016-12-27,1546003.156310981,0.0,0,0.0,0.0,0.0,0.0,0.0,1546003.156310981
2016-12-28,57116.41354209958,0.0,0,0.0,0.0,0.0,0.0,0.0,57116.41354209958
2016-12-29,14755.493985020837,0.0,0,0.0,0.0,0.0,0.0,0.0,14755.493985020837
2016-12-30,0.0,0.0,0,0.0,0.0,0.0,0.0,0.0,0.0
2017-01-02,2655180.6698807967,0.0,0,0.0,0.0,0.0,0.0,0.0,2655180.6698807967
2017-01-03,2926350.716652364,0.0,0,0.0,0.0,0.0,0.0,0.0,2926350.716652364
2017-01-04,1866100.2016632594,0.0,0,0.0,0.0,0.0,0.0,0.0,1866100.2016632594
2017-01-05,636452.1442282521,0.0,0,0.0,0.0,0.0,0.0,0.0,636452.1442282521
2017-01-06,1164581.7434229061,0.0,0,0.0,0.0,0.0,0.0,0.0,1164581.7434229061
2017-01-09,1472112.154099685,0.0,0,0.0,0.0,0.0,0.0,0.0,1472112.154099685
2017-01-10,1074989.5427053212,0.0,0,0.0,0.0,0.0,0.0,0.0,1074989.5427053212
2017-01-11,1512041.0693802428,0.0,0,0.0,0.0,0.0,0.0,0.0,1512041.0693802428
2017-01-12,559222.5673598638,0.0,0,0.0,0.0,0.0,0.0,0.0,559222.5673598638
2017-01-13,544085.1126656181,0.0,0,0.0,0.0,0.0,0.0,0.0,544085.1126656181
2017-01-16,516464.9934553551,0.0,0,0.0,0.0,0.0,0.0,0.0,516464.9934553551
2017-01-17,122788.71205000917,0.0,0,0.0,0.0,0.0,0.0,0.0,122788.71205000917
2017-01-18,72467.90207523503,0.0,0,0.0,0.0,0.0,0.0,0.0,72467.90207523503
2017-01-19,173959.45955798327,0.0,0,0.0,0.0,0.0,0.0,0.0,173959.45955798327
2017-01-20,167749.22268331525,0.0,0,0.0,0.0,0.0,0.0,0.0,167749.22268331525
2017-01-23,15322.737422657669,0.0,0,0.0,0.0,0.0,0.0,0.0,15322.737422657669
2017-01-24,268.5623040769356,0.0,0,0.0,0.0,0.0,0.0,0.0,268.5623040769356
2017-01-25,9495.499221657472,0.0,0,0.0,0.0,0.0,0.0,0.0,9495.499221657472
2017-01-26,3508.107541585667,0.0,0,0.0,0.0,0.0,0.0,0.0,3508.107541585667
2017-01-27,1646.582839632193,0.0,0,0.0,0.0,0.0,0.0,0.0,1646.582839632193
2017-01-30,0.020438651350189563,0.0,0,0.0,0.0,0.0,0.0,0.0,0.020438651350189563
2017-01-31,3.1382001791851705e-06,0.0,0,0.0,0.0,0.0,0.0,0.0,3.1382001791851705e-06
2017-02-01,0.0,0.0,0,0.0,12045521.384344447,0.0,0.0,0.0,12045521.384344447
2017-02-02,0.0,0.0,0,0.0,12443787.738196017,0.0,0.0,0.0,12443787.738196017
2017-02-03,0.0,0.0,0,0.0,13972243.014242236,0.0,0.0,0.0,13972243.014242236
2017-02-06,0.0,0.0,0,0.0,13593101.917463234,0.0,0.0,0.0,13593101.917463234
2017-02-07,0.0,0.0,0,0.0,10116480.235301511,0.0,0.0,0.0,10116480.235301511
2017-02-08,0.0,0.0,0,0.0,11171982.452257317,0.0,0.0,0.0,11171982.452257317
2017-02-09,0.0,0.0,0,0.0,8494035.355889747,0.0,0.0,0.0,8494035.355889747
2017-02-10,0.0,0.0,0,0.0,7692535.792754767,0.0,0.0,0.0,7692535.792754767
2017-02-13,0.0,0.0,0,0.0,4516910.368649327,0.0,0.0,0.0,4516910.368649327
2017-02-14,0.0,0.0,0,0.0,2847216.887298745,0.0,0.0,0.0,2847216.887298745
2017-02-15,0.0,0.0,0,0.0,3824491.9105879273,0.0,0.0,0.0,3824491.9105879273
2017-02-16,0.0,0.0,0,0.0,10837446.384391677,0.0,0.0,0.0,10837446.384391677
2017-02-17,0.0,0.0,0,0.0,4469730.466494773,0.0,0.0,0.0,4469730.466494773
2017-02-20,0.0,0.0,0,0.0,2807079.096013537,0.0,0.0,0.0,2807079.096013537
2017-02-21,0.0,0.0,0,0.0,303901.6634140776,0.0,0.0,0.0,303901.6634140776
2017-02-22,0.0,0.0,0,0.0,521369.84175520006,0.0,0.0,0.0,521369.84175520006
2017-02-23,0.0,0.0,0,0.0,910869.1028459679,0.0,0.0,0.0,910869.1028459679
2017-02-24,0.0,0.0,0,0.0,165149.90597803402,0.0,0.0,0.0,165149.90597803402
2017-02-27,0.0,0.0,0,0.0,8289.39998829856,0.0,0.0,0.0,8289.39998829856
2017-02-28,0.0,0.0,0,0.0,0.19918838750628579,0.0,0.0,0.0,0.19918838750628579
2017-03-01,0.0,0.0,0,0.0,0.0,57269.883168849876,0.0,0.0,57269.883168849876
2017-03-02,0.0,0.0,0,0.0,0.0,65913.41419673622,0.0,0.0,65913.41419673622
2017-03-03,0.0,0.0,0,0.0,0.0,68184.39255961988,0.0,0.0,68184.39255961988
2017-03-06,0.0,0.0,0,0.0,0.0,77800.03307078956,0.0,0.0,77800.03307078956
2017-03-07,0.0,0.0,0,0.0,0.0,82219.15916370475,0.0,0.0,82219.15916370475
2017-03-08,0.0,0.0,0,0.0,0.0,83684.8807913225,0.0,0.0,83684.8807913225
2017-03-09,0.0,0.0,0,0.0,0.0,78831.53481767888,0.0,0.0,78831.53481767888
2017-03-10,0.0,0.0,0,0.0,0.0,83652.14473860248,0.0,0.0,83652.14473860248
2017-03-13,0.0,0.0,0,0.0,0.0,94544.80166576212,0.0,0.0,94544.80166576212
2017-03-14,0.0,0.0,0,0.0,0.0,95677.03420187555,0.0,0.0,95677.03420187555
2017-03-15,0.0,0.0,0,0.0,0.0,96745.46530601704,0.0,0.0,96745.46530601704
2017-03-16,0.0,0.0,0,0.0,0.0,112686.65296658361,0.0,0.0,112686.65296658361
2017-03-17,0.0,0.0,0,0.0,0.0,77991.28637783755,0.0,0.0,77991.28637783755
2017-03-20,0.0,0.0,0,0.0,0.0,72705.01048827698,0.0,0.0,72705.01048827698
2017-03-21,0.0,0.0,0,0.0,0.0,25588.725155544522,0.0,0.0,25588.725155544522
2017-03-22,0.0,0.0,0,0.0,0.0,12277.383771088733,0.0,0.0,12277.383771088733
2017-03-23,0.0,0.0,0,0.0,0.0,8399.44576645143,0.0,0.0,8399.44576645143
2017-03-24,0.0,0.0,0,0.0,0.0,12386.558942484544,0.0,0.0,12386.558942484544
2017-03-27,0.0,0.0,0,0.0,0.0,159.15906999063714,0.0,0.0,159.15906999063714
2017-03-28,0.0,0.0,0,0.0,0.0,235.70395811193308,0.0,0.0,235.70395811193308
2017-03-29,0.0,0.0,0,0.0,0.0,1.4285189757650545,0.0,0.0,1.4285189757650545
2017-03-30,0.0,0.0,0,0.0,0.0,37.76889338126298,0.0,0.0,37.76889338126298
2017-03-31,0.0,0.0,0,0.0,0.0,0.0,0.0,0.0,0.0
2017-04-03,0.0,0.0,0,0.0,9719014.75105737,0.0,0.0,0.0,9719014.75105737
2017-04-04,0.0,0.0,0,0.0,10581750.856873523,0.0,0.0,0.0,10581750.856873523
2017-04-05,0.0,0.0,0,0.0,10671521.984151123,0.0,0.0,0.0,10671521.984151123
2017-04-06,0.0,0.0,0,0.0,8150530.625000979,0.0,0.0,0.0,8150530.625000979
2017-04-07,0.0,0.0,0,0.0,7282214.650424069,0.0,0.0,0.0,7282214.650424069
2017-04-10,0.0,0.0,0,0.0,8268786.530100815,0.0,0.0,0.0,8268786.530100815
2017-04-11,0.0,0.0,0,0.0,8878159.438020958,0.0,0.0,0.0,8878159.438020958
2017-04-12,0.0,0.0,0,0.0,10872410.934406627,0.0,0.0,0.0,10872410.934406627
2017-04-13,0.0,0.0,0,0.0,9862695.854362274,0.0,0.0,0.0,9862695.854362274
2017-04-14,0.0,0.0,0,0.0,10561910.150623875,0.0,0.0,0.0,10561910.150623875
2017-04-17,0.0,0.0,0,0.0,7781311.76917772,0.0,0.0,0.0,7781311.76917772
2017-04-18,0.0,0.0,0,0.0,9423243.964218514,0.0,0.0,0.0,9423243.964218514
2017-04-19,0.0,0.0,0,0.0,9755010.261603722,0.0,0.0,0.0,9755010.261603722
2017-04-20,0.0,0.0,0,0.0,9180768.657523563,0.0,0.0,0.0,9180768.657523563
2017-04-21,0.0,0.0,0,0.0,9167780.822757311,0.0,0.0,0.0,9167780.822757311
2017-04-24,0.0,0.0,0,0.0,9566468.144283852,0.0,0.0,0.0,9566468.144283852
2017-04-25,0.0,0.0,0,0.0,3392765.2301711454,0.0,0.0,0.0,3392765.2301711454
2017-04-26,0.0,0.0,0,0.0,4049704.899521334,0.0,0.0,0.0,4049704.899521334
2017-04-27,0.0,0.0,0,0.0,2893117.8113953946,0.0,0.0,0.0,2893117.8113953946
2017-04-28,0.0,0.0,0,0.0,526522.4258174492,0.0,0.0,0.0,526522.4258174492
2017-05-01,0.0,0.0,0,0.0,0.0,0.0,0.0,9563329.753998702,9563329.753998702
2017-05-02,0.0,0.0,0,0.0,0.0,0.0,0.0,10672815.754160928,10672815.754160928
2017-05-03,0.0,0.0,0,0.0,0.0,0.0,0.0,11572333.667556027,11572333.667556027
2017-05-04,0.0,0.0,0,0.0,0.0,0.0,0.0,12037358.349407196,12037358.349407196
2017-05-05,0.0,0.0,0,0.0,0.0,0.0,0.0,10560168.833389964,10560168.833389964
2017-05-08,0.0,0.0,0,0.0,0.0,0.0,0.0,13112610.481098441,13112610.481098441
2017-05-09,0.0,0.0,0,0.0,0.0,0.0,0.0,13778355.985048559,13778355.985048559
2017-05-10,0.0,0.0,0,0.0,0.0,0.0,0.0,12338522.025354447,12338522.025354447
2017-05-11,0.0,0.0,0,0.0,0.0,0.0,0.0,13921852.050270617,13921852.050270617
2017-05-12,0.0,0.0,0,0.0,0.0,0.0,0.0,15485515.97963865,15485515.97963865
2017-05-15,0.0,0.0,0,0.0,0.0,0.0,0.0,13069910.144584702,13069910.144584702
2017-05-16,0.0,0.0,0,0.0,0.0,0.0,0.0,11724182.764028093,11724182.764028093
2017-05-17,0.0,0.0,0,0.0,0.0,0.0,0.0,11685659.015604306,11685659.015604306
2017-05-18,0.0,0.0,0,0.0,0.0,0.0,0.0,11117437.119620554,11117437.119620554
2017-05-19,0.0,0.0,0,0.0,0.0,0.0,0.0,6020849.854353199,6020849.854353199
2017-05-22,0.0,0.0,0,0.0,0.0,0.0,0.0,5553484.787150857,5553484.787150857
2017-05-23,0.0,0.0,0,0.0,0.0,0.0,0.0,6126825.7218266595,6126825.7218266595
2017-05-24,0.0,0.0,0,0.0,0.0,0.0,0.0,966147.7592955434,966147.7592955434
2017-05-25,0.0,0.0,0,0.0,0.0,0.0,0.0,2715526.6747686695,2715526.6747686695
2017-05-26,0.0,0.0,0,0.0,0.0,0.0,0.0,802512.233370909,802512.233370909
2017-05-29,0.0,0.0,0,0.0,0.0,0.0,0.0,53446.55834409416,53446.55834409416
2017-05-30,0.0,0.0,0,0.0,0.0,0.0,0.0,5495.4515056679475,5495.4515056679475
2017-05-31,0.0,0.0,0,0.0,0.0,0.0,0.0,2230.232865723427,2230.232865723427
2017-06-01,0.0,0.0,0,0.0,14022154.889553055,0.0,0.0,0.0,14022154.889553055
2017-06-02,0.0,0.0,0,0.0,16411389.44852459,0.0,0.0,0.0,16411389.44852459
2017-06-05,0.0,0.0,0,0.0,16840757.64084459,0.0,0.0,0.0,16840757.64084459
2017-06-06,0.0,0.0,0,0.0,17346162.68020709,0.0,0.0,0.0,17346162.68020709
2017-06-07,0.0,0.0,0,0.0,16734762.401096238,0.0,0.0,0.0,16734762.401096238
2017-06-08,0.0,0.0,0,0.0,16391238.22551257,0.0,0.0,0.0,16391238.22551257
2017-06-09,0.0,0.0,0,0.0,16820879.284566853,0.0,0.0,0.0,16820879.284566853
2017-06-12,0.0,0.0,0,0.0,19817728.698993336,0.0,0.0,0.0,19817728.698993336
2017-06-13,0.0,0.0,0,0.0,21340383.277931195,0.0,0.0,0.0,21340383.277931195
2017-06-14,0.0,0.0,0,0.0,24132454.766715493,0.0,0.0,0.0,24132454.766715493
2017-06-15,0.0,0.0,0,0.0,15092831.733482571,0.0,0.0,0.0,15092831.733482571
2017-06-16,0.0,0.0,0,0.0,25053259.252283778,0.0,0.0,0.0,25053259.252283778
2017-06-19,0.0,0.0,0,0.0,17258399.377015155,0.0,0.0,0.0,17258399.377015155
2017-06-20,0.0,0.0,0,0.0,13737153.707558794,0.0,0.0,0.0,13737153.707558794
2017-06-21,0.0,0.0,0,0.0,23223177.888106607,0.0,0.0,0.0,23223177.888106607
2017-06-22,0.0,0.0,0,0.0,19206595.723539382,0.0,0.0,0.0,19206595.723539382
2017-06-23,0.0,0.0,0,0.0,36785144.245045945,0.0,0.0,0.0,36785144.245045945
2017-06-26,0.0,0.0,0,0.0,40683070.63279331,0.0,0.0,0.0,40683070.63279331
2017-06-27,0.0,0.0,0,0.0,10032275.312209053,0.0,0.0,0.0,10032275.312209053
2017-06-28,0.0,0.0,0,0.0,1594633.8251462458,0.0,0.0,0.0,1594633.8251462458
2017-06-29,0.0,0.0,0,0.0,62.943814214460936,0.0,0.0,0.0,62.943814214460936
2017-06-30,0.0,0.0,0,0.0,0.0,0.0,0.0,0.0,0.0
2017-07-03,0.0,0.0,0,0.0,14488925.61899711,0.0,0.0,0.0,14488925.61899711
2017-07-04,0.0,0.0,0,0.0,14971468.529882165,0.0,0.0,0.0,14971468.529882165
2017-07-05,0.0,0.0,0,0.0,15164744.927271971,0.0,0.0,0.0,15164744.927271971
2017-07-06,0.0,0.0,0,0.0,18419478.288427252,0.0,0.0,0.0,18419478.288427252
2017-07-07,0.0,0.0,0,0.0,18359767.294197585,0.0,0.0,0.0,18359767.294197585
2017-07-10,0.0,0.0,0,0.0,22057490.82460761,0.0,0.0,0.0,22057490.82460761
2017-07-11,0.0,0.0,0,0.0,21625248.613723084,0.0,0.0,0.0,21625248.613723084
2017-07-12,0.0,0.0,0,0.0,22950988.448345378,0.0,0.0,0.0,22950988.448345378
2017-07-13,0.0,0.0,0,0.0,21170745.565421816,0.0,0.0,0.0,21170745.565421816
2017-07-14,0.0,0.0,0,0.0,22079161.13158966,0.0,0.0,0.0,22079161.13158966
2017-07-17,0.0,0.0,0,0.0,23344724.606815737,0.0,0.0,0.0,23344724.606815737
2017-07-18,0.0,0.0,0,0.0,16883634.012363084,0.0,0.0,0.0,16883634.012363084
2017-07-19,0.0,0.0,0,0.0,20287670.314789396,0.0,0.0,0.0,20287670.314789396
2017-07-20,0.0,0.0,0,0.0,9075850.720032612,0.0,0.0,0.0,9075850.720032612
2017-07-21,0.0,0.0,0,0.0,4330533.139148691,0.0,0.0,0.0,4330533.139148691
2017-07-24,0.0,0.0,0,0.0,3002596.399519553,0.0,0.0,0.0,3002596.399519553
2017-07-25,0.0,0.0,0,0.0,2812592.317762915,0.0,0.0,0.0,2812592.317762915
2017-07-26,0.0,0.0,0,0.0,201655.3388725237,0.0,0.0,0.0,201655.3388725237
2017-07-27,0.0,0.0,0,0.0,499895.9382544629,0.0,0.0,0.0,499895.9382544629
2017-07-28,0.0,0.0,0,0.0,11458.799643361506,0.0,0.0,0.0,11458.799643361506
2017-07-31,0.0,0.0,0,0.0,3.987514484844137e-18,0.0,0.0,0.0,3.987514484844137e-18
2017-08-01,0.0,0.0,0,0.0,11032610.092019212,0.0,0.0,0.0,11032610.092019212
2017-08-02,0.0,0.0,0,0.0,12369207.079424711,0.0,0.0,0.0,12369207.079424711
2017-08-03,0.0,0.0,0,0.0,12650385.547439398,0.0,0.0,0.0,12650385.547439398
2017-08-04,0.0,0.0,0,0.0,11165630.44293886,0.0,0.0,0.0,11165630.44293886
2017-08-07,0.0,0.0,0,0.0,12546486.475506295,0.0,0.0,0.0,12546486.475506295
2017-08-08,0.0,0.0,0,0.0,11142703.439724756,0.0,0.0,0.0,11142703.439724756
2017-08-09,0.0,0.0,0,0.0,10986037.921580693,0.0,0.0,0.0,10986037.921580693
2017-08-10,0.0,0.0,0,0.0,11722425.55574184,0.0,0.0,0.0,11722425.55574184
2017-08-11,0.0,0.0,0,0.0,14302878.318487182,0.0,0.0,0.0,14302878.318487182
2017-08-14,0.0,0.0,0,0.0,14883260.87901141,0.0,0.0,0.0,14883260.87901141
2017-08-15,0.0,0.0,0,0.0,12015968.895476203,0.0,0.0,0.0,12015968.895476203
2017-08-16,0.0,0.0,0,0.0,14935832.239839789,0.0,0.0,0.0,14935832.239839789
2017-08-17,0.0,0.0,0,0.0,11716751.99150096,0.0,0.0,0.0,11716751.99150096
2017-08-18,0.0,0.0,0,0.0,15563883.091492636,0.0,0.0,0.0,15563883.091492636
2017-08-21,0.0,0.0,0,0.0,20702735.88636251,0.0,0.0,0.0,20702735.88636251
2017-08-22,0.0,0.0,0,0.0,17002310.382547524,0.0,0.0,0.0,17002310.382547524
2017-08-23,0.0,0.0,0,0.0,23197328.256189007,0.0,0.0,0.0,23197328.256189007
2017-08-24,0.0,0.0,0,0.0,24834801.294277977,0.0,0.0,0.0,24834801.294277977
2017-08-25,0.0,0.0,0,0.0,24032921.977917925,0.0,0.0,0.0,24032921.977917925
2017-08-28,0.0,0.0,0,0.0,7745150.906633505,0.0,0.0,0.0,7745150.906633505
2017-08-29,0.0,0.0,0,0.0,8102911.306615534,0.0,0.0,0.0,8102911.306615534
2017-08-30,0.0,0.0,0,0.0,32708586.052728422,0.0,0.0,0.0,32708586.052728422
2017-08-31,0.0,0.0,0,0.0,14914109.42494954,0.0,0.0,0.0,14914109.42494954
2017-09-01,0.0,0.0,0,0.0,11207871.925591242,0.0,0.0,0.0,11207871.925591242
2017-09-04,0.0,0.0,0,0.0,12632760.962074667,0.0,0.0,0.0,12632760.962074667
2017-09-05,0.0,0.0,0,0.0,12716755.454797482,0.0,0.0,0.0,12716755.454797482
2017-09-06,0.0,0.0,0,0.0,12685229.230311016,0.0,0.0,0.0,12685229.230311016
2017-09-07,0.0,0.0,0,0.0,13636666.210438127,0.0,0.0,0.0,13636666.210438127
2017-09-08,0.0,0.0,0,0.0,13607495.373526707,0.0,0.0,0.0,13607495.373526707
2017-09-11,0.0,0.0,0,0.0,17994896.85571151,0.0,0.0,0.0,17994896.85571151
2017-09-12,0.0,0.0,0,0.0,18323782.371286005,0.0,0.0,0.0,18323782.371286005
2017-09-13,0.0,0.0,0,0.0,17482947.25806624,0.0,0.0,0.0,17482947.25806624
2017-09-14,0.0,0.0,0,0.0,17151959.222408067,0.0,0.0,0.0,17151959.222408067
2017-09-15,0.0,0.0,0,0.0,18609267.026184533,0.0,0.0,0.0,18609267.026184533
2017-09-18,0.0,0.0,0,0.0,20637389.958978143,0.0,0.0,0.0,20637389.958978143
2017-09-19,0.0,0.0,0,0.0,19324966.292767685,0.0,0.0,0.0,19324966.292767685
2017-09-20,0.0,0.0,0,0.0,24266133.440561827,0.0,0.0,0.0,24266133.440561827
2017-09-21,0.0,0.0,0,0.0,26506377.858212464,0.0,0.0,0.0,26506377.858212464
2017-09-22,0.0,0.0,0,0.0,26618017.34725224,0.0,0.0,0.0,26618017.34725224
2017-09-25,0.0,0.0,0,0.0,32918442.818120744,0.0,0.0,0.0,32918442.818120744
2017-09-26,0.0,0.0,0,0.0,18445824.15243908,0.0,0.0,0.0,18445824.15243908
2017-09-27,0.0,0.0,0,0.0,2844967.7539407113,0.0,0.0,0.0,2844967.7539407113
2017-09-28,0.0,0.0,0,0.0,7626593.505069403,0.0,0.0,0.0,7626593.505069403
2017-09-29,0.0,0.0,0,0.0,0.0,0.0,0.0,0.0,0.0
2017-10-02,0.0,0.0,0,0.0,11195158.47570065,0.0,0.0,0.0,11195158.47570065
2017-10-03,0.0,0.0,0,0.0,12847795.209905658,0.0,0.0,0.0,12847795.209905658
2017-10-04,0.0,0.0,0,0.0,13531912.64571977,0.0,0.0,0.0,13531912.64571977
2017-10-05,0.0,0.0,0,0.0,12704207.450062722,0.0,0.0,0.0,12704207.450062722
2017-10-06,0.0,0.0,0,0.0,14125869.904416813,0.0,0.0,0.0,14125869.904416813
2017-10-09,0.0,0.0,0,0.0,16377257.301973684,0.0,0.0,0.0,16377257.301973684
2017-10-10,0.0,0.0,0,0.0,17065424.579731364,0.0,0.0,0.0,17065424.579731364
2017-10-11,0.0,0.0,0,0.0,16775558.4473465,0.0,0.0,0.0,16775558.4473465
2017-10-12,0.0,0.0,0,0.0,18356873.812085632,0.0,0.0,0.0,18356873.812085632
2017-10-13,0.0,0.0,0,0.0,20097550.635826945,0.0,0.0,0.0,20097550.635826945
2017-10-16,0.0,0.0,0,0.0,23808226.356063973,0.0,0.0,0.0,23808226.356063973
2017-10-17,0.0,0.0,0,0.0,24826819.098703865,0.0,0.0,0.0,24826819.098703865
2017-10-18,0.0,0.0,0,0.0,26742156.39931574,0.0,0.0,0.0,26742156.39931574
2017-10-19,0.0,0.0,0,0.0,19828533.539952543,0.0,0.0,0.0,19828533.539952543
2017-10-20,0.0,0.0,0,0.0,19868475.00130813,0.0,0.0,0.0,19868475.00130813
2017-10-23,0.0,0.0,0,0.0,22331298.402393706,0.0,0.0,0.0,22331298.402393706
2017-10-24,0.0,0.0,0,0.0,26374177.37392106,0.0,0.0,0.0,26374177.37392106
2017-10-25,0.0,0.0,0,0.0,27802127.716259297,0.0,0.0,0.0,27802127.716259297
2017-10-26,0.0,0.0,0,0.0,12667577.558894735,0.0,0.0,0.0,12667577.558894735
2017-10-27,0.0,0.0,0,0.0,5251718.169713624,0.0,0.0,0.0,5251718.169713624
2017-10-30,0.0,0.0,0,0.0,7705421.89207273,0.0,0.0,0.0,7705421.89207273
2017-10-31,0.0,0.0,0,0.0,1086694.480341876,0.0,0.0,0.0,1086694.480341876
2017-11-01,0.0,0.0,0,0.0,0.0,110984.88746827602,0.0,0.0,110984.88746827602
2017-11-02,0.0,0.0,0,0.0,0.0,115605.72125384667,0.0,0.0,115605.72125384667
2017-11-03,0.0,0.0,0,0.0,0.0,124798.70960940696,0.0,0.0,124798.70960940696
2017-11-06,0.0,0.0,0,0.0,0.0,121283.10348172433,0.0,0.0,121283.10348172433
2017-11-07,0.0,0.0,0,0.0,0.0,139134.24005713247,0.0,0.0,139134.24005713247
2017-11-08,0.0,0.0,0,0.0,0.0,131952.41117912263,0.0,0.0,131952.41117912263
2017-11-09,0.0,0.0,0,0.0,0.0,107746.41221765665,0.0,0.0,107746.41221765665
2017-11-10,0.0,0.0,0,0.0,0.0,116007.97159269538,0.0,0.0,116007.97159269538
2017-11-13,0.0,0.0,0,0.0,0.0,132090.74577468855,0.0,0.0,132090.74577468855
2017-11-14,0.0,0.0,0,0.0,0.0,122781.95968326509,0.0,0.0,122781.95968326509
2017-11-15,0.0,0.0,0,0.0,0.0,80580.26917456153,0.0,0.0,80580.26917456153
2017-11-16,0.0,0.0,0,0.0,0.0,97578.28346630513,0.0,0.0,97578.28346630513
2017-11-17,0.0,0.0,0,0.0,0.0,28395.800917094995,0.0,0.0,28395.800917094995
2017-11-20,0.0,0.0,0,0.0,0.0,49897.28890529215,0.0,0.0,49897.28890529215
2017-11-21,0.0,0.0,0,0.0,0.0,31170.316399051673,0.0,0.0,31170.316399051673
2017-11-22,0.0,0.0,0,0.0,0.0,946.7054034520667,0.0,0.0,946.7054034520667
2017-11-23,0.0,0.0,0,0.0,0.0,647.2494043871865,0.0,0.0,647.2494043871865
2017-11-24,0.0,0.0,0,0.0,0.0,960.6968709129299,0.0,0.0,960.6968709129299
2017-11-27,0.0,0.0,0,0.0,0.0,1.8002480163731076,0.0,0.0,1.8002480163731076
2017-11-28,0.0,0.0,0,0.0,0.0,1.365204208834802,0.0,0.0,1.365204208834802
2017-11-29,0.0,0.0,0,0.0,0.0,10.19084628492099,0.0,0.0,10.19084628492099
2017-11-30,0.0,0.0,0,0.0,0.0,50.09961794478058,0.0,0.0,50.09961794478058
2017-12-01,0.0,0.0,0,0.0,0.0,0.0,403539.2853050352,0.0,403539.2853050352
2017-12-04,0.0,0.0,0,0.0,0.0,0.0,421022.5392934561,0.0,421022.5392934561
2017-12-05,0.0,0.0,0,0.0,0.0,0.0,484206.3082739278,0.0,484206.3082739278
2017-12-06,0.0,0.0,0,0.0,0.0,0.0,504829.0387283235,0.0,504829.0387283235
2017-12-07,0.0,0.0,0,0.0,0.0,0.0,473153.0182539027,0.0,473153.0182539027
2017-12-08,0.0,0.0,0,0.0,0.0,0.0,497514.77645419294,0.0,497514.77645419294
2017-12-11,0.0,0.0,0,0.0,0.0,0.0,469589.72805348283,0.0,469589.72805348283
2017-12-12,0.0,0.0,0,0.0,0.0,0.0,388600.84142313513,0.0,388600.84142313513
2017-12-13,0.0,0.0,0,0.0,0.0,0.0,549054.2787026177,0.0,549054.2787026177
2017-12-14,0.0,0.0,0,0.0,0.0,0.0,436068.30518823734,0.0,436068.30518823734
2017-12-15,0.0,0.0,0,0.0,0.0,0.0,464446.1665382953,0.0,464446.1665382953
2017-12-18,0.0,0.0,0,0.0,0.0,0.0,511244.0030856252,0.0,511244.0030856252
2017-12-19,0.0,0.0,0,0.0,0.0,0.0,328894.4874477452,0.0,328894.4874477452
2017-12-20,0.0,0.0,0,0.0,0.0,0.0,290379.7287255052,0.0,290379.7287255052
2017-12-21,0.0,0.0,0,0.0,0.0,0.0,77456.12953108991,0.0,77456.12953108991
2017-12-22,0.0,0.0,0,0.0,0.0,0.0,8252.062515612835,0.0,8252.062515612835
2017-12-25,0.0,0.0,0,0.0,0.0,0.0,5344.227381375586,0.0,5344.227381375586
2017-12-26,0.0,0.0,0,0.0,0.0,0.0,225.45997736148954,0.0,225.45997736148954
2017-12-27,0.0,0.0,0,0.0,0.0,0.0,627.6650390020264,0.0,627.6650390020264
2017-12-28,0.0,0.0,0,0.0,0.0,0.0,17.810763498407386,0.0,17.810763498407386
2017-12-29,0.0,0.0,0,0.0,0.0,0.0,5.696372982759353,0.0,5.696372982759353
2018-01-01,0.0,0.0,0,0.0,14371388.424984017,0.0,0.0,0.0,14371388.424984017
2018-01-02,0.0,0.0,0,0.0,16645814.76653571,0.0,0.0,0.0,16645814.76653571
2018-01-03,0.0,0.0,0,0.0,16132156.513682423,0.0,0.0,0.0,16132156.513682423
2018-01-04,0.0,0.0,0,0.0,18967918.255918656,0.0,0.0,0.0,18967918.255918656
2018-01-05,0.0,0.0,0,0.0,19159673.55116531,0.0,0.0,0.0,19159673.55116531
2018-01-08,0.0,0.0,0,0.0,16426837.864495657,0.0,0.0,0.0,16426837.864495657
2018-01-09,0.0,0.0,0,0.0,13667165.60245211,0.0,0.0,0.0,13667165.60245211
2018-01-10,0.0,0.0,0,0.0,14407734.193471689,0.0,0.0,0.0,14407734.193471689
2018-01-11,0.0,0.0,0,0.0,21036358.37266954,0.0,0.0,0.0,21036358.37266954
2018-01-12,0.0,0.0,0,0.0,16737452.427519882,0.0,0.0,0.0,16737452.427519882
2018-01-15,0.0,0.0,0,0.0,12617691.73115444,0.0,0.0,0.0,12617691.73115444
2018-01-16,0.0,0.0,0,0.0,11690242.339822592,0.0,0.0,0.0,11690242.339822592
2018-01-17,0.0,0.0,0,0.0,19104463.229666565,0.0,0.0,0.0,19104463.229666565
2018-01-18,0.0,0.0,0,0.0,15249494.868603013,0.0,0.0,0.0,15249494.868603013
2018-01-19,0.0,0.0,0,0.0,16418537.008956917,0.0,0.0,0.0,16418537.008956917
2018-01-22,0.0,0.0,0,0.0,12364886.992325447,0.0,0.0,0.0,12364886.992325447
2018-01-23,0.0,0.0,0,0.0,7843792.605774721,0.0,0.0,0.0,7843792.605774721
2018-01-24,0.0,0.0,0,0.0,2931455.631438664,0.0,0.0,0.0,2931455.631438664
2018-01-25,0.0,0.0,0,0.0,2954760.39171072,0.0,0.0,0.0,2954760.39171072
2018-01-26,0.0,0.0,0,0.0,1299792.4672358579,0.0,0.0,0.0,1299792.4672358579
2018-01-29,0.0,0.0,0,0.0,188716.1665822108,0.0,0.0,0.0,188716.1665822108
2018-01-30,0.0,0.0,0,0.0,7750.729772374764,0.0,0.0,0.0,7750.729772374764
2018-01-31,0.0,0.0,0,0.0,0.0005042675490708038,0.0,0.0,0.0,0.0005042675490708038
2018-02-01,0.0,0.0,0,0.0,11635202.522943027,0.0,0.0,0.0,11635202.522943027
2018-02-02,0.0,0.0,0,0.0,10632712.875521425,0.0,0.0,0.0,10632712.875521425
2018-02-05,0.0,0.0,0,0.0,6831112.925009369,0.0,0.0,0.0,6831112.925009369
2018-02-06,0.0,0.0,0,0.0,7119772.310846446,0.0,0.0,0.0,7119772.310846446
2018-02-07,0.0,0.0,0,0.0,3280370.4367515715,0.0,0.0,0.0,3280370.4367515715
2018-02-08,0.0,0.0,0,0.0,3071288.698498321,0.0,0.0,0.0,3071288.698498321
2018-02-09,0.0,0.0,0,0.0,3019209.6964979633,0.0,0.0,0.0,3019209.6964979633
2018-02-12,0.0,0.0,0,0.0,3653398.892251755,0.0,0.0,0.0,3653398.892251755
2018-02-13,0.0,0.0,0,0.0,6314626.648094538,0.0,0.0,0.0,6314626.648094538
2018-02-14,0.0,0.0,0,0.0,12778388.63713073,0.0,0.0,0.0,12778388.63713073
2018-02-15,0.0,0.0,0,0.0,16855672.113033753,0.0,0.0,0.0,16855672.113033753
2018-02-16,0.0,0.0,0,0.0,10020845.423491169,0.0,0.0,0.0,10020845.423491169
2018-02-19,0.0,0.0,0,0.0,10714784.554306991,0.0,0.0,0.0,10714784.554306991
2018-02-20,0.0,0.0,0,0.0,4116057.235601733,0.0,0.0,0.0,4116057.235601733
2018-02-21,0.0,0.0,0,0.0,1307640.790701916,0.0,0.0,0.0,1307640.790701916
2018-02-22,0.0,0.0,0,0.0,2735647.146274698,0.0,0.0,0.0,2735647.146274698
2018-02-23,0.0,0.0,0,0.0,727657.4336738919,0.0,0.0,0.0,727657.4336738919
2018-02-26,0.0,0.0,0,0.0,416572.87845978496,0.0,0.0,0.0,416572.87845978496
2018-02-27,0.0,0.0,0,0.0,171.48380383934608,0.0,0.0,0.0,171.48380383934608
2018-02-28,0.0,0.0,0,0.0,8.465411726973888e-06,0.0,0.0,0.0,8.465411726973888e-06
2018-03-01,0.0,0.0,0,0.0,9766575.150548907,0.0,0.0,0.0,9766575.150548907
2018-03-02,0.0,0.0,0,0.0,10899209.50789587,0.0,0.0,0.0,10899209.50789587
2018-03-05,0.0,0.0,0,0.0,12852840.056370463,0.0,0.0,0.0,12852840.056370463
2018-03-06,0.0,0.0,0,0.0,12952795.875762327,0.0,0.0,0.0,12952795.875762327
2018-03-07,0.0,0.0,0,0.0,13127492.853823794,0.0,0.0,0.0,13127492.853823794
2018-03-08,0.0,0.0,0,0.0,14712755.612138793,0.0,0.0,0.0,14712755.612138793
2018-03-09,0.0,0.0,0,0.0,16256386.494555032,0.0,0.0,0.0,16256386.494555032
2018-03-12,0.0,0.0,0,0.0,19128978.59382101,0.0,0.0,0.0,19128978.59382101
2018-03-13,0.0,0.0,0,0.0,18233541.79771936,0.0,0.0,0.0,18233541.79771936
2018-03-14,0.0,0.0,0,0.0,20439612.988680378,0.0,0.0,0.0,20439612.988680378
2018-03-15,0.0,0.0,0,0.0,19441558.9469777,0.0,0.0,0.0,19441558.9469777
2018-03-16,0.0,0.0,0,0.0,17966618.51093464,0.0,0.0,0.0,17966618.51093464
2018-03-19,0.0,0.0,0,0.0,21251365.828157004,0.0,0.0,0.0,21251365.828157004
2018-03-20,0.0,0.0,0,0.0,17421361.928812027,0.0,0.0,0.0,17421361.928812027
2018-03-21,0.0,0.0,0,0.0,26577276.32548808,0.0,0.0,0.0,26577276.32548808
2018-03-22,0.0,0.0,0,0.0,29362357.471147947,0.0,0.0,0.0,29362357.471147947
2018-03-23,0.0,0.0,0,0.0,30108025.159545816,0.0,0.0,0.0,30108025.159545816
2018-03-26,0.0,0.0,0,0.0,4509039.159499885,0.0,0.0,0.0,4509039.159499885
2018-03-27,0.0,0.0,0,0.0,8743644.310028145,0.0,0.0,0.0,8743644.310028145
2018-03-28,0.0,0.0,0,0.0,64237558.69135863,0.0,0.0,0.0,64237558.69135863
2018-03-29,0.0,0.0,0,0.0,81789321.3507293,0.0,0.0,0.0,81789321.3507293
2018-03-30,0.0,0.0,0,0.0,0.0,0.0,0.0,0.0,0.0
2018-04-02,0.0,0.0,0,0.0,0.0,0.0,0.0,9428948.979872113,9428948.979872113
2018-04-03,0.0,0.0,0,0.0,0.0,0.0,0.0,7164878.7050474975,7164878.7050474975
2018-04-04,0.0,0.0,0,0.0,0.0,0.0,0.0,6178159.260229306,6178159.260229306
2018-04-05,0.0,0.0,0,0.0,0.0,0.0,0.0,5690607.074520932,5690607.074520932
2018-04-06,0.0,0.0,0,0.0,0.0,0.0,0.0,7078339.596825841,7078339.596825841
2018-04-09,0.0,0.0,0,0.0,0.0,0.0,0.0,3956162.0713972533,3956162.0713972533
2018-04-10,0.0,0.0,0,0.0,0.0,0.0,0.0,1416190.4719344352,1416190.4719344352
2018-04-11,0.0,0.0,0,0.0,0.0,0.0,0.0,915177.1565079794,915177.1565079794
2018-04-12,0.0,0.0,0,0.0,0.0,0.0,0.0,1342235.600784605,1342235.600784605
2018-04-13,0.0,0.0,0,0.0,0.0,0.0,0.0,1603764.8235595985,1603764.8235595985
2018-04-16,0.0,0.0,0,0.0,0.0,0.0,0.0,765434.6032401862,765434.6032401862
2018-04-17,0.0,0.0,0,0.0,0.0,0.0,0.0,484648.2947994796,484648.2947994796
2018-04-18,0.0,0.0,0,0.0,0.0,0.0,0.0,927864.9283727233,927864.9283727233
2018-04-19,0.0,0.0,0,0.0,0.0,0.0,0.0,1743599.8242543873,1743599.8242543873
2018-04-20,0.0,0.0,0,0.0,0.0,0.0,0.0,6587814.080797014,6587814.080797014
2018-04-23,0.0,0.0,0,0.0,0.0,0.0,0.0,19785302.149488173,19785302.149488173
2018-04-24,0.0,0.0,0,0.0,0.0,0.0,0.0,18279007.66259335,18279007.66259335
2018-04-25,0.0,0.0,0,0.0,0.0,0.0,0.0,21471847.695939526,21471847.695939526
2018-04-26,0.0,0.0,0,0.0,0.0,0.0,0.0,29889715.78028603,29889715.78028603
2018-04-27,0.0,0.0,0,0.0,0.0,0.0,0.0,19025740.219636958,19025740.219636958
2018-04-30,0.0,0.0,0,0.0,0.0,0.0,0.0,27869157.516720783,27869157.516720783
2018-05-01,0.0,1310370.2576912371,0,0.0,0.0,0.0,0.0,0.0,1310370.2576912371
2018-05-02,0.0,1481147.7281154227,0,0.0,0.0,0.0,0.0,0.0,1481147.7281154227
2018-05-03,0.0,1508507.3138775085,0,0.0,0.0,0.0,0.0,0.0,1508507.3138775085
2018-05-04,0.0,1586310.5912478026,0,0.0,0.0,0.0,0.0,0.0,1586310.5912478026
2018-05-07,0.0,1758548.9495105464,0,0.0,0.0,0.0,0.0,0.0,1758548.9495105464
2018-05-08,0.0,1751433.2613232466,0,0.0,0.0,0.0,0.0,0.0,1751433.2613232466
2018-05-09,0.0,1611978.7172282513,0,0.0,0.0,0.0,0.0,0.0,1611978.7172282513
2018-05-10,0.0,1869069.4526941844,0,0.0,0.0,0.0,0.0,0.0,1869069.4526941844
2018-05-11,0.0,1605154.2742623258,0,0.0,0.0,0.0,0.0,0.0,1605154.2742623258
2018-05-14,0.0,1419982.4836561512,0,0.0,0.0,0.0,0.0,0.0,1419982.4836561512
2018-05-15,0.0,1084276.6123267752,0,0.0,0.0,0.0,0.0,0.0,1084276.6123267752
2018-05-16,0.0,853968.8991944082,0,0.0,0.0,0.0,0.0,0.0,853968.8991944082
2018-05-17,0.0,618470.9176936091,0,0.0,0.0,0.0,0.0,0.0,618470.9176936091
2018-05-18,0.0,289401.52340934175,0,0.0,0.0,0.0,0.0,0.0,289401.52340934175
2018-05-21,0.0,556195.994442099,0,0.0,0.0,0.0,0.0,0.0,556195.994442099
2018-05-22,0.0,770866.31410741,0,0.0,0.0,0.0,0.0,0.0,770866.31410741
2018-05-23,0.0,1193528.2444909534,0,0.0,0.0,0.0,0.0,0.0,1193528.2444909534
2018-05-24,0.0,739276.4054433588,0,0.0,0.0,0.0,0.0,0.0,739276.4054433588
2018-05-25,0.0,461470.01022802875,0,0.0,0.0,0.0,0.0,0.0,461470.01022802875
2018-05-28,0.0,811.1619020281249,0,0.0,0.0,0.0,0.0,0.0,811.1619020281249
2018-05-29,0.0,1398.8569241851023,0,0.0,0.0,0.0,0.0,0.0,1398.8569241851023
2018-05-30,0.0,1.946883466338978,0,0.0,0.0,0.0,0.0,0.0,1.946883466338978
2018-05-31,0.0,3.072601368534921e-06,0,0.0,0.0,0.0,0.0,0.0,3.072601368534921e-06
2018-06-01,0.0,967746.4212096091,0,0.0,0.0,0.0,0.0,0.0,967746.4212096091
2018-06-04,0.0,994031.5965797453,0,0.0,0.0,0.0,0.0,0.0,994031.5965797453
2018-06-05,0.0,1156962.4869493423,0,0.0,0.0,0.0,0.0,0.0,1156962.4869493423
2018-06-06,0.0,1182330.2291356828,0,0.0,0.0,0.0,0.0,0.0,1182330.2291356828
2018-06-07,0.0,932761.6896313061,0,0.0,0.0,0.0,0.0,0.0,932761.6896313061
2018-06-08,0.0,708405.3681500071,0,0.0,0.0,0.0,0.0,0.0,708405.3681500071
2018-06-11,0.0,765841.2420406989,0,0.0,0.0,0.0,0.0,0.0,765841.2420406989
2018-06-12,0.0,860701.7952044677,0,0.0,0.0,0.0,0.0,0.0,860701.7952044677
2018-06-13,0.0,941973.0449808956,0,0.0,0.0,0.0,0.0,0.0,941973.0449808956
2018-06-14,0.0,1197833.7836543424,0,0.0,0.0,0.0,0.0,0.0,1197833.7836543424
2018-06-15,0.0,958937.9284818802,0,0.0,0.0,0.0,0.0,0.0,958937.9284818802
2018-06-18,0.0,1272275.9377281382,0,0.0,0.0,0.0,0.0,0.0,1272275.9377281382
2018-06-19,0.0,1420443.2004371097,0,0.0,0.0,0.0,0.0,0.0,1420443.2004371097
2018-06-20,0.0,1718308.5033948827,0,0.0,0.0,0.0,0.0,0.0,1718308.5033948827
2018-06-21,0.0,1863480.6471390491,0,0.0,0.0,0.0,0.0,0.0,1863480.6471390491
2018-06-22,0.0,2144785.5761573156,0,0.0,0.0,0.0,0.0,0.0,2144785.5761573156
2018-06-25,0.0,3304795.893712016,0,0.0,0.0,0.0,0.0,0.0,3304795.893712016
2018-06-26,0.0,4062387.086961434,0,0.0,0.0,0.0,0.0,0.0,4062387.086961434
2018-06-27,0.0,596127.7094620327,0,0.0,0.0,0.0,0.0,0.0,596127.7094620327
2018-06-28,0.0,76223.95890651626,0,0.0,0.0,0.0,0.0,0.0,76223.95890651626
2018-06-29,0.0,0.0,0,0.0,0.0,0.0,0.0,0.0,0.0
2018-07-02,2609436.2414330677,0.0,0,0.0,0.0,0.0,0.0,0.0,2609436.2414330677
2018-07-03,2048476.6808477992,0.0,0,0.0,0.0,0.0,0.0,0.0,2048476.6808477992
2018-07-04,1922593.832688602,0.0,0,0.0,0.0,0.0,0.0,0.0,1922593.832688602
2018-07-05,2210402.655637563,0.0,0,0.0,0.0,0.0,0.0,0.0,2210402.655637563
2018-07-06,2400078.361072718,0.0,0,0.0,0.0,0.0,0.0,0.0,2400078.361072718
2018-07-09,1506580.383123201,0.0,0,0.0,0.0,0.0,0.0,0.0,1506580.383123201
2018-07-10,2233913.4377273815,0.0,0,0.0,0.0,0.0,0.0,0.0,2233913.4377273815
2018-07-11,3556884.77327088,0.0,0,0.0,0.0,0.0,0.0,0.0,3556884.77327088
2018-07-12,3033984.9606457558,0.0,0,0.0,0.0,0.0,0.0,0.0,3033984.9606457558
2018-07-13,3754505.4318735744,0.0,0,0.0,0.0,0.0,0.0,0.0,3754505.4318735744
2018-07-16,3922404.2944027823,0.0,0,0.0,0.0,0.0,0.0,0.0,3922404.2944027823
2018-07-17,5278199.028887422,0.0,0,0.0,0.0,0.0,0.0,0.0,5278199.028887422
2018-07-18,4949988.739078134,0.0,0,0.0,0.0,0.0,0.0,0.0,4949988.739078134
2018-07-19,3357994.608013116,0.0,0,0.0,0.0,0.0,0.0,0.0,3357994.608013116
2018-07-20,3141699.0404042085,0.0,0,0.0,0.0,0.0,0.0,0.0,3141699.0404042085
2018-07-23,2742280.288778845,0.0,0,0.0,0.0,0.0,0.0,0.0,2742280.288778845
2018-07-24,2826452.912476061,0.0,0,0.0,0.0,0.0,0.0,0.0,2826452.912476061
2018-07-25,3833762.2792652263,0.0,0,0.0,0.0,0.0,0.0,0.0,3833762.2792652263
2018-07-26,4387543.988830926,0.0,0,0.0,0.0,0.0,0.0,0.0,4387543.988830926
2018-07-27,1236603.4986613323,0.0,0,0.0,0.0,0.0,0.0,0.0,1236603.4986613323
2018-07-30,64360.67122475765,0.0,0,0.0,0.0,0.0,0.0,0.0,64360.67122475765
2018-07-31,77.37487680952631,0.0,0,0.0,0.0,0.0,0.0,0.0,77.37487680952631
2018-08-01,2205184.6225532796,0.0,0,0.0,0.0,0.0,0.0,0.0,2205184.6225532796
2018-08-02,2639411.0212559956,0.0,0,0.0,0.0,0.0,0.0,0.0,2639411.0212559956
2018-08-03,2340378.264309418,0.0,0,0.0,0.0,0.0,0.0,0.0,2340378.264309418
2018-08-06,2844911.3294095225,0.0,0,0.0,0.0,0.0,0.0,0.0,2844911.3294095225
2018-08-07,2878591.6323041343,0.0,0,0.0,0.0,0.0,0.0,0.0,2878591.6323041343
2018-08-08,3009894.0937535805,0.0,0,0.0,0.0,0.0,0.0,0.0,3009894.0937535805
2018-08-09,2892576.6011760314,0.0,0,0.0,0.0,0.0,0.0,0.0,2892576.6011760314
2018-08-10,3402470.8467636793,0.0,0,0.0,0.0,0.0,0.0,0.0,3402470.8467636793
2018-08-13,3484409.6740101073,0.0,0,0.0,0.0,0.0,0.0,0.0,3484409.6740101073
2018-08-14,3719677.1627958487,0.0,0,0.0,0.0,0.0,0.0,0.0,3719677.1627958487
2018-08-15,2544727.0395169044,0.0,0,0.0,0.0,0.0,0.0,0.0,2544727.0395169044
2018-08-16,3582477.330992999,0.0,0,0.0,0.0,0.0,0.0,0.0,3582477.330992999
2018-08-17,3851569.4182937564,0.0,0,0.0,0.0,0.0,0.0,0.0,3851569.4182937564
2018-08-20,4616531.365587566,0.0,0,0.0,0.0,0.0,0.0,0.0,4616531.365587566
2018-08-21,4723135.430640063,0.0,0,0.0,0.0,0.0,0.0,0.0,4723135.430640063
2018-08-22,5200594.9326046305,0.0,0,0.0,0.0,0.0,0.0,0.0,5200594.9326046305
2018-08-23,4963272.960786247,0.0,0,0.0,0.0,0.0,0.0,0.0,4963272.960786247
2018-08-24,4472969.671578895,0.0,0,0.0,0.0,0.0,0.0,0.0,4472969.671578895
2018-08-27,7316444.287145043,0.0,0,0.0,0.0,0.0,0.0,0.0,7316444.287145043
2018-08-28,5187395.742220056,0.0,0,0.0,0.0,0.0,0.0,0.0,5187395.742220056
2018-08-29,11855496.07716003,0.0,0,0.0,0.0,0.0,0.0,0.0,11855496.07716003
2018-08-30,8154414.9651855035,0.0,0,0.0,0.0,0.0,0.0,0.0,8154414.9651855035
2018-08-31,0.0,0.0,0,0.0,0.0,0.0,0.0,0.0,0.0
2018-09-03,2456891.5160256173,0.0,0,0.0,0.0,0.0,0.0,0.0,2456891.5160256173
2018-09-04,2989854.7346733734,0.0,0,0.0,0.0,0.0,0.0,0.0,2989854.7346733734
2018-09-05,2942737.7812158656,0.0,0,0.0,0.0,0.0,0.0,0.0,2942737.7812158656
2018-09-06,3153512.012932679,0.0,0,0.0,0.0,0.0,0.0,0.0,3153512.012932679
2018-09-07,3259531.7639552453,0.0,0,0.0,0.0,0.0,0.0,0.0,3259531.7639552453
2018-09-10,3545944.7746373215,0.0,0,0.0,0.0,0.0,0.0,0.0,3545944.7746373215
2018-09-11,3788961.251147974,0.0,0,0.0,0.0,0.0,0.0,0.0,3788961.251147974
2018-09-12,4219072.37949171,0.0,0,0.0,0.0,0.0,0.0,0.0,4219072.37949171
2018-09-13,4600613.753029818,0.0,0,0.0,0.0,0.0,0.0,0.0,4600613.753029818
2018-09-14,4816273.531602791,0.0,0,0.0,0.0,0.0,0.0,0.0,4816273.531602791
2018-09-17,5454608.125985391,0.0,0,0.0,0.0,0.0,0.0,0.0,5454608.125985391
2018-09-18,5599982.202850235,0.0,0,0.0,0.0,0.0,0.0,0.0,5599982.202850235
2018-09-19,6133075.214401275,0.0,0,0.0,0.0,0.0,0.0,0.0,6133075.214401275
2018-09-20,7272876.776994527,0.0,0,0.0,0.0,0.0,0.0,0.0,7272876.776994527
2018-09-21,6761006.602874844,0.0,0,0.0,0.0,0.0,0.0,0.0,6761006.602874844
2018-09-24,7637346.309464665,0.0,0,0.0,0.0,0.0,0.0,0.0,7637346.309464665
2018-09-25,8200713.559312467,0.0,0,0.0,0.0,0.0,0.0,0.0,8200713.559312467
2018-09-26,6941671.962097339,0.0,0,0.0,0.0,0.0,0.0,0.0,6941671.962097339
2018-09-27,2869233.548923681,0.0,0,0.0,0.0,0.0,0.0,0.0,2869233.548923681
2018-09-28,5704326.018747606,0.0,0,0.0,0.0,0.0,0.0,0.0,5704326.018747606
2018-10-01,4746403.658093236,0.0,0,0.0,0.0,0.0,0.0,0.0,4746403.658093236
2018-10-02,4861806.799641986,0.0,0,0.0,0.0,0.0,0.0,0.0,4861806.799641986
2018-10-03,4648322.5079491325,0.0,0,0.0,0.0,0.0,0.0,0.0,4648322.5079491325
2018-10-04,4507640.162017699,0.0,0,0.0,0.0,0.0,0.0,0.0,4507640.162017699
2018-10-05,4643606.38506932,0.0,0,0.0,0.0,0.0,0.0,0.0,4643606.38506932
2018-10-08,4672772.930988135,0.0,0,0.0,0.0,0.0,0.0,0.0,4672772.930988135
2018-10-09,5304924.739707441,0.0,0,0.0,0.0,0.0,0.0,0.0,5304924.739707441
2018-10-10,5578845.359552456,0.0,0,0.0,0.0,0.0,0.0,0.0,5578845.359552456
2018-10-11,5316619.594628614,0.0,0,0.0,0.0,0.0,0.0,0.0,5316619.594628614
2018-10-12,6076981.244507339,0.0,0,0.0,0.0,0.0,0.0,0.0,6076981.244507339
2018-10-15,6856266.595069755,0.0,0,0.0,0.0,0.0,0.0,0.0,6856266.595069755
2018-10-16,8135292.6426893165,0.0,0,0.0,0.0,0.0,0.0,0.0,8135292.6426893165
2018-10-17,8762445.831485143,0.0,0,0.0,0.0,0.0,0.0,0.0,8762445.831485143
2018-10-18,7668094.754900047,0.0,0,0.0,0.0,0.0,0.0,0.0,7668094.754900047
2018-10-19,8694394.647108866,0.0,0,0.0,0.0,0.0,0.0,0.0,8694394.647108866
2018-10-22,7319610.519232496,0.0,0,0.0,0.0,0.0,0.0,0.0,7319610.519232496
2018-10-23,7371887.419852714,0.0,0,0.0,0.0,0.0,0.0,0.0,7371887.419852714
2018-10-24,6882621.902532226,0.0,0,0.0,0.0,0.0,0.0,0.0,6882621.902532226
2018-10-25,6887679.38464715,0.0,0,0.0,0.0,0.0,0.0,0.0,6887679.38464715
2018-10-26,6935492.300985356,0.0,0,0.0,0.0,0.0,0.0,0.0,6935492.300985356
2018-10-29,237190.20390244538,0.0,0,0.0,0.0,0.0,0.0,0.0,237190.20390244538
2018-10-30,2183629.1472510486,0.0,0,0.0,0.0,0.0,0.0,0.0,2183629.1472510486
2018-10-31,2.8896128036000377,0.0,0,0.0,0.0,0.0,0.0,0.0,2.8896128036000377
2018-11-01,0.0,0.0,0,0.0,0.0,130284.46886077723,0.0,0.0,130284.46886077723
2018-11-02,0.0,0.0,0,0.0,0.0,148905.08849951852,0.0,0.0,148905.08849951852
2018-11-05,0.0,0.0,0,0.0,0.0,156329.45893431336,0.0,0.0,156329.45893431336
2018-11-06,0.0,0.0,0,0.0,0.0,156028.35032086656,0.0,0.0,156028.35032086656
2018-11-07,0.0,0.0,0,0.0,0.0,179280.01299214826,0.0,0.0,179280.01299214826
2018-11-08,0.0,0.0,0,0.0,0.0,170835.04227838083,0.0,0.0,170835.04227838083
2018-11-09,0.0,0.0,0,0.0,0.0,187436.2622361292,0.0,0.0,187436.2622361292
2018-11-12,0.0,0.0,0,0.0,0.0,198612.10404856107,0.0,0.0,198612.10404856107
2018-11-13,0.0,0.0,0,0.0,0.0,206356.38721130686,0.0,0.0,206356.38721130686
2018-11-14,0.0,0.0,0,0.0,0.0,216191.68813383774,0.0,0.0,216191.68813383774
2018-11-15,0.0,0.0,0,0.0,0.0,217767.02410963448,0.0,0.0,217767.02410963448
2018-11-16,0.0,0.0,0,0.0,0.0,238326.8056160561,0.0,0.0,238326.8056160561
2018-11-19,0.0,0.0,0,0.0,0.0,278744.84339598625,0.0,0.0,278744.84339598625
2018-11-20,0.0,0.0,0,0.0,0.0,320249.6604477917,0.0,0.0,320249.6604477917
2018-11-21,0.0,0.0,0,0.0,0.0,379156.07526200754,0.0,0.0,379156.07526200754
2018-11-22,0.0,0.0,0,0.0,0.0,411417.9804556721,0.0,0.0,411417.9804556721
2018-11-23,0.0,0.0,0,0.0,0.0,432459.3745480147,0.0,0.0,432459.3745480147
2018-11-26,0.0,0.0,0,0.0,0.0,320258.37463003077,0.0,0.0,320258.37463003077
2018-11-27,0.0,0.0,0,0.0,0.0,172872.76725756624,0.0,0.0,172872.76725756624
2018-11-28,0.0,0.0,0,0.0,0.0,145912.10551261163,0.0,0.0,145912.10551261163
2018-11-29,0.0,0.0,0,0.0,0.0,92430.10035499294,0.0,0.0,92430.10035499294
2018-11-30,0.0,0.0,0,0.0,0.0,0.0,0.0,0.0,0.0
2018-12-03,3137583.0262239124,0.0,0,0.0,0.0,0.0,0.0,0.0,3137583.0262239124
2018-12-04,2088118.4144522855,0.0,0,0.0,0.0,0.0,0.0,0.0,2088118.4144522855
2018-12-05,2904617.6570371524,0.0,0,0.0,0.0,0.0,0.0,0.0,2904617.6570371524
2018-12-06,3654025.7230151067,0.0,0,0.0,0.0,0.0,0.0,0.0,3654025.7230151067
2018-12-07,3593731.1652919604,0.0,0,0.0,0.0,0.0,0.0,0.0,3593731.1652919604
2018-12-10,4405127.083884765,0.0,0,0.0,0.0,0.0,0.0,0.0,4405127.083884765
2018-12-11,4668698.763079147,0.0,0,0.0,0.0,0.0,0.0,0.0,4668698.763079147
2018-12-12,4276622.492385006,0.0,0,0.0,0.0,0.0,0.0,0.0,4276622.492385006
2018-12-13,4336405.807810318,0.0,0,0.0,0.0,0.0,0.0,0.0,4336405.807810318
2018-12-14,5174359.097442795,0.0,0,0.0,0.0,0.0,0.0,0.0,5174359.097442795
2018-12-17,6201257.613535141,0.0,0,0.0,0.0,0.0,0.0,0.0,6201257.613535141
2018-12-18,6795337.979036793,0.0,0,0.0,0.0,0.0,0.0,0.0,6795337.979036793
2018-12-19,7328274.899955227,0.0,0,0.0,0.0,0.0,0.0,0.0,7328274.899955227
2018-12-20,10587537.690514283,0.0,0,0.0,0.0,0.0,0.0,0.0,10587537.690514283
2018-12-21,9627822.453119706,0.0,0,0.0,0.0,0.0,0.0,0.0,9627822.453119706
2018-12-24,12104400.852754373,0.0,0,0.0,0.0,0.0,0.0,0.0,12104400.852754373
2018-12-25,14017953.84693845,0.0,0,0.0,0.0,0.0,0.0,0.0,14017953.84693845
2018-12-26,15166000.26165736,0.0,0,0.0,0.0,0.0,0.0,0.0,15166000.26165736
2018-12-27,7882410.956014825,0.0,0,0.0,0.0,0.0,0.0,0.0,7882410.956014825
2018-12-28,17099795.495383345,0.0,0,0.0,0.0,0.0,0.0,0.0,17099795.495383345
2018-12-31,32975799.91479465,0.0,0,0.0,0.0,0.0,0.0,0.0,32975799.91479465
2019-01-01,0.0,0.0,0,0.0,0.0,0.0,0.0,7638169.004206857,7638169.004206857
2019-01-02,0.0,0.0,0,0.0,0.0,0.0,0.0,7159234.424020423,7159234.424020423
2019-01-03,0.0,0.0,0,0.0,0.0,0.0,0.0,5266615.76072273,5266615.76072273
2019-01-04,0.0,0.0,0,0.0,0.0,0.0,0.0,2748346.146584346,2748346.146584346
2019-01-07,0.0,0.0,0,0.0,0.0,0.0,0.0,1319964.6177213665,1319964.6177213665
2019-01-08,0.0,0.0,0,0.0,0.0,0.0,0.0,1000256.8451859393,1000256.8451859393
2019-01-09,0.0,0.0,0,0.0,0.0,0.0,0.0,393906.150803186,393906.150803186
2019-01-10,0.0,0.0,0,0.0,0.0,0.0,0.0,465059.2539887021,465059.2539887021
2019-01-11,0.0,0.0,0,0.0,0.0,0.0,0.0,586388.1915126272,586388.1915126272
2019-01-14,0.0,0.0,0,0.0,0.0,0.0,0.0,562041.6039402054,562041.6039402054
2019-01-15,0.0,0.0,0,0.0,0.0,0.0,0.0,379076.5379241501,379076.5379241501
2019-01-16,0.0,0.0,0,0.0,0.0,0.0,0.0,262429.86776090856,262429.86776090856
2019-01-17,0.0,0.0,0,0.0,0.0,0.0,0.0,368593.1517961309,368593.1517961309
2019-01-18,0.0,0.0,0,0.0,0.0,0.0,0.0,136907.7164859062,136907.7164859062
2019-01-21,0.0,0.0,0,0.0,0.0,0.0,0.0,122034.36603079164,122034.36603079164
2019-01-22,0.0,0.0,0,0.0,0.0,0.0,0.0,619717.2897059218,619717.2897059218
2019-01-23,0.0,0.0,0,0.0,0.0,0.0,0.0,234394.67061439113,234394.67061439113
2019-01-24,0.0,0.0,0,0.0,0.0,0.0,0.0,343658.95361170836,343658.95361170836
2019-01-25,0.0,0.0,0,0.0,0.0,0.0,0.0,2602.040747737681,2602.040747737681
2019-01-28,0.0,0.0,0,0.0,0.0,0.0,0.0,242.83816538655972,242.83816538655972
2019-01-29,0.0,0.0,0,0.0,0.0,0.0,0.0,13.352719408214817,13.352719408214817
2019-01-30,0.0,0.0,0,0.0,0.0,0.0,0.0,5.398585374117241e-11,5.398585374117241e-11
2019-01-31,0.0,0.0,0,0.0,0.0,0.0,0.0,3.65222496015622e-32,3.65222496015622e-32
2019-02-01,0.0,0.0,0,0.0,19458858.20732886,0.0,0.0,0.0,19458858.20732886
2019-02-04,0.0,0.0,0,0.0,21235309.457924172,0.0,0.0,0.0,21235309.457924172
2019-02-05,0.0,0.0,0,0.0,17834220.6216977,0.0,0.0,0.0,17834220.6216977
2019-02-06,0.0,0.0,0,0.0,12492723.767552499,0.0,0.0,0.0,12492723.767552499
2019-02-07,0.0,0.0,0,0.0,10122370.21439158,0.0,0.0,0.0,10122370.21439158
2019-02-08,0.0,0.0,0,0.0,8034607.680756404,0.0,0.0,0.0,8034607.680756404
2019-02-11,0.0,0.0,0,0.0,3358574.4060548306,0.0,0.0,0.0,3358574.4060548306
2019-02-12,0.0,0.0,0,0.0,7864645.774522863,0.0,0.0,0.0,7864645.774522863
2019-02-13,0.0,0.0,0,0.0,1952633.559236447,0.0,0.0,0.0,1952633.559236447
2019-02-14,0.0,0.0,0,0.0,4152547.016708481,0.0,0.0,0.0,4152547.016708481
2019-02-15,0.0,0.0,0,0.0,4023540.188237739,0.0,0.0,0.0,4023540.188237739
2019-02-18,0.0,0.0,0,0.0,4047768.61792189,0.0,0.0,0.0,4047768.61792189
2019-02-19,0.0,0.0,0,0.0,7751132.907366586,0.0,0.0,0.0,7751132.907366586
2019-02-20,0.0,0.0,0,0.0,6801924.106911915,0.0,0.0,0.0,6801924.106911915
2019-02-21,0.0,0.0,0,0.0,5080235.815247093,0.0,0.0,0.0,5080235.815247093
2019-02-22,0.0,0.0,0,0.0,3246195.047033297,0.0,0.0,0.0,3246195.047033297
2019-02-25,0.0,0.0,0,0.0,2320139.546837151,0.0,0.0,0.0,2320139.546837151
2019-02-26,0.0,0.0,0,0.0,9111241.154788593,0.0,0.0,0.0,9111241.154788593
2019-02-27,0.0,0.0,0,0.0,1072853.7163154485,0.0,0.0,0.0,1072853.7163154485
2019-02-28,0.0,0.0,0,0.0,172898.24070174625,0.0,0.0,0.0,172898.24070174625
2019-03-01,0.0,0.0,0,0.0,18111062.021756962,0.0,0.0,0.0,18111062.021756962
2019-03-04,0.0,0.0,0,0.0,17794686.63193069,0.0,0.0,0.0,17794686.63193069
2019-03-05,0.0,0.0,0,0.0,15168163.15188017,0.0,0.0,0.0,15168163.15188017
2019-03-06,0.0,0.0,0,0.0,14944176.019620625,0.0,0.0,0.0,14944176.019620625
2019-03-07,0.0,0.0,0,0.0,5097306.104312205,0.0,0.0,0.0,5097306.104312205
2019-03-08,0.0,0.0,0,0.0,8013356.5893653305,0.0,0.0,0.0,8013356.5893653305
2019-03-11,0.0,0.0,0,0.0,8915549.782026185,0.0,0.0,0.0,8915549.782026185
2019-03-12,0.0,0.0,0,0.0,14555394.39178279,0.0,0.0,0.0,14555394.39178279
2019-03-13,0.0,0.0,0,0.0,21649934.180941127,0.0,0.0,0.0,21649934.180941127
2019-03-14,0.0,0.0,0,0.0,17678156.780823745,0.0,0.0,0.0,17678156.780823745
2019-03-15,0.0,0.0,0,0.0,23117055.201414827,0.0,0.0,0.0,23117055.201414827
2019-03-18,0.0,0.0,0,0.0,27904148.95227659,0.0,0.0,0.0,27904148.95227659
2019-03-19,0.0,0.0,0,0.0,32188744.624732144,0.0,0.0,0.0,32188744.624732144
2019-03-20,0.0,0.0,0,0.0,42702571.55872497,0.0,0.0,0.0,42702571.55872497
2019-03-21,0.0,0.0,0,0.0,34450218.620534584,0.0,0.0,0.0,34450218.620534584
2019-03-22,0.0,0.0,0,0.0,18455575.244512502,0.0,0.0,0.0,18455575.244512502
2019-03-25,0.0,0.0,0,0.0,21517566.338670272,0.0,0.0,0.0,21517566.338670272
2019-03-26,0.0,0.0,0,0.0,5480863.596923117,0.0,0.0,0.0,5480863.596923117
2019-03-27,0.0,0.0,0,0.0,1918776.251615447,0.0,0.0,0.0,1918776.251615447
2019-03-28,0.0,0.0,0,0.0,214808.47577583452,0.0,0.0,0.0,214808.47577583452
2019-03-29,0.0,0.0,0,0.0,10170.222211845403,0.0,0.0,0.0,10170.222211845403
2019-04-01,0.0,0.0,0,0.0,0.0,184968.5882989633,0.0,0.0,184968.5882989633
2019-04-02,0.0,0.0,0,0.0,0.0,201803.72990681708,0.0,0.0,201803.72990681708
2019-04-03,0.0,0.0,0,0.0,0.0,217828.24644323398,0.0,0.0,217828.24644323398
2019-04-04,0.0,0.0,0,0.0,0.0,234757.70877973,0.0,0.0,234757.70877973
2019-04-05,0.0,0.0,0,0.0,0.0,257357.92581690638,0.0,0.0,257357.92581690638
2019-04-08,0.0,0.0,0,0.0,0.0,273596.3369228396,0.0,0.0,273596.3369228396
2019-04-09,0.0,0.0,0,0.0,0.0,255966.06169766322,0.0,0.0,255966.06169766322
2019-04-10,0.0,0.0,0,0.0,0.0,250139.7956512505,0.0,0.0,250139.7956512505
2019-04-11,0.0,0.0,0,0.0,0.0,337062.3937020019,0.0,0.0,337062.3937020019
2019-04-12,0.0,0.0,0,0.0,0.0,324987.0322977499,0.0,0.0,324987.0322977499
2019-04-15,0.0,0.0,0,0.0,0.0,367664.4011669434,0.0,0.0,367664.4011669434
2019-04-16,0.0,0.0,0,0.0,0.0,396290.7874800664,0.0,0.0,396290.7874800664
2019-04-17,0.0,0.0,0,0.0,0.0,396344.58691351477,0.0,0.0,396344.58691351477
2019-04-18,0.0,0.0,0,0.0,0.0,432764.11598550784,0.0,0.0,432764.11598550784
2019-04-19,0.0,0.0,0,0.0,0.0,469565.2219507454,0.0,0.0,469565.2219507454
2019-04-22,0.0,0.0,0,0.0,0.0,506885.84674231755,0.0,0.0,506885.84674231755
2019-04-23,0.0,0.0,0,0.0,0.0,553079.0900406066,0.0,0.0,553079.0900406066
2019-04-24,0.0,0.0,0,0.0,0.0,410604.5451486403,0.0,0.0,410604.5451486403
2019-04-25,0.0,0.0,0,0.0,0.0,574229.7121688407,0.0,0.0,574229.7121688407
2019-04-26,0.0,0.0,0,0.0,0.0,681811.3196875023,0.0,0.0,681811.3196875023
2019-04-29,0.0,0.0,0,0.0,0.0,900409.3454159852,0.0,0.0,900409.3454159852
2019-04-30,0.0,0.0,0,0.0,0.0,1500348.7592332542,0.0,0.0,1500348.7592332542
2019-05-01,0.0,0.0,0,0.0,0.0,205211.3791290205,0.0,0.0,205211.3791290205
2019-05-02,0.0,0.0,0,0.0,0.0,237842.63125157557,0.0,0.0,237842.63125157557
2019-05-03,0.0,0.0,0,0.0,0.0,217035.4741077093,0.0,0.0,217035.4741077093
2019-05-06,0.0,0.0,0,0.0,0.0,169668.5069310784,0.0,0.0,169668.5069310784
2019-05-07,0.0,0.0,0,0.0,0.0,109419.01492372052,0.0,0.0,109419.01492372052
2019-05-08,0.0,0.0,0,0.0,0.0,94832.3630898857,0.0,0.0,94832.3630898857
2019-05-09,0.0,0.0,0,0.0,0.0,68780.43420797148,0.0,0.0,68780.43420797148
2019-05-10,0.0,0.0,0,0.0,0.0,79131.84547732267,0.0,0.0,79131.84547732267
2019-05-13,0.0,0.0,0,0.0,0.0,33054.99199301862,0.0,0.0,33054.99199301862
2019-05-14,0.0,0.0,0,0.0,0.0,39974.41996085699,0.0,0.0,39974.41996085699
2019-05-15,0.0,0.0,0,0.0,0.0,35967.187191353034,0.0,0.0,35967.187191353034
2019-05-16,0.0,0.0,0,0.0,0.0,50237.5752426411,0.0,0.0,50237.5752426411
2019-05-17,0.0,0.0,0,0.0,0.0,83528.90376180845,0.0,0.0,83528.90376180845
2019-05-20,0.0,0.0,0,0.0,0.0,57671.39005560357,0.0,0.0,57671.39005560357
2019-05-21,0.0,0.0,0,0.0,0.0,156838.63913715762,0.0,0.0,156838.63913715762
2019-05-22,0.0,0.0,0,0.0,0.0,95606.57221094154,0.0,0.0,95606.57221094154
2019-05-23,0.0,0.0,0,0.0,0.0,11201.085794372637,0.0,0.0,11201.085794372637
2019-05-24,0.0,0.0,0,0.0,0.0,1882.4694442952914,0.0,0.0,1882.4694442952914
2019-05-27,0.0,0.0,0,0.0,0.0,206.31267692229565,0.0,0.0,206.31267692229565
2019-05-28,0.0,0.0,0,0.0,0.0,6.951614337882336,0.0,0.0,6.951614337882336
2019-05-29,0.0,0.0,0,0.0,0.0,2.1667409699013627,0.0,0.0,2.1667409699013627
2019-05-30,0.0,0.0,0,0.0,0.0,2.673257800502265e-06,0.0,0.0,2.673257800502265e-06
2019-05-31,0.0,0.0,0,0.0,0.0,0.0,0.0,0.0,0.0
2019-06-03,4312294.141146273,0.0,0,0.0,0.0,0.0,0.0,0.0,4312294.141146273
2019-06-04,5224130.033502156,0.0,0,0.0,0.0,0.0,0.0,0.0,5224130.033502156
2019-06-05,5015465.307951843,0.0,0,0.0,0.0,0.0,0.0,0.0,5015465.307951843
2019-06-06,5500487.886028387,0.0,0,0.0,0.0,0.0,0.0,0.0,5500487.886028387
2019-06-07,5753349.13803237,0.0,0,0.0,0.0,0.0,0.0,0.0,5753349.13803237
2019-06-10,6773096.853782224,0.0,0,0.0,0.0,0.0,0.0,0.0,6773096.853782224
2019-06-11,6852393.66935609,0.0,0,0.0,0.0,0.0,0.0,0.0,6852393.66935609
2019-06-12,7540433.665946817,0.0,0,0.0,0.0,0.0,0.0,0.0,7540433.665946817
2019-06-13,7781857.78418706,0.0,0,0.0,0.0,0.0,0.0,0.0,7781857.78418706
2019-06-14,8050336.762511568,0.0,0,0.0,0.0,0.0,0.0,0.0,8050336.762511568
2019-06-17,8693114.037988575,0.0,0,0.0,0.0,0.0,0.0,0.0,8693114.037988575
2019-06-18,9951197.097638883,0.0,0,0.0,0.0,0.0,0.0,0.0,9951197.097638883
2019-06-19,10747443.158283113,0.0,0,0.0,0.0,0.0,0.0,0.0,10747443.158283113
2019-06-20,1592926.6727786865,0.0,0,0.0,0.0,0.0,0.0,0.0,1592926.6727786865
2019-06-21,4337953.304098541,0.0,0,0.0,0.0,0.0,0.0,0.0,4337953.304098541
2019-06-24,5184552.1339364275,0.0,0,0.0,0.0,0.0,0.0,0.0,5184552.1339364275
2019-06-25,5260381.220304705,0.0,0,0.0,0.0,0.0,0.0,0.0,5260381.220304705
2019-06-26,3472567.1848422214,0.0,0,0.0,0.0,0.0,0.0,0.0,3472567.1848422214
2019-06-27,3108606.897808794,0.0,0,0.0,0.0,0.0,0.0,0.0,3108606.897808794
2019-06-28,1055160.6023954651,0.0,0,0.0,0.0,0.0,0.0,0.0,1055160.6023954651
2019-07-01,4634220.7761603985,0.0,0,0.0,0.0,0.0,0.0,0.0,4634220.7761603985
2019-07-02,5718883.00199508,0.0,0,0.0,0.0,0.0,0.0,0.0,5718883.00199508
2019-07-03,5766251.18479939,0.0,0,0.0,0.0,0.0,0.0,0.0,5766251.18479939
2019-07-04,6094608.180577818,0.0,0,0.0,0.0,0.0,0.0,0.0,6094608.180577818
2019-07-05,6311772.487981565,0.0,0,0.0,0.0,0.0,0.0,0.0,6311772.487981565
2019-07-08,7355851.256405209,0.0,0,0.0,0.0,0.0,0.0,0.0,7355851.256405209
2019-07-09,7676042.04392992,0.0,0,0.0,0.0,0.0,0.0,0.0,7676042.04392992
2019-07-10,8431416.39246067,0.0,0,0.0,0.0,0.0,0.0,0.0,8431416.39246067
2019-07-11,9275944.632400721,0.0,0,0.0,0.0,0.0,0.0,0.0,9275944.632400721
2019-07-12,9300432.90669835,0.0,0,0.0,0.0,0.0,0.0,0.0,9300432.90669835
2019-07-15,10869170.30486508,0.0,0,0.0,0.0,0.0,0.0,0.0,10869170.30486508
2019-07-16,11129701.77129434,0.0,0,0.0,0.0,0.0,0.0,0.0,11129701.77129434
2019-07-17,11825374.499205705,0.0,0,0.0,0.0,0.0,0.0,0.0,11825374.499205705
2019-07-18,10787830.227199793,0.0,0,0.0,0.0,0.0,0.0,0.0,10787830.227199793
2019-07-19,10011127.891170926,0.0,0,0.0,0.0,0.0,0.0,0.0,10011127.891170926
2019-07-22,10401447.570361199,0.0,0,0.0,0.0,0.0,0.0,0.0,10401447.570361199
2019-07-23,10581596.927912662,0.0,0,0.0,0.0,0.0,0.0,0.0,10581596.927912662
2019-07-24,14375616.468237031,0.0,0,0.0,0.0,0.0,0.0,0.0,14375616.468237031
2019-07-25,15750936.947688218,0.0,0,0.0,0.0,0.0,0.0,0.0,15750936.947688218
2019-07-26,12055232.088601299,0.0,0,0.0,0.0,0.0,0.0,0.0,12055232.088601299
2019-07-29,1514527.3109149965,0.0,0,0.0,0.0,0.0,0.0,0.0,1514527.3109149965
2019-07-30,1199923.5338514857,0.0,0,0.0,0.0,0.0,0.0,0.0,1199923.5338514857
2019-07-31,1454.337300191729,0.0,0,0.0,0.0,0.0,0.0,0.0,1454.337300191729
2019-08-01,8110841.546505638,0.0,0,0.0,0.0,0.0,0.0,0.0,8110841.546505638
2019-08-02,6166271.609467633,0.0,0,0.0,0.0,0.0,0.0,0.0,6166271.609467633
2019-08-05,1270368.2369359983,0.0,0,0.0,0.0,0.0,0.0,0.0,1270368.2369359983
2019-08-06,3268981.080856978,0.0,0,0.0,0.0,0.0,0.0,0.0,3268981.080856978
2019-08-07,1756520.6267642966,0.0,0,0.0,0.0,0.0,0.0,0.0,1756520.6267642966
2019-08-08,2358016.5661768666,0.0,0,0.0,0.0,0.0,0.0,0.0,2358016.5661768666
2019-08-09,1908952.9658423292,0.0,0,0.0,0.0,0.0,0.0,0.0,1908952.9658423292
2019-08-12,1713026.0959970052,0.0,0,0.0,0.0,0.0,0.0,0.0,1713026.0959970052
2019-08-13,3801203.6344010094,0.0,0,0.0,0.0,0.0,0.0,0.0,3801203.6344010094
2019-08-14,4492292.798823352,0.0,0,0.0,0.0,0.0,0.0,0.0,4492292.798823352
2019-08-15,3663704.252149953,0.0,0,0.0,0.0,0.0,0.0,0.0,3663704.252149953
2019-08-16,2972355.603971753,0.0,0,0.0,0.0,0.0,0.0,0.0,2972355.603971753
2019-08-19,2244293.8630227577,0.0,0,0.0,0.0,0.0,0.0,0.0,2244293.8630227577
2019-08-20,1152304.415835206,0.0,0,0.0,0.0,0.0,0.0,0.0,1152304.415835206
2019-08-21,732955.0528368228,0.0,0,0.0,0.0,0.0,0.0,0.0,732955.0528368228
2019-08-22,201558.60781512846,0.0,0,0.0,0.0,0.0,0.0,0.0,201558.60781512846
2019-08-23,133081.1330340696,0.0,0,0.0,0.0,0.0,0.0,0.0,133081.1330340696
2019-08-26,0.6125777717924583,0.0,0,0.0,0.0,0.0,0.0,0.0,0.6125777717924583
2019-08-27,0.0001046563590979937,0.0,0,0.0,0.0,0.0,0.0,0.0,0.0001046563590979937
2019-08-28,9.176806616554053e-11,0.0,0,0.0,0.0,0.0,0.0,0.0,9.176806616554053e-11
2019-08-29,3.48948345077871e-08,0.0,0,0.0,0.0,0.0,0.0,0.0,3.48948345077871e-08
2019-08-30,0.0,0.0,0,0.0,0.0,0.0,0.0,0.0,0.0
2019-09-02,2443436.293078823,0.0,0,0.0,0.0,0.0,0.0,0.0,2443436.293078823
2019-09-03,2425759.501652177,0.0,0,0.0,0.0,0.0,0.0,0.0,2425759.501652177
2019-09-04,1899565.388111852,0.0,0,0.0,0.0,0.0,0.0,0.0,1899565.388111852
2019-09-05,2025223.604813291,0.0,0,0.0,0.0,0.0,0.0,0.0,2025223.604813291
2019-09-06,1258573.0953256278,0.0,0,0.0,0.0,0.0,0.0,0.0,1258573.0953256278
2019-09-09,1311138.9905516477,0.0,0,0.0,0.0,0.0,0.0,0.0,1311138.9905516477
2019-09-10,1544128.2562050808,0.0,0,0.0,0.0,0.0,0.0,0.0,1544128.2562050808
2019-09-11,1422752.4853828792,0.0,0,0.0,0.0,0.0,0.0,0.0,1422752.4853828792
2019-09-12,964616.2036516413,0.0,0,0.0,0.0,0.0,0.0,0.0,964616.2036516413
2019-09-13,471321.9896210019,0.0,0,0.0,0.0,0.0,0.0,0.0,471321.9896210019
2019-09-16,671447.2905728663,0.0,0,0.0,0.0,0.0,0.0,0.0,671447.2905728663
2019-09-17,1655918.5977829702,0.0,0,0.0,0.0,0.0,0.0,0.0,1655918.5977829702
2019-09-18,1380655.9742865937,0.0,0,0.0,0.0,0.0,0.0,0.0,1380655.9742865937
2019-09-19,1796536.2069005158,0.0,0,0.0,0.0,0.0,0.0,0.0,1796536.2069005158
2019-09-20,1508476.7292430734,0.0,0,0.0,0.0,0.0,0.0,0.0,1508476.7292430734
2019-09-23,4551548.755419032,0.0,0,0.0,0.0,0.0,0.0,0.0,4551548.755419032
2019-09-24,2657594.3605756853,0.0,0,0.0,0.0,0.0,0.0,0.0,2657594.3605756853
2019-09-25,6555309.526521421,0.0,0,0.0,0.0,0.0,0.0,0.0,6555309.526521421
2019-09-26,6231842.388224658,0.0,0,0.0,0.0,0.0,0.0,0.0,6231842.388224658
2019-09-27,9571642.401045064,0.0,0,0.0,0.0,0.0,0.0,0.0,9571642.401045064
2019-09-30,27349363.266225737,0.0,0,0.0,0.0,0.0,0.0,0.0,27349363.266225737
2019-10-01,3269442.8154446534,0.0,0,0.0,0.0,0.0,0.0,0.0,3269442.8154446534
2019-10-02,3598444.0031338045,0.0,0,0.0,0.0,0.0,0.0,0.0,3598444.0031338045
2019-10-03,3534013.523225004,0.0,0,0.0,0.0,0.0,0.0,0.0,3534013.523225004
2019-10-04,3072432.671915739,0.0,0,0.0,0.0,0.0,0.0,0.0,3072432.671915739
2019-10-07,3537548.341457484,0.0,0,0.0,0.0,0.0,0.0,0.0,3537548.341457484
2019-10-08,4007618.9967736253,0.0,0,0.0,0.0,0.0,0.0,0.0,4007618.9967736253
2019-10-09,3580245.9299357464,0.0,0,0.0,0.0,0.0,0.0,0.0,3580245.9299357464
2019-10-10,2285105.526864003,0.0,0,0.0,0.0,0.0,0.0,0.0,2285105.526864003
2019-10-11,1122551.8589608965,0.0,0,0.0,0.0,0.0,0.0,0.0,1122551.8589608965
2019-10-14,354932.96690994635,0.0,0,0.0,0.0,0.0,0.0,0.0,354932.96690994635
2019-10-15,536754.8138164614,0.0,0,0.0,0.0,0.0,0.0,0.0,536754.8138164614
2019-10-16,912140.3702010864,0.0,0,0.0,0.0,0.0,0.0,0.0,912140.3702010864
2019-10-17,346058.1893628765,0.0,0,0.0,0.0,0.0,0.0,0.0,346058.1893628765
2019-10-18,400563.3661158107,0.0,0,0.0,0.0,0.0,0.0,0.0,400563.3661158107
2019-10-21,136654.90918522116,0.0,0,0.0,0.0,0.0,0.0,0.0,136654.90918522116
2019-10-22,89246.37827817953,0.0,0,0.0,0.0,0.0,0.0,0.0,89246.37827817953
2019-10-23,12941.268936872184,0.0,0,0.0,0.0,0.0,0.0,0.0,12941.268936872184
2019-10-24,14811.01611215819,0.0,0,0.0,0.0,0.0,0.0,0.0,14811.01611215819
2019-10-25,572.5467451712194,0.0,0,0.0,0.0,0.0,0.0,0.0,572.5467451712194
2019-10-28,201.9782496714599,0.0,0,0.0,0.0,0.0,0.0,0.0,201.9782496714599
2019-10-29,2.466362063511201,0.0,0,0.0,0.0,0.0,0.0,0.0,2.466362063511201
2019-10-30,3.910930674118442e-08,0.0,0,0.0,0.0,0.0,0.0,0.0,3.910930674118442e-08
2019-10-31,1.0449756163700538e-16,0.0,0,0.0,0.0,0.0,0.0,0.0,1.0449756163700538e-16
2019-11-01,6065750.093246304,0.0,0,0.0,0.0,0.0,0.0,0.0,6065750.093246304
2019-11-04,6864478.593570493,0.0,0,0.0,0.0,0.0,0.0,0.0,6864478.593570493
2019-11-05,4412486.297871825,0.0,0,0.0,0.0,0.0,0.0,0.0,4412486.297871825
2019-11-06,3991123.8311390183,0.0,0,0.0,0.0,0.0,0.0,0.0,3991123.8311390183
2019-11-07,2404966.8940609535,0.0,0,0.0,0.0,0.0,0.0,0.0,2404966.8940609535
2019-11-08,4283636.916695727,0.0,0,0.0,0.0,0.0,0.0,0.0,4283636.916695727
2019-11-11,6289277.733082834,0.0,0,0.0,0.0,0.0,0.0,0.0,6289277.733082834
2019-11-12,7405894.402120914,0.0,0,0.0,0.0,0.0,0.0,0.0,7405894.402120914
2019-11-13,8607139.22495215,0.0,0,0.0,0.0,0.0,0.0,0.0,8607139.22495215
2019-11-14,9039668.013208594,0.0,0,0.0,0.0,0.0,0.0,0.0,9039668.013208594
2019-11-15,6262722.440857337,0.0,0,0.0,0.0,0.0,0.0,0.0,6262722.440857337
2019-11-18,12635092.931811152,0.0,0,0.0,0.0,0.0,0.0,0.0,12635092.931811152
2019-11-19,13391068.948782345,0.0,0,0.0,0.0,0.0,0.0,0.0,13391068.948782345
2019-11-20,13426783.357046021,0.0,0,0.0,0.0,0.0,0.0,0.0,13426783.357046021
2019-11-21,12950296.357578551,0.0,0,0.0,0.0,0.0,0.0,0.0,12950296.357578551
2019-11-22,15258801.625575397,0.0,0,0.0,0.0,0.0,0.0,0.0,15258801.625575397
2019-11-25,20681792.85222217,0.0,0,0.0,0.0,0.0,0.0,0.0,20681792.85222217
2019-11-26,20693630.388692338,0.0,0,0.0,0.0,0.0,0.0,0.0,20693630.388692338
2019-11-27,25795427.40984643,0.0,0,0.0,0.0,0.0,0.0,0.0,25795427.40984643
2019-11-28,47980765.64141911,0.0,0,0.0,0.0,0.0,0.0,0.0,47980765.64141911
2019-11-29,0.0,0.0,0,0.0,0.0,0.0,0.0,0.0,0.0
2019-12-02,0.0,0.0,0,0.0,0.0,243616.22485490152,0.0,0.0,243616.22485490152
2019-12-03,0.0,0.0,0,0.0,0.0,210512.2468061211,0.0,0.0,210512.2468061211
2019-12-04,0.0,0.0,0,0.0,0.0,246634.9336953328,0.0,0.0,246634.9336953328
2019-12-05,0.0,0.0,0,0.0,0.0,264810.66561805474,0.0,0.0,264810.66561805474
2019-12-06,0.0,0.0,0,0.0,0.0,240797.68750311306,0.0,0.0,240797.68750311306
2019-12-09,0.0,0.0,0,0.0,0.0,242562.38856879703,0.0,0.0,242562.38856879703
2019-12-10,0.0,0.0,0,0.0,0.0,261412.77837236598,0.0,0.0,261412.77837236598
2019-12-11,0.0,0.0,0,0.0,0.0,262077.889838304,0.0,0.0,262077.889838304
2019-12-12,0.0,0.0,0,0.0,0.0,338246.0419366087,0.0,0.0,338246.0419366087
2019-12-13,0.0,0.0,0,0.0,0.0,371684.065723489,0.0,0.0,371684.065723489
2019-12-16,0.0,0.0,0,0.0,0.0,445283.9205318022,0.0,0.0,445283.9205318022
2019-12-17,0.0,0.0,0,0.0,0.0,493056.5511604637,0.0,0.0,493056.5511604637
2019-12-18,0.0,0.0,0,0.0,0.0,530810.2489118187,0.0,0.0,530810.2489118187
2019-12-19,0.0,0.0,0,0.0,0.0,643548.8240730424,0.0,0.0,643548.8240730424
2019-12-20,0.0,0.0,0,0.0,0.0,666613.2991283619,0.0,0.0,666613.2991283619
2019-12-23,0.0,0.0,0,0.0,0.0,756949.8228765075,0.0,0.0,756949.8228765075
2019-12-24,0.0,0.0,0,0.0,0.0,774848.5398991212,0.0,0.0,774848.5398991212
2019-12-25,0.0,0.0,0,0.0,0.0,793474.823030997,0.0,0.0,793474.823030997
2019-12-26,0.0,0.0,0,0.0,0.0,461310.3850312596,0.0,0.0,461310.3850312596
2019-12-27,0.0,0.0,0,0.0,0.0,703259.469068278,0.0,0.0,703259.469068278
2019-12-30,0.0,0.0,0,0.0,0.0,1723560.934424755,0.0,0.0,1723560.934424755
2019-12-31,0.0,0.0,0,0.0,0.0,738163.3086516131,0.0,0.0,738163.3086516131
2020-01-01,0.0,0.0,0,0.0,25380426.11730418,0.0,0.0,0.0,25380426.11730418
2020-01-02,0.0,0.0,0,0.0,23341746.63700447,0.0,0.0,0.0,23341746.63700447
2020-01-03,0.0,0.0,0,0.0,21323649.832111888,0.0,0.0,0.0,21323649.832111888
2020-01-06,0.0,0.0,0,0.0,30092028.292776864,0.0,0.0,0.0,30092028.292776864
2020-01-07,0.0,0.0,0,0.0,21889508.916930903,0.0,0.0,0.0,21889508.916930903
2020-01-08,0.0,0.0,0,0.0,11678085.7521757,0.0,0.0,0.0,11678085.7521757
2020-01-09,0.0,0.0,0,0.0,11229608.372815698,0.0,0.0,0.0,11229608.372815698
2020-01-10,0.0,0.0,0,0.0,14399677.46973051,0.0,0.0,0.0,14399677.46973051
2020-01-13,0.0,0.0,0,0.0,17711326.11036246,0.0,0.0,0.0,17711326.11036246
2020-01-14,0.0,0.0,0,0.0,15138752.033195777,0.0,0.0,0.0,15138752.033195777
2020-01-15,0.0,0.0,0,0.0,22777577.57942393,0.0,0.0,0.0,22777577.57942393
2020-01-16,0.0,0.0,0,0.0,17519048.418141328,0.0,0.0,0.0,17519048.418141328
2020-01-17,0.0,0.0,0,0.0,5410082.823770917,0.0,0.0,0.0,5410082.823770917
2020-01-20,0.0,0.0,0,0.0,4023645.5912853195,0.0,0.0,0.0,4023645.5912853195
2020-01-21,0.0,0.0,0,0.0,2007440.9825984293,0.0,0.0,0.0,2007440.9825984293
2020-01-22,0.0,0.0,0,0.0,2362106.5655777985,0.0,0.0,0.0,2362106.5655777985
2020-01-23,0.0,0.0,0,0.0,455029.878425532,0.0,0.0,0.0,455029.878425532
2020-01-24,0.0,0.0,0,0.0,39670.94596035285,0.0,0.0,0.0,39670.94596035285
2020-01-27,0.0,0.0,0,0.0,183.36729591729528,0.0,0.0,0.0,183.36729591729528
2020-01-28,0.0,0.0,0,0.0,2.9534122222756154,0.0,0.0,0.0,2.9534122222756154
2020-01-29,0.0,0.0,0,0.0,2.1841963019688873e-08,0.0,0.0,0.0,2.1841963019688873e-08
2020-01-30,0.0,0.0,0,0.0,2.696771883099749e-15,0.0,0.0,0.0,2.696771883099749e-15
2020-01-31,0.0,0.0,0,0.0,0.0,0.0,0.0,0.0,0.0
2020-02-03,0.0,1632105.1479828004,0,0.0,0.0,0.0,0.0,0.0,1632105.1479828004
2020-02-04,0.0,1917075.4211788545,0,0.0,0.0,0.0,0.0,0.0,1917075.4211788545
2020-02-05,0.0,1855099.1278516336,0,0.0,0.0,0.0,0.0,0.0,1855099.1278516336
2020-02-06,0.0,2131114.668903516,0,0.0,0.0,0.0,0.0,0.0,2131114.668903516
2020-02-07,0.0,2007429.5752924213,0,0.0,0.0,0.0,0.0,0.0,2007429.5752924213
2020-02-10,0.0,2109785.0032077543,0,0.0,0.0,0.0,0.0,0.0,2109785.0032077543
2020-02-11,0.0,2140102.40670605,0,0.0,0.0,0.0,0.0,0.0,2140102.40670605
2020-02-12,0.0,1819027.1427862914,0,0.0,0.0,0.0,0.0,0.0,1819027.1427862914
2020-02-13,0.0,1805722.2272297607,0,0.0,0.0,0.0,0.0,0.0,1805722.2272297607
2020-02-14,0.0,2833439.8998020957,0,0.0,0.0,0.0,0.0,0.0,2833439.8998020957
2020-02-17,0.0,2482949.1817924664,0,0.0,0.0,0.0,0.0,0.0,2482949.1817924664
2020-02-18,0.0,1188201.6065525874,0,0.0,0.0,0.0,0.0,0.0,1188201.6065525874
2020-02-19,0.0,489669.0126937264,0,0.0,0.0,0.0,0.0,0.0,489669.0126937264
2020-02-20,0.0,158240.33763470908,0,0.0,0.0,0.0,0.0,0.0,158240.33763470908
2020-02-21,0.0,169343.10266243076,0,0.0,0.0,0.0,0.0,0.0,169343.10266243076
2020-02-24,0.0,22862.44318805144,0,0.0,0.0,0.0,0.0,0.0,22862.44318805144
2020-02-25,0.0,14730.81818844554,0,0.0,0.0,0.0,0.0,0.0,14730.81818844554
2020-02-26,0.0,1.0656739378670956,0,0.0,0.0,0.0,0.0,0.0,1.0656739378670956
2020-02-27,0.0,3.067351783274963e-10,0,0.0,0.0,0.0,0.0,0.0,3.067351783274963e-10
2020-02-28,0.0,0.0,0,0.0,0.0,0.0,0.0,0.0,0.0
2020-03-02,0.0,897832.7487681541,0,0.0,0.0,0.0,0.0,0.0,897832.7487681541
2020-03-03,0.0,1138783.3216805807,0,0.0,0.0,0.0,0.0,0.0,1138783.3216805807
2020-03-04,0.0,1162415.826936108,0,0.0,0.0,0.0,0.0,0.0,1162415.826936108
2020-03-05,0.0,1010108.4092525307,0,0.0,0.0,0.0,0.0,0.0,1010108.4092525307
2020-03-06,0.0,974885.7119647604,0,0.0,0.0,0.0,0.0,0.0,974885.7119647604
2020-03-09,0.0,640602.7249049972,0,0.0,0.0,0.0,0.0,0.0,640602.7249049972
2020-03-10,0.0,878645.4201159555,0,0.0,0.0,0.0,0.0,0.0,878645.4201159555
2020-03-11,0.0,365663.81615868036,0,0.0,0.0,0.0,0.0,0.0,365663.81615868036
2020-03-12,0.0,495371.0420302111,0,0.0,0.0,0.0,0.0,0.0,495371.0420302111
2020-03-13,0.0,450745.80590146634,0,0.0,0.0,0.0,0.0,0.0,450745.80590146634
2020-03-16,0.0,249397.21837659503,0,0.0,0.0,0.0,0.0,0.0,249397.21837659503
2020-03-17,0.0,247369.61138093684,0,0.0,0.0,0.0,0.0,0.0,247369.61138093684
2020-03-18,0.0,169883.78998762422,0,0.0,0.0,0.0,0.0,0.0,169883.78998762422
2020-03-19,0.0,144349.05581268368,0,0.0,0.0,0.0,0.0,0.0,144349.05581268368
2020-03-20,0.0,114537.58227656974,0,0.0,0.0,0.0,0.0,0.0,114537.58227656974
2020-03-23,0.0,41454.48220732443,0,0.0,0.0,0.0,0.0,0.0,41454.48220732443
2020-03-24,0.0,13662.978585669704,0,0.0,0.0,0.0,0.0,0.0,13662.978585669704
2020-03-25,0.0,8645.633992667854,0,0.0,0.0,0.0,0.0,0.0,8645.633992667854
2020-03-26,0.0,2483.362711741236,0,0.0,0.0,0.0,0.0,0.0,2483.362711741236
2020-03-27,0.0,24.419658271982687,0,0.0,0.0,0.0,0.0,0.0,24.419658271982687
2020-03-30,0.0,8.683603936764466e-09,0,0.0,0.0,0.0,0.0,0.0,8.683603936764466e-09
2020-03-31,0.0,1.3685115691311463e-29,0,0.0,0.0,0.0,0.0,0.0,1.3685115691311463e-29
2020-04-01,0.0,298874.51033258624,0,0.0,0.0,0.0,0.0,0.0,298874.51033258624
2020-04-02,0.0,328775.62365986063,0,0.0,0.0,0.0,0.0,0.0,328775.62365986063
2020-04-03,0.0,392803.6772028824,0,0.0,0.0,0.0,0.0,0.0,392803.6772028824
2020-04-06,0.0,360385.7593802779,0,0.0,0.0,0.0,0.0,0.0,360385.7593802779
2020-04-07,0.0,333627.7786115917,0,0.0,0.0,0.0,0.0,0.0,333627.7786115917
2020-04-08,0.0,234511.81558542838,0,0.0,0.0,0.0,0.0,0.0,234511.81558542838
2020-04-09,0.0,222260.3830435719,0,0.0,0.0,0.0,0.0,0.0,222260.3830435719
2020-04-10,0.0,225398.61449503666,0,0.0,0.0,0.0,0.0,0.0,225398.61449503666
2020-04-13,0.0,369256.44989063096,0,0.0,0.0,0.0,0.0,0.0,369256.44989063096
2020-04-14,0.0,322522.3046894307,0,0.0,0.0,0.0,0.0,0.0,322522.3046894307
2020-04-15,0.0,454821.47555928887,0,0.0,0.0,0.0,0.0,0.0,454821.47555928887
2020-04-16,0.0,462635.15079925314,0,0.0,0.0,0.0,0.0,0.0,462635.15079925314
2020-04-17,0.0,481476.7830524838,0,0.0,0.0,0.0,0.0,0.0,481476.7830524838
2020-04-20,0.0,636233.149921194,0,0.0,0.0,0.0,0.0,0.0,636233.149921194
2020-04-21,0.0,619759.1979866237,0,0.0,0.0,0.0,0.0,0.0,619759.1979866237
2020-04-22,0.0,392004.8174804578,0,0.0,0.0,0.0,0.0,0.0,392004.8174804578
2020-04-23,0.0,218709.94865488788,0,0.0,0.0,0.0,0.0,0.0,218709.94865488788
2020-04-24,0.0,156710.0309930153,0,0.0,0.0,0.0,0.0,0.0,156710.0309930153
2020-04-27,0.0,48893.48459818408,0,0.0,0.0,0.0,0.0,0.0,48893.48459818408
2020-04-28,0.0,171051.17958938525,0,0.0,0.0,0.0,0.0,0.0,171051.17958938525
2020-04-29,0.0,882250.0156569915,0,0.0,0.0,0.0,0.0,0.0,882250.0156569915
2020-04-30,0.0,966.7850057885953,0,0.0,0.0,0.0,0.0,0.0,966.7850057885953
2020-05-01,0.0,0.0,0,0.0,13962699.130291684,0.0,0.0,0.0,13962699.130291684
2020-05-04,0.0,0.0,0,0.0,10547310.101875592,0.0,0.0,0.0,10547310.101875592
2020-05-05,0.0,0.0,0,0.0,7040624.05507393,0.0,0.0,0.0,7040624.05507393
2020-05-06,0.0,0.0,0,0.0,4602262.236508637,0.0,0.0,0.0,4602262.236508637
2020-05-07,0.0,0.0,0,0.0,6646940.131117931,0.0,0.0,0.0,6646940.131117931
2020-05-08,0.0,0.0,0,0.0,6898280.285083517,0.0,0.0,0.0,6898280.285083517
2020-05-11,0.0,0.0,0,0.0,4736552.69751214,0.0,0.0,0.0,4736552.69751214
2020-05-12,0.0,0.0,0,0.0,7385406.009312837,0.0,0.0,0.0,7385406.009312837
2020-05-13,0.0,0.0,0,0.0,5169763.561876706,0.0,0.0,0.0,5169763.561876706
2020-05-14,0.0,0.0,0,0.0,4057233.0637665913,0.0,0.0,0.0,4057233.0637665913
2020-05-15,0.0,0.0,0,0.0,4770873.277587887,0.0,0.0,0.0,4770873.277587887
2020-05-18,0.0,0.0,0,0.0,14785703.916315967,0.0,0.0,0.0,14785703.916315967
2020-05-19,0.0,0.0,0,0.0,16147510.22402158,0.0,0.0,0.0,16147510.22402158
2020-05-20,0.0,0.0,0,0.0,24205501.529083118,0.0,0.0,0.0,24205501.529083118
2020-05-21,0.0,0.0,0,0.0,22868603.02131792,0.0,0.0,0.0,22868603.02131792
2020-05-22,0.0,0.0,0,0.0,13782967.087256733,0.0,0.0,0.0,13782967.087256733
2020-05-25,0.0,0.0,0,0.0,12744233.288360033,0.0,0.0,0.0,12744233.288360033
2020-05-26,0.0,0.0,0,0.0,38944448.0413678,0.0,0.0,0.0,38944448.0413678
2020-05-27,0.0,0.0,0,0.0,42843572.89196203,0.0,0.0,0.0,42843572.89196203
2020-05-28,0.0,0.0,0,0.0,25859256.627841793,0.0,0.0,0.0,25859256.627841793
2020-05-29,0.0,0.0,0,0.0,12865991.90949592,0.0,0.0,0.0,12865991.90949592
2020-06-01,4934913.522923247,0.0,0,0.0,0.0,0.0,0.0,0.0,4934913.522923247
2020-06-02,4085922.8129904196,0.0,0,0.0,0.0,0.0,0.0,0.0,4085922.8129904196
2020-06-03,5187347.694735092,0.0,0,0.0,0.0,0.0,0.0,0.0,5187347.694735092
2020-06-04,5051933.816938572,0.0,0,0.0,0.0,0.0,0.0,0.0,5051933.816938572
2020-06-05,2591771.525833344,0.0,0,0.0,0.0,0.0,0.0,0.0,2591771.525833344
2020-06-08,1952241.4905206917,0.0,0,0.0,0.0,0.0,0.0,0.0,1952241.4905206917
2020-06-09,2683368.4756245157,0.0,0,0.0,0.0,0.0,0.0,0.0,2683368.4756245157
2020-06-10,1552809.4057392129,0.0,0,0.0,0.0,0.0,0.0,0.0,1552809.4057392129
2020-06-11,1922655.0964879682,0.0,0,0.0,0.0,0.0,0.0,0.0,1922655.0964879682
2020-06-12,2855117.6037537297,0.0,0,0.0,0.0,0.0,0.0,0.0,2855117.6037537297
2020-06-15,3054094.203338511,0.0,0,0.0,0.0,0.0,0.0,0.0,3054094.203338511
2020-06-16,3041479.9946214445,0.0,0,0.0,0.0,0.0,0.0,0.0,3041479.9946214445
2020-06-17,2802545.0148869804,0.0,0,0.0,0.0,0.0,0.0,0.0,2802545.0148869804
2020-06-18,2513714.946149942,0.0,0,0.0,0.0,0.0,0.0,0.0,2513714.946149942
2020-06-19,1545407.2921958757,0.0,0,0.0,0.0,0.0,0.0,0.0,1545407.2921958757
2020-06-22,746958.0031043,0.0,0,0.0,0.0,0.0,0.0,0.0,746958.0031043
2020-06-23,411249.81642981246,0.0,0,0.0,0.0,0.0,0.0,0.0,411249.81642981246
2020-06-24,1004988.5278254112,0.0,0,0.0,0.0,0.0,0.0,0.0,1004988.5278254112
2020-06-25,901448.3761946833,0.0,0,0.0,0.0,0.0,0.0,0.0,901448.3761946833
2020-06-26,575838.9016240248,0.0,0,0.0,0.0,0.0,0.0,0.0,575838.9016240248
2020-06-29,46210.69969691539,0.0,0,0.0,0.0,0.0,0.0,0.0,46210.69969691539
2020-06-30,1.1610001890495099,0.0,0,0.0,0.0,0.0,0.0,0.0,1.1610001890495099
2020-07-01,0.0,0.0,0,0.0,14726947.633190433,0.0,0.0,0.0,14726947.633190433
2020-07-02,0.0,0.0,0,0.0,15581046.149671394,0.0,0.0,0.0,15581046.149671394
2020-07-03,0.0,0.0,0,0.0,17179910.607224096,0.0,0.0,0.0,17179910.607224096
2020-07-06,0.0,0.0,0,0.0,19133337.74988804,0.0,0.0,0.0,19133337.74988804
2020-07-07,0.0,0.0,0,0.0,19148993.70542652,0.0,0.0,0.0,19148993.70542652
2020-07-08,0.0,0.0,0,0.0,20667321.76632324,0.0,0.0,0.0,20667321.76632324
2020-07-09,0.0,0.0,0,0.0,20027851.908671346,0.0,0.0,0.0,20027851.908671346
2020-07-10,0.0,0.0,0,0.0,21519152.035134334,0.0,0.0,0.0,21519152.035134334
2020-07-13,0.0,0.0,0,0.0,20604458.29885126,0.0,0.0,0.0,20604458.29885126
2020-07-14,0.0,0.0,0,0.0,18115727.42936576,0.0,0.0,0.0,18115727.42936576
2020-07-15,0.0,0.0,0,0.0,17512702.73111798,0.0,0.0,0.0,17512702.73111798
2020-07-16,0.0,0.0,0,0.0,20477846.639005236,0.0,0.0,0.0,20477846.639005236
2020-07-17,0.0,0.0,0,0.0,16479901.541821828,0.0,0.0,0.0,16479901.541821828
2020-07-20,0.0,0.0,0,0.0,11034369.078084236,0.0,0.0,0.0,11034369.078084236
2020-07-21,0.0,0.0,0,0.0,3860074.2643762873,0.0,0.0,0.0,3860074.2643762873
2020-07-22,0.0,0.0,0,0.0,1573655.7027895735,0.0,0.0,0.0,1573655.7027895735
2020-07-23,0.0,0.0,0,0.0,856594.4562681748,0.0,0.0,0.0,856594.4562681748
2020-07-24,0.0,0.0,0,0.0,131739.66350917087,0.0,0.0,0.0,131739.66350917087
2020-07-27,0.0,0.0,0,0.0,2256.329381616699,0.0,0.0,0.0,2256.329381616699
2020-07-28,0.0,0.0,0,0.0,37.34939648139251,0.0,0.0,0.0,37.34939648139251
2020-07-29,0.0,0.0,0,0.0,6.335587442228517e-05,0.0,0.0,0.0,6.335587442228517e-05
2020-07-30,0.0,0.0,0,0.0,1.1719802688028212e-20,0.0,0.0,0.0,1.1719802688028212e-20
2020-07-31,0.0,0.0,0,0.0,0.0,0.0,0.0,0.0,0.0
2020-08-03,0.0,0.0,0,0.0,10662385.686670305,0.0,0.0,0.0,10662385.686670305
2020-08-04,0.0,0.0,0,0.0,12718176.445674298,0.0,0.0,0.0,12718176.445674298
2020-08-05,0.0,0.0,0,0.0,12361056.633632112,0.0,0.0,0.0,12361056.633632112
2020-08-06,0.0,0.0,0,0.0,13262916.851328537,0.0,0.0,0.0,13262916.851328537
2020-08-07,0.0,0.0,0,0.0,13940683.085199818,0.0,0.0,0.0,13940683.085199818
2020-08-10,0.0,0.0,0,0.0,13782989.09813706,0.0,0.0,0.0,13782989.09813706
2020-08-11,0.0,0.0,0,0.0,13829468.574452315,0.0,0.0,0.0,13829468.574452315
2020-08-12,0.0,0.0,0,0.0,15547004.208192408,0.0,0.0,0.0,15547004.208192408
2020-08-13,0.0,0.0,0,0.0,16057006.539848195,0.0,0.0,0.0,16057006.539848195
2020-08-14,0.0,0.0,0,0.0,17298688.583265755,0.0,0.0,0.0,17298688.583265755
2020-08-17,0.0,0.0,0,0.0,18219792.4757897,0.0,0.0,0.0,18219792.4757897
2020-08-18,0.0,0.0,0,0.0,14566976.934462091,0.0,0.0,0.0,14566976.934462091
2020-08-19,0.0,0.0,0,0.0,19577867.58169353,0.0,0.0,0.0,19577867.58169353
2020-08-20,0.0,0.0,0,0.0,19675308.76026941,0.0,0.0,0.0,19675308.76026941
2020-08-21,0.0,0.0,0,0.0,20749968.68988445,0.0,0.0,0.0,20749968.68988445
2020-08-24,0.0,0.0,0,0.0,24970367.915416513,0.0,0.0,0.0,24970367.915416513
2020-08-25,0.0,0.0,0,0.0,25467236.55921824,0.0,0.0,0.0,25467236.55921824
2020-08-26,0.0,0.0,0,0.0,27531471.42037205,0.0,0.0,0.0,27531471.42037205
2020-08-27,0.0,0.0,0,0.0,30960286.94107268,0.0,0.0,0.0,30960286.94107268
2020-08-28,0.0,0.0,0,0.0,13428680.932647837,0.0,0.0,0.0,13428680.932647837
2020-08-31,0.0,0.0,0,0.0,34221.6110591084,0.0,0.0,0.0,34221.6110591084
2020-09-01,0.0,0.0,0,0.0,11613561.04491602,0.0,0.0,0.0,11613561.04491602
2020-09-02,0.0,0.0,0,0.0,10308012.570479132,0.0,0.0,0.0,10308012.570479132
2020-09-03,0.0,0.0,0,0.0,10264925.31582318,0.0,0.0,0.0,10264925.31582318
2020-09-04,0.0,0.0,0,0.0,10225094.995050741,0.0,0.0,0.0,10225094.995050741
2020-09-07,0.0,0.0,0,0.0,9313883.06828605,0.0,0.0,0.0,9313883.06828605
2020-09-08,0.0,0.0,0,0.0,7365153.513150636,0.0,0.0,0.0,7365153.513150636
2020-09-09,0.0,0.0,0,0.0,8660229.314320564,0.0,0.0,0.0,8660229.314320564
2020-09-10,0.0,0.0,0,0.0,9357851.793012813,0.0,0.0,0.0,9357851.793012813
2020-09-11,0.0,0.0,0,0.0,11921071.963931968,0.0,0.0,0.0,11921071.963931968
2020-09-14,0.0,0.0,0,0.0,14463805.724046607,0.0,0.0,0.0,14463805.724046607
2020-09-15,0.0,0.0,0,0.0,12909171.045687292,0.0,0.0,0.0,12909171.045687292
2020-09-16,0.0,0.0,0,0.0,10893387.773411991,0.0,0.0,0.0,10893387.773411991
2020-09-17,0.0,0.0,0,0.0,14554302.790260727,0.0,0.0,0.0,14554302.790260727
2020-09-18,0.0,0.0,0,0.0,14341070.057447052,0.0,0.0,0.0,14341070.057447052
2020-09-21,0.0,0.0,0,0.0,6017106.692801948,0.0,0.0,0.0,6017106.692801948
2020-09-22,0.0,0.0,0,0.0,1475454.1420853669,0.0,0.0,0.0,1475454.1420853669
2020-09-23,0.0,0.0,0,0.0,311679.0896900075,0.0,0.0,0.0,311679.0896900075
2020-09-24,0.0,0.0,0,0.0,300064.3612919718,0.0,0.0,0.0,300064.3612919718
2020-09-25,0.0,0.0,0,0.0,21028.69922972536,0.0,0.0,0.0,21028.69922972536
2020-09-28,0.0,0.0,0,0.0,879.5977269177316,0.0,0.0,0.0,879.5977269177316
2020-09-29,0.0,0.0,0,0.0,82337.9704451188,0.0,0.0,0.0,82337.9704451188
2020-09-30,0.0,0.0,0,0.0,3.918293752762435,0.0,0.0,0.0,3.918293752762435
2020-10-01,0.0,0.0,0,0.0,16511506.497607445,0.0,0.0,0.0,16511506.497607445
2020-10-02,0.0,0.0,0,0.0,14182680.83692322,0.0,0.0,0.0,14182680.83692322
2020-10-05,0.0,0.0,0,0.0,17908196.909787394,0.0,0.0,0.0,17908196.909787394
2020-10-06,0.0,0.0,0,0.0,16405941.993051624,0.0,0.0,0.0,16405941.993051624
2020-10-07,0.0,0.0,0,0.0,18655302.209126428,0.0,0.0,0.0,18655302.209126428
2020-10-08,0.0,0.0,0,0.0,20235395.780578565,0.0,0.0,0.0,20235395.780578565
2020-10-09,0.0,0.0,0,0.0,22793857.68594946,0.0,0.0,0.0,22793857.68594946
2020-10-12,0.0,0.0,0,0.0,25699560.450620085,0.0,0.0,0.0,25699560.450620085
2020-10-13,0.0,0.0,0,0.0,23971965.446575366,0.0,0.0,0.0,23971965.446575366
2020-10-14,0.0,0.0,0,0.0,25252077.4725698,0.0,0.0,0.0,25252077.4725698
2020-10-15,0.0,0.0,0,0.0,20861563.91898232,0.0,0.0,0.0,20861563.91898232
2020-10-16,0.0,0.0,0,0.0,24425662.66511153,0.0,0.0,0.0,24425662.66511153
2020-10-19,0.0,0.0,0,0.0,33482845.28704816,0.0,0.0,0.0,33482845.28704816
2020-10-20,0.0,0.0,0,0.0,32563146.410854075,0.0,0.0,0.0,32563146.410854075
2020-10-21,0.0,0.0,0,0.0,26617996.3611316,0.0,0.0,0.0,26617996.3611316
2020-10-22,0.0,0.0,0,0.0,33549438.3228198,0.0,0.0,0.0,33549438.3228198
2020-10-23,0.0,0.0,0,0.0,26614648.444822863,0.0,0.0,0.0,26614648.444822863
2020-10-26,0.0,0.0,0,0.0,43309403.142990425,0.0,0.0,0.0,43309403.142990425
2020-10-27,0.0,0.0,0,0.0,50855361.78246644,0.0,0.0,0.0,50855361.78246644
2020-10-28,0.0,0.0,0,0.0,42722495.32711202,0.0,0.0,0.0,42722495.32711202
2020-10-29,0.0,0.0,0,0.0,15325062.775600806,0.0,0.0,0.0,15325062.775600806
2020-10-30,0.0,0.0,0,0.0,0.0,0.0,0.0,0.0,0.0
2020-11-02,0.0,0.0,0,27835.10312188252,0.0,0.0,0.0,0.0,27835.10312188252
2020-11-03,0.0,0.0,0,22933.902138120462,0.0,0.0,0.0,0.0,22933.902138120462
2020-11-04,0.0,0.0,0,26517.52670607073,0.0,0.0,0.0,0.0,26517.52670607073
2020-11-05,0.0,0.0,0,10039.602941287993,0.0,0.0,0.0,0.0,10039.602941287993
2020-11-06,0.0,0.0,0,12066.66396667872,0.0,0.0,0.0,0.0,12066.66396667872
2020-11-09,0.0,0.0,0,5756.139204173523,0.0,0.0,0.0,0.0,5756.139204173523
2020-11-10,0.0,0.0,0,6917.201213314666,0.0,0.0,0.0,0.0,6917.201213314666
2020-11-11,0.0,0.0,0,9529.408015259734,0.0,0.0,0.0,0.0,9529.408015259734
2020-11-12,0.0,0.0,0,10568.825057843736,0.0,0.0,0.0,0.0,10568.825057843736
2020-11-13,0.0,0.0,0,9697.931351827265,0.0,0.0,0.0,0.0,9697.931351827265
2020-11-16,0.0,0.0,0,2857.703199723891,0.0,0.0,0.0,0.0,2857.703199723891
2020-11-17,0.0,0.0,0,2544.1146492112644,0.0,0.0,0.0,0.0,2544.1146492112644
2020-11-18,0.0,0.0,0,1730.1271298422907,0.0,0.0,0.0,0.0,1730.1271298422907
2020-11-19,0.0,0.0,0,1370.783789444878,0.0,0.0,0.0,0.0,1370.783789444878
2020-11-20,0.0,0.0,0,1147.5837433734669,0.0,0.0,0.0,0.0,1147.5837433734669
2020-11-23,0.0,0.0,0,272.780544686186,0.0,0.0,0.0,0.0,272.780544686186
2020-11-24,0.0,0.0,0,12.74165967748614,0.0,0.0,0.0,0.0,12.74165967748614
2020-11-25,0.0,0.0,0,2.6375901371293944,0.0,0.0,0.0,0.0,2.6375901371293944
2020-11-26,0.0,0.0,0,0.9671040115604459,0.0,0.0,0.0,0.0,0.9671040115604459
2020-11-27,0.0,0.0,0,0.4600905043845493,0.0,0.0,0.0,0.0,0.4600905043845493
2020-11-30,0.0,0.0,0,5.934176380222569e-11,0.0,0.0,0.0,0.0,5.934176380222569e-11
2020-12-01,0.0,0.0,0,0.0,15272798.514345309,0.0,0.0,0.0,15272798.514345309
2020-12-02,0.0,0.0,0,0.0,16866473.144518387,0.0,0.0,0.0,16866473.144518387
2020-12-03,0.0,0.0,0,0.0,17973463.509145908,0.0,0.0,0.0,17973463.509145908
2020-12-04,0.0,0.0,0,0.0,16937938.64132847,0.0,0.0,0.0,16937938.64132847
2020-12-07,0.0,0.0,0,0.0,16687515.227826007,0.0,0.0,0.0,16687515.227826007
2020-12-08,0.0,0.0,0,0.0,18351422.60466345,0.0,0.0,0.0,18351422.60466345
2020-12-09,0.0,0.0,0,0.0,17415669.806419034,0.0,0.0,0.0,17415669.806419034
2020-12-10,0.0,0.0,0,0.0,19009407.74008554,0.0,0.0,0.0,19009407.74008554
2020-12-11,0.0,0.0,0,0.0,17878806.35769903,0.0,0.0,0.0,17878806.35769903
2020-12-14,0.0,0.0,0,0.0,20904650.48621514,0.0,0.0,0.0,20904650.48621514
2020-12-15,0.0,0.0,0,0.0,22021096.76765098,0.0,0.0,0.0,22021096.76765098
2020-12-16,0.0,0.0,0,0.0,21356841.0478082,0.0,0.0,0.0,21356841.0478082
2020-12-17,0.0,0.0,0,0.0,16069171.923659073,0.0,0.0,0.0,16069171.923659073
2020-12-18,0.0,0.0,0,0.0,16580431.539916722,0.0,0.0,0.0,16580431.539916722
2020-12-21,0.0,0.0,0,0.0,18045176.591697104,0.0,0.0,0.0,18045176.591697104
2020-12-22,0.0,0.0,0,0.0,29203556.366082788,0.0,0.0,0.0,29203556.366082788
2020-12-23,0.0,0.0,0,0.0,25403988.10493998,0.0,0.0,0.0,25403988.10493998
2020-12-24,0.0,0.0,0,0.0,25372845.418241438,0.0,0.0,0.0,25372845.418241438
2020-12-25,0.0,0.0,0,0.0,23814462.806102265,0.0,0.0,0.0,23814462.806102265
2020-12-28,0.0,0.0,0,0.0,9646471.309133025,0.0,0.0,0.0,9646471.309133025
2020-12-29,0.0,0.0,0,0.0,2094064.2018338696,0.0,0.0,0.0,2094064.2018338696
2020-12-30,0.0,0.0,0,0.0,283853.2283992864,0.0,0.0,0.0,283853.2283992864
2020-12-31,0.0,0.0,0,0.0,564342.4500794245,0.0,0.0,0.0,564342.4500794245
2021-01-01,0.0,0.0,0,0.0,14307246.871021397,0.0,0.0,0.0,14307246.871021397
2021-01-04,0.0,0.0,0,0.0,16140107.00832568,0.0,0.0,0.0,16140107.00832568
2021-01-05,0.0,0.0,0,0.0,17580463.387900054,0.0,0.0,0.0,17580463.387900054
2021-01-06,0.0,0.0,0,0.0,18094800.239961483,0.0,0.0,0.0,18094800.239961483
2021-01-07,0.0,0.0,0,0.0,19014892.246363964,0.0,0.0,0.0,19014892.246363964
2021-01-08,0.0,0.0,0,0.0,17859418.89366799,0.0,0.0,0.0,17859418.89366799
2021-01-11,0.0,0.0,0,0.0,13610634.21156742,0.0,0.0,0.0,13610634.21156742
2021-01-12,0.0,0.0,0,0.0,18884580.122516654,0.0,0.0,0.0,18884580.122516654
2021-01-13,0.0,0.0,0,0.0,15391281.60657697,0.0,0.0,0.0,15391281.60657697
2021-01-14,0.0,0.0,0,0.0,15534747.494653858,0.0,0.0,0.0,15534747.494653858
2021-01-15,0.0,0.0,0,0.0,8295178.98408553,0.0,0.0,0.0,8295178.98408553
2021-01-18,0.0,0.0,0,0.0,7396204.958699197,0.0,0.0,0.0,7396204.958699197
2021-01-19,0.0,0.0,0,0.0,13954722.928112997,0.0,0.0,0.0,13954722.928112997
2021-01-20,0.0,0.0,0,0.0,10422896.795807894,0.0,0.0,0.0,10422896.795807894
2021-01-21,0.0,0.0,0,0.0,20096578.29984466,0.0,0.0,0.0,20096578.29984466
2021-01-22,0.0,0.0,0,0.0,22579851.75908779,0.0,0.0,0.0,22579851.75908779
2021-01-25,0.0,0.0,0,0.0,16676421.693504363,0.0,0.0,0.0,16676421.693504363
2021-01-26,0.0,0.0,0,0.0,24129528.59097086,0.0,0.0,0.0,24129528.59097086
2021-01-27,0.0,0.0,0,0.0,8501151.29951529,0.0,0.0,0.0,8501151.29951529
2021-01-28,0.0,0.0,0,0.0,9497412.841262547,0.0,0.0,0.0,9497412.841262547
2021-01-29,0.0,0.0,0,0.0,12898787.196182603,0.0,0.0,0.0,12898787.196182603
2021-02-01,0.0,0.0,0,0.0,20293770.09916523,0.0,0.0,0.0,20293770.09916523
2021-02-02,0.0,0.0,0,0.0,20025338.748869654,0.0,0.0,0.0,20025338.748869654
2021-02-03,0.0,0.0,0,0.0,19887350.036043096,0.0,0.0,0.0,19887350.036043096
2021-02-04,0.0,0.0,0,0.0,13525547.443480793,0.0,0.0,0.0,13525547.443480793
2021-02-05,0.0,0.0,0,0.0,23106211.098420102,0.0,0.0,0.0,23106211.098420102
2021-02-08,0.0,0.0,0,0.0,26393340.90183907,0.0,0.0,0.0,26393340.90183907
2021-02-09,0.0,0.0,0,0.0,29485495.23517862,0.0,0.0,0.0,29485495.23517862
2021-02-10,0.0,0.0,0,0.0,31417610.81403503,0.0,0.0,0.0,31417610.81403503
2021-02-11,0.0,0.0,0,0.0,32093692.653160013,0.0,0.0,0.0,32093692.653160013
2021-02-12,0.0,0.0,0,0.0,34255289.68878809,0.0,0.0,0.0,34255289.68878809
2021-02-15,0.0,0.0,0,0.0,37554629.20207903,0.0,0.0,0.0,37554629.20207903
2021-02-16,0.0,0.0,0,0.0,38640390.389982685,0.0,0.0,0.0,38640390.389982685
2021-02-17,0.0,0.0,0,0.0,30123505.054515805,0.0,0.0,0.0,30123505.054515805
2021-02-18,0.0,0.0,0,0.0,41228758.416888416,0.0,0.0,0.0,41228758.416888416
2021-02-19,0.0,0.0,0,0.0,42944665.94535582,0.0,0.0,0.0,42944665.94535582
2021-02-22,0.0,0.0,0,0.0,35188623.79509625,0.0,0.0,0.0,35188623.79509625
2021-02-23,0.0,0.0,0,0.0,37481895.14351086,0.0,0.0,0.0,37481895.14351086
2021-02-24,0.0,0.0,0,0.0,28484671.07499415,0.0,0.0,0.0,28484671.07499415
2021-02-25,0.0,0.0,0,0.0,28672155.161128495,0.0,0.0,0.0,28672155.161128495
2021-02-26,0.0,0.0,0,0.0,55296729.414665975,0.0,0.0,0.0,55296729.414665975
2021-03-01,0.0,0.0,0,0.0,0.0,197274.89808365965,0.0,0.0,197274.89808365965
2021-03-02,0.0,0.0,0,0.0,0.0,209880.486484504,0.0,0.0,209880.486484504
2021-03-03,0.0,0.0,0,0.0,0.0,227116.90923154526,0.0,0.0,227116.90923154526
2021-03-04,0.0,0.0,0,0.0,0.0,215976.2798899015,0.0,0.0,215976.2798899015
2021-03-05,0.0,0.0,0,0.0,0.0,200015.02878514907,0.0,0.0,200015.02878514907
2021-03-08,0.0,0.0,0,0.0,0.0,157117.74937312026,0.0,0.0,157117.74937312026
2021-03-09,0.0,0.0,0,0.0,0.0,189397.9302470633,0.0,0.0,189397.9302470633
2021-03-10,0.0,0.0,0,0.0,0.0,200045.98586527223,0.0,0.0,200045.98586527223
2021-03-11,0.0,0.0,0,0.0,0.0,189082.31046450709,0.0,0.0,189082.31046450709
2021-03-12,0.0,0.0,0,0.0,0.0,144999.2145548829,0.0,0.0,144999.2145548829
2021-03-15,0.0,0.0,0,0.0,0.0,133712.68794934242,0.0,0.0,133712.68794934242
2021-03-16,0.0,0.0,0,0.0,0.0,139183.77549002485,0.0,0.0,139183.77549002485
2021-03-17,0.0,0.0,0,0.0,0.0,127562.31409656006,0.0,0.0,127562.31409656006
2021-03-18,0.0,0.0,0,0.0,0.0,123097.48597159766,0.0,0.0,123097.48597159766
2021-03-19,0.0,0.0,0,0.0,0.0,105035.67240887498,0.0,0.0,105035.67240887498
2021-03-22,0.0,0.0,0,0.0,0.0,64213.370149662325,0.0,0.0,64213.370149662325
2021-03-23,0.0,0.0,0,0.0,0.0,111184.40548516011,0.0,0.0,111184.40548516011
2021-03-24,0.0,0.0,0,0.0,0.0,71564.79267228574,0.0,0.0,71564.79267228574
2021-03-25,0.0,0.0,0,0.0,0.0,17144.002984549512,0.0,0.0,17144.002984549512
2021-03-26,0.0,0.0,0,0.0,0.0,1761.3775193176812,0.0,0.0,1761.3775193176812
2021-03-29,0.0,0.0,0,0.0,0.0,1.4366310806771694,0.0,0.0,1.4366310806771694
2021-03-30,0.0,0.0,0,0.0,0.0,0.00012217142930563647,0.0,0.0,0.00012217142930563647
2021-03-31,0.0,0.0,0,0.0,0.0,5.543744632712031e-19,0.0,0.0,5.543744632712031e-19
2021-04-01,0.0,0.0,0,0.0,0.0,210238.05110614144,0.0,0.0,210238.05110614144
2021-04-02,0.0,0.0,0,0.0,0.0,230734.51642997624,0.0,0.0,230734.51642997624
2021-04-05,0.0,0.0,0,0.0,0.0,195992.4335688462,0.0,0.0,195992.4335688462
2021-04-06,0.0,0.0,0,0.0,0.0,146615.46072675503,0.0,0.0,146615.46072675503
2021-04-07,0.0,0.0,0,0.0,0.0,160481.94228590734,0.0,0.0,160481.94228590734
2021-04-08,0.0,0.0,0,0.0,0.0,92118.198741244,0.0,0.0,92118.198741244
2021-04-09,0.0,0.0,0,0.0,0.0,145567.61381826492,0.0,0.0,145567.61381826492
2021-04-12,0.0,0.0,0,0.0,0.0,99480.69994402169,0.0,0.0,99480.69994402169
2021-04-13,0.0,0.0,0,0.0,0.0,57577.064116929825,0.0,0.0,57577.064116929825
2021-04-14,0.0,0.0,0,0.0,0.0,38940.08652569942,0.0,0.0,38940.08652569942
2021-04-15,0.0,0.0,0,0.0,0.0,23291.08086310574,0.0,0.0,23291.08086310574
2021-04-16,0.0,0.0,0,0.0,0.0,19570.00564055607,0.0,0.0,19570.00564055607
2021-04-19,0.0,0.0,0,0.0,0.0,2138.581507278526,0.0,0.0,2138.581507278526
2021-04-20,0.0,0.0,0,0.0,0.0,1358.2347011013132,0.0,0.0,1358.2347011013132
2021-04-21,0.0,0.0,0,0.0,0.0,670.9163344288582,0.0,0.0,670.9163344288582
2021-04-22,0.0,0.0,0,0.0,0.0,278.9431894466184,0.0,0.0,278.9431894466184
2021-04-23,0.0,0.0,0,0.0,0.0,54.298110590646424,0.0,0.0,54.298110590646424
2021-04-26,0.0,0.0,0,0.0,0.0,0.591653076365165,0.0,0.0,0.591653076365165
2021-04-27,0.0,0.0,0,0.0,0.0,50.73277367967397,0.0,0.0,50.73277367967397
2021-04-28,0.0,0.0,0,0.0,0.0,0.2561006206906991,0.0,0.0,0.2561006206906991
2021-04-29,0.0,0.0,0,0.0,0.0,0.0028159182124030983,0.0,0.0,0.0028159182124030983
2021-04-30,0.0,0.0,0,0.0,0.0,0.0,0.0,0.0,0.0
2021-05-03,0.0,0.0,0,0.0,0.0,229301.8167443159,0.0,0.0,229301.8167443159
2021-05-04,0.0,0.0,0,0.0,0.0,266076.6321933594,0.0,0.0,266076.6321933594
2021-05-05,0.0,0.0,0,0.0,0.0,273537.9922403028,0.0,0.0,273537.9922403028
2021-05-06,0.0,0.0,0,0.0,0.0,267334.71968508547,0.0,0.0,267334.71968508547
2021-05-07,0.0,0.0,0,0.0,0.0,215434.07736116063,0.0,0.0,215434.07736116063
2021-05-10,0.0,0.0,0,0.0,0.0,257152.75111956743,0.0,0.0,257152.75111956743
2021-05-11,0.0,0.0,0,0.0,0.0,230764.20485066125,0.0,0.0,230764.20485066125
2021-05-12,0.0,0.0,0,0.0,0.0,308673.53100408136,0.0,0.0,308673.53100408136
2021-05-13,0.0,0.0,0,0.0,0.0,335218.307823207,0.0,0.0,335218.307823207
2021-05-14,0.0,0.0,0,0.0,0.0,364957.99094043684,0.0,0.0,364957.99094043684
2021-05-17,0.0,0.0,0,0.0,0.0,392645.5009574833,0.0,0.0,392645.5009574833
2021-05-18,0.0,0.0,0,0.0,0.0,354714.81654856016,0.0,0.0,354714.81654856016
2021-05-19,0.0,0.0,0,0.0,0.0,389129.6853473803,0.0,0.0,389129.6853473803
2021-05-20,0.0,0.0,0,0.0,0.0,356089.816781889,0.0,0.0,356089.816781889
2021-05-21,0.0,0.0,0,0.0,0.0,442652.2468653555,0.0,0.0,442652.2468653555
2021-05-24,0.0,0.0,0,0.0,0.0,455265.91576702875,0.0,0.0,455265.91576702875
2021-05-25,0.0,0.0,0,0.0,0.0,484692.9748063364,0.0,0.0,484692.9748063364
2021-05-26,0.0,0.0,0,0.0,0.0,697785.0302151515,0.0,0.0,697785.0302151515
2021-05-27,0.0,0.0,0,0.0,0.0,410564.7036665501,0.0,0.0,410564.7036665501
2021-05-28,0.0,0.0,0,0.0,0.0,336777.8644511656,0.0,0.0,336777.8644511656
2021-05-31,0.0,0.0,0,0.0,0.0,158793.4814734373,0.0,0.0,158793.4814734373
2021-06-01,0.0,0.0,0,0.0,0.0,0.0,0.0,0.0,0.0
