Date,USDCNY_theta,USDBRL_theta,USDZAR_theta,USDRUB_theta,EURUSD_theta,USDJPY_theta,USDMXN_theta,USDCAD_theta,Total_theta
2016-04-01,0,0,0,0,-1696.481244,0,0,0,-1696.481244
2016-04-04,0,0,0,0,-1606.831306,0,0,0,-1606.831306
2016-04-05,0,0,0,0,-1576.140696,0,0,0,-1576.140696
2016-04-06,0,0,0,0,-1535.527103,0,0,0,-1535.527103
2016-04-07,0,0,0,0,-1511.68304,0,0,0,-1511.68304
2016-04-08,0,0,0,0,-1468.151813,0,0,0,-1468.151813
2016-04-11,0,0,0,0,-1352.46408,0,0,0,-1352.46408
2016-04-12,0,0,0,0,-1329.720048,0,0,0,-1329.720048
2016-04-13,0,0,0,0,-1165.820839,0,0,0,-1165.820839
2016-04-14,0,0,0,0,-1133.009226,0,0,0,-1133.009226
2016-04-15,0,0,0,0,-1116.407272,0,0,0,-1116.407272
2016-04-18,0,0,0,0,-1026.304051,0,0,0,-1026.304051
2016-04-19,0,0,0,0,-1025.621497,0,0,0,-1025.621497
2016-04-20,0,0,0,0,-879.6317787,0,0,0,-879.6317787
2016-04-21,0,0,0,0,-802.1945335,0,0,0,-802.1945335
2016-04-22,0,0,0,0,-501.8811965,0,0,0,-501.8811965
2016-04-25,0,0,0,0,-414.9746767,0,0,0,-414.9746767
2016-04-26,0,0,0,0,-420.362328,0,0,0,-420.362328
2016-04-27,0,0,0,0,-370.3526014,0,0,0,-370.3526014
2016-04-28,0,0,0,0,-308.0821784,0,0,0,-308.0821784
2016-04-29,0,0,0,0,0,0,0,0,0
2016-05-02,0,0,0,0,-1727.209173,0,0,0,-1727.209173
2016-05-03,0,0,0,0,-1670.949106,0,0,0,-1670.949106
2016-05-04,0,0,0,0,-1640.394634,0,0,0,-1640.394634
2016-05-05,0,0,0,0,-1512.785277,0,0,0,-1512.785277
2016-05-06,0,0,0,0,-1461.216077,0,0,0,-1461.216077
2016-05-09,0,0,0,0,-1294.457196,0,0,0,-1294.457196
2016-05-10,0,0,0,0,-1207.832157,0,0,0,-1207.832157
2016-05-11,0,0,0,0,-1319.694802,0,0,0,-1319.694802
2016-05-12,0,0,0,0,-1121.133553,0,0,0,-1121.133553
2016-05-13,0,0,0,0,-837.6543661,0,0,0,-837.6543661
2016-05-16,0,0,0,0,-743.685851,0,0,0,-743.685851
2016-05-17,0,0,0,0,-640.3969838,0,0,0,-640.3969838
2016-05-18,0,0,0,0,-311.9257999,0,0,0,-311.9257999
2016-05-19,0,0,0,0,-233.1048072,0,0,0,-233.1048072
2016-05-20,0,0,0,0,-193.5881716,0,0,0,-193.5881716
2016-05-23,0,0,0,0,-62.20747576,0,0,0,-62.20747576
2016-05-24,0,0,0,0,-7.781443387,0,0,0,-7.781443387
2016-05-25,0,0,0,0,-3.217064119,0,0,0,-3.217064119
2016-05-26,0,0,0,0,-24.95639573,0,0,0,-24.95639573
2016-05-27,0,0,0,0,-3.049408325,0,0,0,-3.049408325
2016-05-30,0,0,0,0,-0.007729205,0,0,0,-0.007729205
2016-05-31,0,0,0,0,-1.28E-06,0,0,0,-1.28E-06
2016-06-01,315.2604467,0,0,0,0,0,0,0,315.2604467
2016-06-02,293.4865175,0,0,0,0,0,0,0,293.4865175
2016-06-03,312.14446,0,0,0,0,0,0,0,312.14446
2016-06-06,300.054711,0,0,0,0,0,0,0,300.054711
2016-06-07,301.8347966,0,0,0,0,0,0,0,301.8347966
2016-06-08,263.7002334,0,0,0,0,0,0,0,263.7002334
2016-06-09,264.6694073,0,0,0,0,0,0,0,264.6694073
2016-06-10,301.9174656,0,0,0,0,0,0,0,301.9174656
2016-06-13,386.1167717,0,0,0,0,0,0,0,386.1167717
2016-06-14,317.0210698,0,0,0,0,0,0,0,317.0210698
2016-06-15,456.4633922,0,0,0,0,0,0,0,456.4633922
2016-06-16,473.9259228,0,0,0,0,0,0,0,473.9259228
2016-06-17,546.9767981,0,0,0,0,0,0,0,546.9767981
2016-06-20,643.4377623,0,0,0,0,0,0,0,643.4377623
2016-06-21,581.9325999,0,0,0,0,0,0,0,581.9325999
2016-06-22,697.5862751,0,0,0,0,0,0,0,697.5862751
2016-06-23,775.3588251,0,0,0,0,0,0,0,775.3588251
2016-06-24,674.9550266,0,0,0,0,0,0,0,674.9550266
2016-06-27,1088.491006,0,0,0,0,0,0,0,1088.491006
2016-06-28,849.3558451,0,0,0,0,0,0,0,849.3558451
2016-06-29,2124.995662,0,0,0,0,0,0,0,2124.995662
2016-06-30,8215.972473,0,0,0,0,0,0,0,8215.972473
2016-07-01,356.6883528,0,0,0,0,0,0,0,356.6883528
2016-07-04,347.1852584,0,0,0,0,0,0,0,347.1852584
2016-07-05,320.5810371,0,0,0,0,0,0,0,320.5810371
2016-07-06,303.8193211,0,0,0,0,0,0,0,303.8193211
2016-07-07,337.1492406,0,0,0,0,0,0,0,337.1492406
2016-07-08,333.8690964,0,0,0,0,0,0,0,333.8690964
2016-07-11,268.6953822,0,0,0,0,0,0,0,268.6953822
2016-07-12,379.1229958,0,0,0,0,0,0,0,379.1229958
2016-07-13,340.3395391,0,0,0,0,0,0,0,340.3395391
2016-07-14,317.3457002,0,0,0,0,0,0,0,317.3457002
2016-07-15,318.5048685,0,0,0,0,0,0,0,318.5048685
2016-07-18,400.4002767,0,0,0,0,0,0,0,400.4002767
2016-07-19,360.3493284,0,0,0,0,0,0,0,360.3493284
2016-07-20,375.1467412,0,0,0,0,0,0,0,375.1467412
2016-07-21,410.2896082,0,0,0,0,0,0,0,410.2896082
2016-07-22,434.9862549,0,0,0,0,0,0,0,434.9862549
2016-07-25,525.361811,0,0,0,0,0,0,0,525.361811
2016-07-26,715.1224949,0,0,0,0,0,0,0,715.1224949
2016-07-27,344.0076492,0,0,0,0,0,0,0,344.0076492
2016-07-28,520.1662843,0,0,0,0,0,0,0,520.1662843
2016-07-29,175.3295985,0,0,0,0,0,0,0,175.3295985
2016-08-01,350.1469201,0,0,0,0,0,0,0,350.1469201
2016-08-02,321.6382875,0,0,0,0,0,0,0,321.6382875
2016-08-03,320.1937167,0,0,0,0,0,0,0,320.1937167
2016-08-04,298.9999705,0,0,0,0,0,0,0,298.9999705
2016-08-05,298.6311927,0,0,0,0,0,0,0,298.6311927
2016-08-08,340.1687394,0,0,0,0,0,0,0,340.1687394
2016-08-09,352.8883409,0,0,0,0,0,0,0,352.8883409
2016-08-10,341.3591141,0,0,0,0,0,0,0,341.3591141
2016-08-11,300.123437,0,0,0,0,0,0,0,300.123437
2016-08-12,351.6686897,0,0,0,0,0,0,0,351.6686897
2016-08-15,397.830874,0,0,0,0,0,0,0,397.830874
2016-08-16,496.1068561,0,0,0,0,0,0,0,496.1068561
2016-08-17,286.3468769,0,0,0,0,0,0,0,286.3468769
2016-08-18,417.4363943,0,0,0,0,0,0,0,417.4363943
2016-08-19,220.3476166,0,0,0,0,0,0,0,220.3476166
2016-08-22,309.9943686,0,0,0,0,0,0,0,309.9943686
2016-08-23,477.5011482,0,0,0,0,0,0,0,477.5011482
2016-08-24,658.4403965,0,0,0,0,0,0,0,658.4403965
2016-08-25,779.0085772,0,0,0,0,0,0,0,779.0085772
2016-08-26,882.9915714,0,0,0,0,0,0,0,882.9915714
2016-08-29,706.4194073,0,0,0,0,0,0,0,706.4194073
2016-08-30,122.0569568,0,0,0,0,0,0,0,122.0569568
2016-08-31,2376.98819,0,0,0,0,0,0,0,2376.98819
2016-09-01,316.7018176,0,0,0,0,0,0,0,316.7018176
2016-09-02,346.4353057,0,0,0,0,0,0,0,346.4353057
2016-09-05,368.5630536,0,0,0,0,0,0,0,368.5630536
2016-09-06,475.450198,0,0,0,0,0,0,0,475.450198
2016-09-07,344.2193402,0,0,0,0,0,0,0,344.2193402
2016-09-08,392.7933794,0,0,0,0,0,0,0,392.7933794
2016-09-09,343.5779434,0,0,0,0,0,0,0,343.5779434
2016-09-12,768.8102245,0,0,0,0,0,0,0,768.8102245
2016-09-13,444.054645,0,0,0,0,0,0,0,444.054645
2016-09-14,552.5305932,0,0,0,0,0,0,0,552.5305932
2016-09-15,593.7702684,0,0,0,0,0,0,0,593.7702684
2016-09-16,509.8616604,0,0,0,0,0,0,0,509.8616604
2016-09-19,698.3951464,0,0,0,0,0,0,0,698.3951464
2016-09-20,720.3927047,0,0,0,0,0,0,0,720.3927047
2016-09-21,925.2305395,0,0,0,0,0,0,0,925.2305395
2016-09-22,634.5369439,0,0,0,0,0,0,0,634.5369439
2016-09-23,755.7002846,0,0,0,0,0,0,0,755.7002846
2016-09-26,789.2311927,0,0,0,0,0,0,0,789.2311927
2016-09-27,783.3611383,0,0,0,0,0,0,0,783.3611383
2016-09-28,2258.067898,0,0,0,0,0,0,0,2258.067898
2016-09-29,1317.249606,0,0,0,0,0,0,0,1317.249606
2016-09-30,0,0,0,0,0,0,0,0,0
2016-10-03,304.3062548,0,0,0,0,0,0,0,304.3062548
2016-10-04,302.4698921,0,0,0,0,0,0,0,302.4698921
2016-10-05,312.8970434,0,0,0,0,0,0,0,312.8970434
2016-10-06,313.3921595,0,0,0,0,0,0,0,313.3921595
2016-10-07,383.7332074,0,0,0,0,0,0,0,383.7332074
2016-10-10,334.363878,0,0,0,0,0,0,0,334.363878
2016-10-11,342.0421236,0,0,0,0,0,0,0,342.0421236
2016-10-12,375.7590553,0,0,0,0,0,0,0,375.7590553
2016-10-13,447.9700469,0,0,0,0,0,0,0,447.9700469
2016-10-14,311.7198374,0,0,0,0,0,0,0,311.7198374
2016-10-17,376.3303631,0,0,0,0,0,0,0,376.3303631
2016-10-18,320.3413124,0,0,0,0,0,0,0,320.3413124
2016-10-19,288.7025742,0,0,0,0,0,0,0,288.7025742
2016-10-20,257.6910342,0,0,0,0,0,0,0,257.6910342
2016-10-21,347.078266,0,0,0,0,0,0,0,347.078266
2016-10-24,389.2957241,0,0,0,0,0,0,0,389.2957241
2016-10-25,263.4202503,0,0,0,0,0,0,0,263.4202503
2016-10-26,746.2770252,0,0,0,0,0,0,0,746.2770252
2016-10-27,309.0556353,0,0,0,0,0,0,0,309.0556353
2016-10-28,1008.222694,0,0,0,0,0,0,0,1008.222694
2016-10-31,1501.459181,0,0,0,0,0,0,0,1501.459181
2016-11-01,391.9173213,0,0,0,0,0,0,0,391.9173213
2016-11-02,483.1080175,0,0,0,0,0,0,0,483.1080175
2016-11-03,359.6883584,0,0,0,0,0,0,0,359.6883584
2016-11-04,355.0731118,0,0,0,0,0,0,0,355.0731118
2016-11-07,383.5021419,0,0,0,0,0,0,0,383.5021419
2016-11-08,399.4931469,0,0,0,0,0,0,0,399.4931469
2016-11-09,425.5228564,0,0,0,0,0,0,0,425.5228564
2016-11-10,473.7883881,0,0,0,0,0,0,0,473.7883881
2016-11-11,666.1616235,0,0,0,0,0,0,0,666.1616235
2016-11-14,394.362724,0,0,0,0,0,0,0,394.362724
2016-11-15,474.0227739,0,0,0,0,0,0,0,474.0227739
2016-11-16,407.5277352,0,0,0,0,0,0,0,407.5277352
2016-11-17,272.1571342,0,0,0,0,0,0,0,272.1571342
2016-11-18,491.4599083,0,0,0,0,0,0,0,491.4599083
2016-11-21,551.5731801,0,0,0,0,0,0,0,551.5731801
2016-11-22,342.5658471,0,0,0,0,0,0,0,342.5658471
2016-11-23,1263.523591,0,0,0,0,0,0,0,1263.523591
2016-11-24,1262.537582,0,0,0,0,0,0,0,1262.537582
2016-11-25,1796.543399,0,0,0,0,0,0,0,1796.543399
2016-11-28,3172.139071,0,0,0,0,0,0,0,3172.139071
2016-11-29,6460.555749,0,0,0,0,0,0,0,6460.555749
2016-11-30,5101.863713,0,0,0,0,0,0,0,5101.863713
2016-12-01,317.1854005,0,0,0,0,0,0,0,317.1854005
2016-12-02,371.0630562,0,0,0,0,0,0,0,371.0630562
2016-12-05,440.2508487,0,0,0,0,0,0,0,440.2508487
2016-12-06,489.9951823,0,0,0,0,0,0,0,489.9951823
2016-12-07,576.2680176,0,0,0,0,0,0,0,576.2680176
2016-12-08,471.661229,0,0,0,0,0,0,0,471.661229
2016-12-09,621.8081715,0,0,0,0,0,0,0,621.8081715
2016-12-12,644.4842239,0,0,0,0,0,0,0,644.4842239
2016-12-13,690.5679239,0,0,0,0,0,0,0,690.5679239
2016-12-14,446.4707675,0,0,0,0,0,0,0,446.4707675
2016-12-15,571.6510834,0,0,0,0,0,0,0,571.6510834
2016-12-16,414.5295039,0,0,0,0,0,0,0,414.5295039
2016-12-19,536.3157744,0,0,0,0,0,0,0,536.3157744
2016-12-20,439.194415,0,0,0,0,0,0,0,439.194415
2016-12-21,367.5804476,0,0,0,0,0,0,0,367.5804476
2016-12-22,381.3856023,0,0,0,0,0,0,0,381.3856023
2016-12-23,828.2908597,0,0,0,0,0,0,0,828.2908597
2016-12-26,679.2332643,0,0,0,0,0,0,0,679.2332643
2016-12-27,1446.904183,0,0,0,0,0,0,0,1446.904183
2016-12-28,4052.127706,0,0,0,0,0,0,0,4052.127706
2016-12-29,7483.701883,0,0,0,0,0,0,0,7483.701883
2016-12-30,0,0,0,0,0,0,0,0,0
2017-01-02,583.9353892,0,0,0,0,0,0,0,583.9353892
2017-01-03,462.1553865,0,0,0,0,0,0,0,462.1553865
2017-01-04,327.5923463,0,0,0,0,0,0,0,327.5923463
2017-01-05,217.4427687,0,0,0,0,0,0,0,217.4427687
2017-01-06,274.80619,0,0,0,0,0,0,0,274.80619
2017-01-09,291.586023,0,0,0,0,0,0,0,291.586023
2017-01-10,223.5135225,0,0,0,0,0,0,0,223.5135225
2017-01-11,269.073362,0,0,0,0,0,0,0,269.073362
2017-01-12,183.5455629,0,0,0,0,0,0,0,183.5455629
2017-01-13,172.7819478,0,0,0,0,0,0,0,172.7819478
2017-01-16,187.8034781,0,0,0,0,0,0,0,187.8034781
2017-01-17,122.107756,0,0,0,0,0,0,0,122.107756
2017-01-18,85.71849803,0,0,0,0,0,0,0,85.71849803
2017-01-19,135.50024,0,0,0,0,0,0,0,135.50024
2017-01-20,134.2793475,0,0,0,0,0,0,0,134.2793475
2017-01-23,46.51035234,0,0,0,0,0,0,0,46.51035234
2017-01-24,4.53300232,0,0,0,0,0,0,0,4.53300232
2017-01-25,32.51987574,0,0,0,0,0,0,0,32.51987574
2017-01-26,20.86409009,0,0,0,0,0,0,0,20.86409009
2017-01-27,16.07671826,0,0,0,0,0,0,0,16.07671826
2017-01-30,0.083403449,0,0,0,0,0,0,0,0.083403449
2017-01-31,0.001750061,0,0,0,0,0,0,0,0.001750061
2017-02-01,0,0,0,0,-1703.650076,0,0,0,-1703.650076
2017-02-02,0,0,0,0,-1677.742023,0,0,0,-1677.742023
2017-02-03,0,0,0,0,-1631.202382,0,0,0,-1631.202382
2017-02-06,0,0,0,0,-1556.247329,0,0,0,-1556.247329
2017-02-07,0,0,0,0,-1446.458332,0,0,0,-1446.458332
2017-02-08,0,0,0,0,-1441.670356,0,0,0,-1441.670356
2017-02-09,0,0,0,0,-1291.642387,0,0,0,-1291.642387
2017-02-10,0,0,0,0,-1207.939371,0,0,0,-1207.939371
2017-02-13,0,0,0,0,-888.1041779,0,0,0,-888.1041779
2017-02-14,0,0,0,0,-685.1054246,0,0,0,-685.1054246
2017-02-15,0,0,0,0,-730.812269,0,0,0,-730.812269
2017-02-16,0,0,0,0,-1032.980787,0,0,0,-1032.980787
2017-02-17,0,0,0,0,-701.4206402,0,0,0,-701.4206402
2017-02-20,0,0,0,0,-462.2823693,0,0,0,-462.2823693
2017-02-21,0,0,0,0,-166.0409487,0,0,0,-166.0409487
2017-02-22,0,0,0,0,-195.5270711,0,0,0,-195.5270711
2017-02-23,0,0,0,0,-227.5784611,0,0,0,-227.5784611
2017-02-24,0,0,0,0,-89.7514916,0,0,0,-89.7514916
2017-02-27,0,0,0,0,-11.57257577,0,0,0,-11.57257577
2017-02-28,0,0,0,0,-0.040220883,0,0,0,-0.040220883
2017-03-01,0,0,0,0,0,192.8837454,0,0,192.8837454
2017-03-02,0,0,0,0,0,170.8616796,0,0,170.8616796
2017-03-03,0,0,0,0,0,173.1014509,0,0,173.1014509
2017-03-06,0,0,0,0,0,174.1068305,0,0,174.1068305
2017-03-07,0,0,0,0,0,172.152137,0,0,172.152137
2017-03-08,0,0,0,0,0,174.7013289,0,0,174.7013289
2017-03-09,0,0,0,0,0,173.0154754,0,0,173.0154754
2017-03-10,0,0,0,0,0,176.6468126,0,0,176.6468126
2017-03-13,0,0,0,0,0,173.2258626,0,0,173.2258626
2017-03-14,0,0,0,0,0,192.8355857,0,0,192.8355857
2017-03-15,0,0,0,0,0,227.122402,0,0,227.122402
2017-03-16,0,0,0,0,0,204.9664767,0,0,204.9664767
2017-03-17,0,0,0,0,0,212.6864679,0,0,212.6864679
2017-03-20,0,0,0,0,0,214.3797689,0,0,214.3797689
2017-03-21,0,0,0,0,0,188.1743936,0,0,188.1743936
2017-03-22,0,0,0,0,0,170.9923848,0,0,170.9923848
2017-03-23,0,0,0,0,0,164.0580915,0,0,164.0580915
2017-03-24,0,0,0,0,0,187.4947885,0,0,187.4947885
2017-03-27,0,0,0,0,0,27.74818568,0,0,27.74818568
2017-03-28,0,0,0,0,0,33.84079786,0,0,33.84079786
2017-03-29,0,0,0,0,0,3.010027378,0,0,3.010027378
2017-03-30,0,0,0,0,0,17.58836804,0,0,17.58836804
2017-03-31,0,0,0,0,0,0,0,0,0
2017-04-03,0,0,0,0,-1560.642651,0,0,0,-1560.642651
2017-04-04,0,0,0,0,-1482.85967,0,0,0,-1482.85967
2017-04-05,0,0,0,0,-1460.423741,0,0,0,-1460.423741
2017-04-06,0,0,0,0,-1436.094861,0,0,0,-1436.094861
2017-04-07,0,0,0,0,-1376.142085,0,0,0,-1376.142085
2017-04-10,0,0,0,0,-1295.163631,0,0,0,-1295.163631
2017-04-11,0,0,0,0,-1274.543284,0,0,0,-1274.543284
2017-04-12,0,0,0,0,-1267.630823,0,0,0,-1267.630823
2017-04-13,0,0,0,0,-1218.981012,0,0,0,-1218.981012
2017-04-14,0,0,0,0,-1190.207657,0,0,0,-1190.207657
2017-04-17,0,0,0,0,-1099.95345,0,0,0,-1099.95345
2017-04-18,0,0,0,0,-1040.454355,0,0,0,-1040.454355
2017-04-19,0,0,0,0,-1011.36637,0,0,0,-1011.36637
2017-04-20,0,0,0,0,-970.5466928,0,0,0,-970.5466928
2017-04-21,0,0,0,0,-923.468688,0,0,0,-923.468688
2017-04-24,0,0,0,0,-200.5894264,0,0,0,-200.5894264
2017-04-25,0,0,0,0,-60.25907437,0,0,0,-60.25907437
2017-04-26,0,0,0,0,-61.60190103,0,0,0,-61.60190103
2017-04-27,0,0,0,0,-30.58910267,0,0,0,-30.58910267
2017-04-28,0,0,0,0,-4.146367924,0,0,0,-4.146367924
2017-05-01,0,0,0,0,0,0,0,162.6019525,162.6019525
2017-05-02,0,0,0,0,0,0,0,148.5761928,148.5761928
2017-05-03,0,0,0,0,0,0,0,138.1778484,138.1778484
2017-05-04,0,0,0,0,0,0,0,133.7101197,133.7101197
2017-05-05,0,0,0,0,0,0,0,167.7943535,167.7943535
2017-05-08,0,0,0,0,0,0,0,163.5535619,163.5535619
2017-05-09,0,0,0,0,0,0,0,159.0760981,159.0760981
2017-05-10,0,0,0,0,0,0,0,188.8880607,188.8880607
2017-05-11,0,0,0,0,0,0,0,184.3600804,184.3600804
2017-05-12,0,0,0,0,0,0,0,173.6671721,173.6671721
2017-05-15,0,0,0,0,0,0,0,234.0450462,234.0450462
2017-05-16,0,0,0,0,0,0,0,243.7705405,243.7705405
2017-05-17,0,0,0,0,0,0,0,258.2202879,258.2202879
2017-05-18,0,0,0,0,0,0,0,302.8700106,302.8700106
2017-05-19,0,0,0,0,0,0,0,277.9995466,277.9995466
2017-05-22,0,0,0,0,0,0,0,318.7845922,318.7845922
2017-05-23,0,0,0,0,0,0,0,341.1837123,341.1837123
2017-05-24,0,0,0,0,0,0,0,157.0731586,157.0731586
2017-05-25,0,0,0,0,0,0,0,210.1093144,210.1093144
2017-05-26,0,0,0,0,0,0,0,131.3521353,131.3521353
2017-05-29,0,0,0,0,0,0,0,42.14238903,42.14238903
2017-05-30,0,0,0,0,0,0,0,15.6995959,15.6995959
2017-05-31,0,0,0,0,0,0,0,12.63276373,12.63276373
2017-06-01,0,0,0,0,-1987.654762,0,0,0,-1987.654762
2017-06-02,0,0,0,0,-1821.003145,0,0,0,-1821.003145
2017-06-05,0,0,0,0,-1798.902911,0,0,0,-1798.902911
2017-06-06,0,0,0,0,-1703.873735,0,0,0,-1703.873735
2017-06-07,0,0,0,0,-1730.445388,0,0,0,-1730.445388
2017-06-08,0,0,0,0,-1757.619795,0,0,0,-1757.619795
2017-06-09,0,0,0,0,-1727.255748,0,0,0,-1727.255748
2017-06-12,0,0,0,0,-1611.373581,0,0,0,-1611.373581
2017-06-13,0,0,0,0,-1565.074604,0,0,0,-1565.074604
2017-06-14,0,0,0,0,-1512.807162,0,0,0,-1512.807162
2017-06-15,0,0,0,0,-1381.054388,0,0,0,-1381.054388
2017-06-16,0,0,0,0,-1437.007116,0,0,0,-1437.007116
2017-06-19,0,0,0,0,-1156.195027,0,0,0,-1156.195027
2017-06-20,0,0,0,0,-1017.697297,0,0,0,-1017.697297
2017-06-21,0,0,0,0,-1107.227335,0,0,0,-1107.227335
2017-06-22,0,0,0,0,-969.5022294,0,0,0,-969.5022294
2017-06-23,0,0,0,0,-1034.53172,0,0,0,-1034.53172
2017-06-26,0,0,0,0,-759.4527023,0,0,0,-759.4527023
2017-06-27,0,0,0,0,-69.21148125,0,0,0,-69.21148125
2017-06-28,0,0,0,0,-8.358486628,0,0,0,-8.358486628
2017-06-29,0,0,0,0,-0.000169194,0,0,0,-0.000169194
2017-06-30,0,0,0,0,0,0,0,0,0
2017-07-03,0,0,0,0,-2182.46511,0,0,0,-2182.46511
2017-07-04,0,0,0,0,-2094.503592,0,0,0,-2094.503592
2017-07-05,0,0,0,0,-2059.47623,0,0,0,-2059.47623
2017-07-06,0,0,0,0,-1897.004267,0,0,0,-1897.004267
2017-07-07,0,0,0,0,-1927.605083,0,0,0,-1927.605083
2017-07-10,0,0,0,0,-1804.96064,0,0,0,-1804.96064
2017-07-11,0,0,0,0,-1476.255278,0,0,0,-1476.255278
2017-07-12,0,0,0,0,-1690.060912,0,0,0,-1690.060912
2017-07-13,0,0,0,0,-1708.371801,0,0,0,-1708.371801
2017-07-14,0,0,0,0,-1371.441862,0,0,0,-1371.441862
2017-07-17,0,0,0,0,-1176.050079,0,0,0,-1176.050079
2017-07-18,0,0,0,0,-828.4002048,0,0,0,-828.4002048
2017-07-19,0,0,0,0,-966.3748619,0,0,0,-966.3748619
2017-07-20,0,0,0,0,-344.8981673,0,0,0,-344.8981673
2017-07-21,0,0,0,0,-133.7430014,0,0,0,-133.7430014
2017-07-24,0,0,0,0,-64.48117978,0,0,0,-64.48117978
2017-07-25,0,0,0,0,-56.50769825,0,0,0,-56.50769825
2017-07-26,0,0,0,0,-3.530253001,0,0,0,-3.530253001
2017-07-27,0,0,0,0,-7.262477827,0,0,0,-7.262477827
2017-07-28,0,0,0,0,-0.13756318,0,0,0,-0.13756318
2017-07-31,0,0,0,0,-1.14E-23,0,0,0,-1.14E-23
2017-08-01,0,0,0,0,-2057.228751,0,0,0,-2057.228751
2017-08-02,0,0,0,0,-1955.447596,0,0,0,-1955.447596
2017-08-03,0,0,0,0,-1898.604362,0,0,0,-1898.604362
2017-08-04,0,0,0,0,-1971.977504,0,0,0,-1971.977504
2017-08-07,0,0,0,0,-1880.845487,0,0,0,-1880.845487
2017-08-08,0,0,0,0,-1833.158946,0,0,0,-1833.158946
2017-08-09,0,0,0,0,-1806.310536,0,0,0,-1806.310536
2017-08-10,0,0,0,0,-1780.439399,0,0,0,-1780.439399
2017-08-11,0,0,0,0,-1727.269089,0,0,0,-1727.269089
2017-08-14,0,0,0,0,-1631.030594,0,0,0,-1631.030594
2017-08-15,0,0,0,0,-1538.270376,0,0,0,-1538.270376
2017-08-16,0,0,0,0,-1539.464008,0,0,0,-1539.464008
2017-08-17,0,0,0,0,-1413.561845,0,0,0,-1413.561845
2017-08-18,0,0,0,0,-1439.551679,0,0,0,-1439.551679
2017-08-21,0,0,0,0,-1287.054106,0,0,0,-1287.054106
2017-08-22,0,0,0,0,-1226.332234,0,0,0,-1226.332234
2017-08-23,0,0,0,0,-1176.009634,0,0,0,-1176.009634
2017-08-24,0,0,0,0,-1115.980401,0,0,0,-1115.980401
2017-08-25,0,0,0,0,-609.2711252,0,0,0,-609.2711252
2017-08-28,0,0,0,0,-92.04104843,0,0,0,-92.04104843
2017-08-29,0,0,0,0,-80.08885832,0,0,0,-80.08885832
2017-08-30,0,0,0,0,-216.2342859,0,0,0,-216.2342859
2017-08-31,0,0,0,0,-59.57440852,0,0,0,-59.57440852
2017-09-01,0,0,0,0,-1984.092751,0,0,0,-1984.092751
2017-09-04,0,0,0,0,-1850.71617,0,0,0,-1850.71617
2017-09-05,0,0,0,0,-1789.998951,0,0,0,-1789.998951
2017-09-06,0,0,0,0,-1749.243317,0,0,0,-1749.243317
2017-09-07,0,0,0,0,-1361.821598,0,0,0,-1361.821598
2017-09-08,0,0,0,0,-1264.114514,0,0,0,-1264.114514
2017-09-11,0,0,0,0,-1397.387439,0,0,0,-1397.387439
2017-09-12,0,0,0,0,-1290.142834,0,0,0,-1290.142834
2017-09-13,0,0,0,0,-1513.160747,0,0,0,-1513.160747
2017-09-14,0,0,0,0,-1411.770195,0,0,0,-1411.770195
2017-09-15,0,0,0,0,-1280.172383,0,0,0,-1280.172383
2017-09-18,0,0,0,0,-1084.52142,0,0,0,-1084.52142
2017-09-19,0,0,0,0,-878.2245529,0,0,0,-878.2245529
2017-09-20,0,0,0,0,-1129.408598,0,0,0,-1129.408598
2017-09-21,0,0,0,0,-880.0281502,0,0,0,-880.0281502
2017-09-22,0,0,0,0,-765.8400977,0,0,0,-765.8400977
2017-09-25,0,0,0,0,-800.1991605,0,0,0,-800.1991605
2017-09-26,0,0,0,0,-593.9719043,0,0,0,-593.9719043
2017-09-27,0,0,0,0,-210.4141351,0,0,0,-210.4141351
2017-09-28,0,0,0,0,-192.4110389,0,0,0,-192.4110389
2017-09-29,0,0,0,0,0,0,0,0,0
2017-10-02,0,0,0,0,-2053.078197,0,0,0,-2053.078197
2017-10-03,0,0,0,0,-1978.930909,0,0,0,-1978.930909
2017-10-04,0,0,0,0,-1929.990153,0,0,0,-1929.990153
2017-10-05,0,0,0,0,-1934.240701,0,0,0,-1934.240701
2017-10-06,0,0,0,0,-1898.301888,0,0,0,-1898.301888
2017-10-09,0,0,0,0,-1789.354681,0,0,0,-1789.354681
2017-10-10,0,0,0,0,-1601.683963,0,0,0,-1601.683963
2017-10-11,0,0,0,0,-1356.596342,0,0,0,-1356.596342
2017-10-12,0,0,0,0,-1428.414463,0,0,0,-1428.414463
2017-10-13,0,0,0,0,-1400.906483,0,0,0,-1400.906483
2017-10-16,0,0,0,0,-1345.593258,0,0,0,-1345.593258
2017-10-17,0,0,0,0,-1409.531126,0,0,0,-1409.531126
2017-10-18,0,0,0,0,-1275.958626,0,0,0,-1275.958626
2017-10-19,0,0,0,0,-1064.374326,0,0,0,-1064.374326
2017-10-20,0,0,0,0,-1269.65675,0,0,0,-1269.65675
2017-10-23,0,0,0,0,-1158.095294,0,0,0,-1158.095294
2017-10-24,0,0,0,0,-1068.568019,0,0,0,-1068.568019
2017-10-25,0,0,0,0,-832.4618221,0,0,0,-832.4618221
2017-10-26,0,0,0,0,-807.1693698,0,0,0,-807.1693698
2017-10-27,0,0,0,0,-513.9441024,0,0,0,-513.9441024
2017-10-30,0,0,0,0,-306.9097981,0,0,0,-306.9097981
2017-10-31,0,0,0,0,-77.02003214,0,0,0,-77.02003214
2017-11-01,0,0,0,0,0,177.2659346,0,0,177.2659346
2017-11-02,0,0,0,0,0,177.93075,0,0,177.93075
2017-11-03,0,0,0,0,0,172.9610483,0,0,172.9610483
2017-11-06,0,0,0,0,0,191.8602924,0,0,191.8602924
2017-11-07,0,0,0,0,0,190.1505661,0,0,190.1505661
2017-11-08,0,0,0,0,0,204.9675728,0,0,204.9675728
2017-11-09,0,0,0,0,0,228.9902156,0,0,228.9902156
2017-11-10,0,0,0,0,0,231.2044249,0,0,231.2044249
2017-11-13,0,0,0,0,0,256.8521641,0,0,256.8521641
2017-11-14,0,0,0,0,0,267.922689,0,0,267.922689
2017-11-15,0,0,0,0,0,260.6499302,0,0,260.6499302
2017-11-16,0,0,0,0,0,246.2529381,0,0,246.2529381
2017-11-17,0,0,0,0,0,174.7675132,0,0,174.7675132
2017-11-20,0,0,0,0,0,207.3252597,0,0,207.3252597
2017-11-21,0,0,0,0,0,171.4016129,0,0,171.4016129
2017-11-22,0,0,0,0,0,42.49075473,0,0,42.49075473
2017-11-23,0,0,0,0,0,37.73978296,0,0,37.73978296
2017-11-24,0,0,0,0,0,45.10991482,0,0,45.10991482
2017-11-27,0,0,0,0,0,2.782781537,0,0,2.782781537
2017-11-28,0,0,0,0,0,2.525424458,0,0,2.525424458
2017-11-29,0,0,0,0,0,8.332722534,0,0,8.332722534
2017-11-30,0,0,0,0,0,22.73790722,0,0,22.73790722
2017-12-01,0,0,0,0,0,0,285.2444279,0,285.2444279
2017-12-04,0,0,0,0,0,0,302.7522453,0,302.7522453
2017-12-05,0,0,0,0,0,0,287.618172,0,287.618172
2017-12-06,0,0,0,0,0,0,272.1069223,0,272.1069223
2017-12-07,0,0,0,0,0,0,262.4389219,0,262.4389219
2017-12-08,0,0,0,0,0,0,291.6104506,0,291.6104506
2017-12-11,0,0,0,0,0,0,267.4251546,0,267.4251546
2017-12-12,0,0,0,0,0,0,223.5697717,0,223.5697717
2017-12-13,0,0,0,0,0,0,267.7599315,0,267.7599315
2017-12-14,0,0,0,0,0,0,202.6574014,0,202.6574014
2017-12-15,0,0,0,0,0,0,182.5343937,0,182.5343937
2017-12-18,0,0,0,0,0,0,205.3716626,0,205.3716626
2017-12-19,0,0,0,0,0,0,139.3409099,0,139.3409099
2017-12-20,0,0,0,0,0,0,120.4290774,0,120.4290774
2017-12-21,0,0,0,0,0,0,3.501052825,0,3.501052825
2017-12-22,0,0,0,0,0,0,-59.11269554,0,-59.11269554
2017-12-25,0,0,0,0,0,0,-72.29970871,0,-72.29970871
2017-12-26,0,0,0,0,0,0,-81.72838582,0,-81.72838582
2017-12-27,0,0,0,0,0,0,14.64548915,0,14.64548915
2017-12-28,0,0,0,0,0,0,138.4061368,0,138.4061368
2017-12-29,0,0,0,0,0,0,285.1584597,0,285.1584597
2018-01-01,0,0,0,0,-2438.092153,0,0,0,-2438.092153
2018-01-02,0,0,0,0,-2309.525547,0,0,0,-2309.525547
2018-01-03,0,0,0,0,-2365.261001,0,0,0,-2365.261001
2018-01-04,0,0,0,0,-2192.842401,0,0,0,-2192.842401
2018-01-05,0,0,0,0,-2270.673094,0,0,0,-2270.673094
2018-01-08,0,0,0,0,-2171.762897,0,0,0,-2171.762897
2018-01-09,0,0,0,0,-2037.11604,0,0,0,-2037.11604
2018-01-10,0,0,0,0,-2042.000891,0,0,0,-2042.000891
2018-01-11,0,0,0,0,-2040.53385,0,0,0,-2040.53385
2018-01-12,0,0,0,0,-1198.78298,0,0,0,-1198.78298
2018-01-15,0,0,0,0,-778.3169941,0,0,0,-778.3169941
2018-01-16,0,0,0,0,-590.669452,0,0,0,-590.669452
2018-01-17,0,0,0,0,-1062.440944,0,0,0,-1062.440944
2018-01-18,0,0,0,0,-902.1995473,0,0,0,-902.1995473
2018-01-19,0,0,0,0,-1008.738171,0,0,0,-1008.738171
2018-01-22,0,0,0,0,-478.5419776,0,0,0,-478.5419776
2018-01-23,0,0,0,0,-261.3867973,0,0,0,-261.3867973
2018-01-24,0,0,0,0,-100.4535607,0,0,0,-100.4535607
2018-01-25,0,0,0,0,-90.49854523,0,0,0,-90.49854523
2018-01-26,0,0,0,0,-34.17452727,0,0,0,-34.17452727
2018-01-29,0,0,0,0,-2.404059107,0,0,0,-2.404059107
2018-01-30,0,0,0,0,-0.067413192,0,0,0,-0.067413192
2018-01-31,0,0,0,0,-1.89E-09,0,0,0,-1.89E-09
2018-02-01,0,0,0,0,-2237.631289,0,0,0,-2237.631289
2018-02-02,0,0,0,0,-2198.849682,0,0,0,-2198.849682
2018-02-05,0,0,0,0,-1895.705801,0,0,0,-1895.705801
2018-02-06,0,0,0,0,-1896.06544,0,0,0,-1896.06544
2018-02-07,0,0,0,0,-1380.049015,0,0,0,-1380.049015
2018-02-08,0,0,0,0,-1352.053941,0,0,0,-1352.053941
2018-02-09,0,0,0,0,-1282.895094,0,0,0,-1282.895094
2018-02-12,0,0,0,0,-1197.479663,0,0,0,-1197.479663
2018-02-13,0,0,0,0,-1397.027459,0,0,0,-1397.027459
2018-02-14,0,0,0,0,-1681.829908,0,0,0,-1681.829908
2018-02-15,0,0,0,0,-1662.985103,0,0,0,-1662.985103
2018-02-16,0,0,0,0,-1459.23463,0,0,0,-1459.23463
2018-02-19,0,0,0,0,-1225.890652,0,0,0,-1225.890652
2018-02-20,0,0,0,0,-806.5869559,0,0,0,-806.5869559
2018-02-21,0,0,0,0,-459.1304971,0,0,0,-459.1304971
2018-02-22,0,0,0,0,-571.1678061,0,0,0,-571.1678061
2018-02-23,0,0,0,0,-282.6105499,0,0,0,-282.6105499
2018-02-26,0,0,0,0,-140.5298698,0,0,0,-140.5298698
2018-02-27,0,0,0,0,-2.638560035,0,0,0,-2.638560035
2018-02-28,0,0,0,0,-0.000432639,0,0,0,-0.000432639
2018-03-01,0,0,0,0,-1993.237757,0,0,0,-1993.237757
2018-03-02,0,0,0,0,-1900.201535,0,0,0,-1900.201535
2018-03-05,0,0,0,0,-1756.465019,0,0,0,-1756.465019
2018-03-06,0,0,0,0,-1505.052178,0,0,0,-1505.052178
2018-03-07,0,0,0,0,-1446.978916,0,0,0,-1446.978916
2018-03-08,0,0,0,0,-1709.66224,0,0,0,-1709.66224
2018-03-09,0,0,0,0,-1675.417417,0,0,0,-1675.417417
2018-03-12,0,0,0,0,-1467.22367,0,0,0,-1467.22367
2018-03-13,0,0,0,0,-1164.86024,0,0,0,-1164.86024
2018-03-14,0,0,0,0,-1200.932877,0,0,0,-1200.932877
2018-03-15,0,0,0,0,-1445.984237,0,0,0,-1445.984237
2018-03-16,0,0,0,0,-1441.023346,0,0,0,-1441.023346
2018-03-19,0,0,0,0,-1190.257499,0,0,0,-1190.257499
2018-03-20,0,0,0,0,-1256.172092,0,0,0,-1256.172092
2018-03-21,0,0,0,0,-995.3736302,0,0,0,-995.3736302
2018-03-22,0,0,0,0,-1068.490954,0,0,0,-1068.490954
2018-03-23,0,0,0,0,-754.5123302,0,0,0,-754.5123302
2018-03-26,0,0,0,0,-47.47660095,0,0,0,-47.47660095
2018-03-27,0,0,0,0,-67.84843714,0,0,0,-67.84843714
2018-03-28,0,0,0,0,-393.3820375,0,0,0,-393.3820375
2018-03-29,0,0,0,0,-231.107966,0,0,0,-231.107966
2018-03-30,0,0,0,0,0,0,0,0,0
2018-04-02,0,0,0,0,0,0,0,140.83989,140.83989
2018-04-03,0,0,0,0,0,0,0,175.4977602,175.4977602
2018-04-04,0,0,0,0,0,0,0,182.2840365,182.2840365
2018-04-05,0,0,0,0,0,0,0,179.4048013,179.4048013
2018-04-06,0,0,0,0,0,0,0,179.168756,179.168756
2018-04-09,0,0,0,0,0,0,0,168.8632336,168.8632336
2018-04-10,0,0,0,0,0,0,0,119.6916307,119.6916307
2018-04-11,0,0,0,0,0,0,0,97.60753317,97.60753317
2018-04-12,0,0,0,0,0,0,0,139.0724716,139.0724716
2018-04-13,0,0,0,0,0,0,0,150.3910259,150.3910259
2018-04-16,0,0,0,0,0,0,0,121.8286772,121.8286772
2018-04-17,0,0,0,0,0,0,0,100.3965798,100.3965798
2018-04-18,0,0,0,0,0,0,0,108.3522856,108.3522856
2018-04-19,0,0,0,0,0,0,0,141.2342184,141.2342184
2018-04-20,0,0,0,0,0,0,0,217.3720307,217.3720307
2018-04-23,0,0,0,0,0,0,0,362.4372361,362.4372361
2018-04-24,0,0,0,0,0,0,0,365.568246,365.568246
2018-04-25,0,0,0,0,0,0,0,420.0232821,420.0232821
2018-04-26,0,0,0,0,0,0,0,475.8272284,475.8272284
2018-04-27,0,0,0,0,0,0,0,488.1289522,488.1289522
2018-04-30,0,0,0,0,0,0,0,837.626043,837.626043
2018-05-01,0,198.0896299,0,0,0,0,0,0,198.0896299
2018-05-02,0,161.4770428,0,0,0,0,0,0,161.4770428
2018-05-03,0,195.7083892,0,0,0,0,0,0,195.7083892
2018-05-04,0,196.8962134,0,0,0,0,0,0,196.8962134
2018-05-07,0,186.0103058,0,0,0,0,0,0,186.0103058
2018-05-08,0,174.0465656,0,0,0,0,0,0,174.0465656
2018-05-09,0,121.0217673,0,0,0,0,0,0,121.0217673
2018-05-10,0,211.4777175,0,0,0,0,0,0,211.4777175
2018-05-11,0,118.0162476,0,0,0,0,0,0,118.0162476
2018-05-14,0,75.05327086,0,0,0,0,0,0,75.05327086
2018-05-15,0,9.028922706,0,0,0,0,0,0,9.028922706
2018-05-16,0,-47.91235324,0,0,0,0,0,0,-47.91235324
2018-05-17,0,-87.13319092,0,0,0,0,0,0,-87.13319092
2018-05-18,0,-184.4491452,0,0,0,0,0,0,-184.4491452
2018-05-21,0,-90.44232189,0,0,0,0,0,0,-90.44232189
2018-05-22,0,-49.08405749,0,0,0,0,0,0,-49.08405749
2018-05-23,0,8.087977898,0,0,0,0,0,0,8.087977898
2018-05-24,0,-63.80864212,0,0,0,0,0,0,-63.80864212
2018-05-25,0,-109.1183306,0,0,0,0,0,0,-109.1183306
2018-05-28,0,-187.4588688,0,0,0,0,0,0,-187.4588688
2018-05-29,0,-43.08659602,0,0,0,0,0,0,-43.08659602
2018-05-30,0,37.73829048,0,0,0,0,0,0,37.73829048
2018-05-31,0,354.498975,0,0,0,0,0,0,354.498975
2018-06-01,0,215.0308792,0,0,0,0,0,0,215.0308792
2018-06-04,0,239.0228268,0,0,0,0,0,0,239.0228268
2018-06-05,0,210.4696593,0,0,0,0,0,0,210.4696593
2018-06-06,0,150.6259525,0,0,0,0,0,0,150.6259525
2018-06-07,0,108.1958551,0,0,0,0,0,0,108.1958551
2018-06-08,0,339.9507104,0,0,0,0,0,0,339.9507104
2018-06-11,0,381.7059281,0,0,0,0,0,0,381.7059281
2018-06-12,0,372.8862768,0,0,0,0,0,0,372.8862768
2018-06-13,0,357.4816157,0,0,0,0,0,0,357.4816157
2018-06-14,0,404.4984348,0,0,0,0,0,0,404.4984348
2018-06-15,0,461.697522,0,0,0,0,0,0,461.697522
2018-06-18,0,517.4360055,0,0,0,0,0,0,517.4360055
2018-06-19,0,507.3699225,0,0,0,0,0,0,507.3699225
2018-06-20,0,541.844763,0,0,0,0,0,0,541.844763
2018-06-21,0,565.2245655,0,0,0,0,0,0,565.2245655
2018-06-22,0,600.3799931,0,0,0,0,0,0,600.3799931
2018-06-25,0,807.7628615,0,0,0,0,0,0,807.7628615
2018-06-26,0,612.5085742,0,0,0,0,0,0,612.5085742
2018-06-27,0,328.5056131,0,0,0,0,0,0,328.5056131
2018-06-28,0,601.0595019,0,0,0,0,0,0,601.0595019
2018-06-29,0,0,0,0,0,0,0,0,0
2018-07-02,272.5258972,0,0,0,0,0,0,0,272.5258972
2018-07-03,235.2729355,0,0,0,0,0,0,0,235.2729355
2018-07-04,232.2612793,0,0,0,0,0,0,0,232.2612793
2018-07-05,252.6696687,0,0,0,0,0,0,0,252.6696687
2018-07-06,251.9407298,0,0,0,0,0,0,0,251.9407298
2018-07-09,204.5317755,0,0,0,0,0,0,0,204.5317755
2018-07-10,251.4089918,0,0,0,0,0,0,0,251.4089918
2018-07-11,383.9309232,0,0,0,0,0,0,0,383.9309232
2018-07-12,321.0296658,0,0,0,0,0,0,0,321.0296658
2018-07-13,363.6777584,0,0,0,0,0,0,0,363.6777584
2018-07-16,303.7994274,0,0,0,0,0,0,0,303.7994274
2018-07-17,308.5485958,0,0,0,0,0,0,0,308.5485958
2018-07-18,508.9542807,0,0,0,0,0,0,0,508.9542807
2018-07-19,350.4169261,0,0,0,0,0,0,0,350.4169261
2018-07-20,659.9526846,0,0,0,0,0,0,0,659.9526846
2018-07-23,214.1502405,0,0,0,0,0,0,0,214.1502405
2018-07-24,357.3329917,0,0,0,0,0,0,0,357.3329917
2018-07-25,381.6805087,0,0,0,0,0,0,0,381.6805087
2018-07-26,-795.9539211,0,0,0,0,0,0,0,-795.9539211
2018-07-27,37.97476519,0,0,0,0,0,0,0,37.97476519
2018-07-30,151.3042853,0,0,0,0,0,0,0,151.3042853
2018-07-31,507.5654291,0,0,0,0,0,0,0,507.5654291
2018-08-01,185.4720271,0,0,0,0,0,0,0,185.4720271
2018-08-02,219.8435316,0,0,0,0,0,0,0,219.8435316
2018-08-03,176.8606058,0,0,0,0,0,0,0,176.8606058
2018-08-06,193.2459513,0,0,0,0,0,0,0,193.2459513
2018-08-07,198.6912338,0,0,0,0,0,0,0,198.6912338
2018-08-08,209.7650584,0,0,0,0,0,0,0,209.7650584
2018-08-09,183.1013957,0,0,0,0,0,0,0,183.1013957
2018-08-10,201.2340103,0,0,0,0,0,0,0,201.2340103
2018-08-13,167.2967534,0,0,0,0,0,0,0,167.2967534
2018-08-14,183.4803481,0,0,0,0,0,0,0,183.4803481
2018-08-15,110.9248841,0,0,0,0,0,0,0,110.9248841
2018-08-16,292.5073115,0,0,0,0,0,0,0,292.5073115
2018-08-17,271.5078176,0,0,0,0,0,0,0,271.5078176
2018-08-20,286.122028,0,0,0,0,0,0,0,286.122028
2018-08-21,390.2657609,0,0,0,0,0,0,0,390.2657609
2018-08-22,274.9282627,0,0,0,0,0,0,0,274.9282627
2018-08-23,476.5660486,0,0,0,0,0,0,0,476.5660486
2018-08-24,471.6779295,0,0,0,0,0,0,0,471.6779295
2018-08-27,812.1789271,0,0,0,0,0,0,0,812.1789271
2018-08-28,548.1293239,0,0,0,0,0,0,0,548.1293239
2018-08-29,751.5245674,0,0,0,0,0,0,0,751.5245674
2018-08-30,3186.141997,0,0,0,0,0,0,0,3186.141997
2018-08-31,0,0,0,0,0,0,0,0,0
2018-09-03,212.8696626,0,0,0,0,0,0,0,212.8696626
2018-09-04,277.9947245,0,0,0,0,0,0,0,277.9947245
2018-09-05,292.1912186,0,0,0,0,0,0,0,292.1912186
2018-09-06,299.9669234,0,0,0,0,0,0,0,299.9669234
2018-09-07,290.9411549,0,0,0,0,0,0,0,290.9411549
2018-09-10,336.1747986,0,0,0,0,0,0,0,336.1747986
2018-09-11,350.7785504,0,0,0,0,0,0,0,350.7785504
2018-09-12,162.5834328,0,0,0,0,0,0,0,162.5834328
2018-09-13,247.0843389,0,0,0,0,0,0,0,247.0843389
2018-09-14,154.3166761,0,0,0,0,0,0,0,154.3166761
2018-09-17,363.0306922,0,0,0,0,0,0,0,363.0306922
2018-09-18,394.2001005,0,0,0,0,0,0,0,394.2001005
2018-09-19,302.2164675,0,0,0,0,0,0,0,302.2164675
2018-09-20,251.2263129,0,0,0,0,0,0,0,251.2263129
2018-09-21,267.2321785,0,0,0,0,0,0,0,267.2321785
2018-09-24,624.113138,0,0,0,0,0,0,0,624.113138
2018-09-25,300.6070307,0,0,0,0,0,0,0,300.6070307
2018-09-26,-105.4685144,0,0,0,0,0,0,0,-105.4685144
2018-09-27,247.491078,0,0,0,0,0,0,0,247.491078
2018-09-28,514.2323714,0,0,0,0,0,0,0,514.2323714
2018-10-01,268.2214269,0,0,0,0,0,0,0,268.2214269
2018-10-02,280.0070053,0,0,0,0,0,0,0,280.0070053
2018-10-03,279.1756302,0,0,0,0,0,0,0,279.1756302
2018-10-04,330.5924048,0,0,0,0,0,0,0,330.5924048
2018-10-05,330.6265251,0,0,0,0,0,0,0,330.6265251
2018-10-08,519.1737801,0,0,0,0,0,0,0,519.1737801
2018-10-09,372.3547397,0,0,0,0,0,0,0,372.3547397
2018-10-10,304.7396066,0,0,0,0,0,0,0,304.7396066
2018-10-11,365.3448643,0,0,0,0,0,0,0,365.3448643
2018-10-12,199.7456878,0,0,0,0,0,0,0,199.7456878
2018-10-15,284.7612161,0,0,0,0,0,0,0,284.7612161
2018-10-16,219.3318934,0,0,0,0,0,0,0,219.3318934
2018-10-17,-6.83429506,0,0,0,0,0,0,0,-6.83429506
2018-10-18,214.955322,0,0,0,0,0,0,0,214.955322
2018-10-19,213.4498029,0,0,0,0,0,0,0,213.4498029
2018-10-22,114.1780438,0,0,0,0,0,0,0,114.1780438
2018-10-23,328.1438772,0,0,0,0,0,0,0,328.1438772
2018-10-24,135.6507786,0,0,0,0,0,0,0,135.6507786
2018-10-25,-131.6228977,0,0,0,0,0,0,0,-131.6228977
2018-10-26,59.68483798,0,0,0,0,0,0,0,59.68483798
2018-10-29,490.736862,0,0,0,0,0,0,0,490.736862
2018-10-30,-7070.644487,0,0,0,0,0,0,0,-7070.644487
2018-10-31,1318.206913,0,0,0,0,0,0,0,1318.206913
2018-11-01,0,0,0,0,0,138.6428003,0,0,138.6428003
2018-11-02,0,0,0,0,0,106.8441881,0,0,106.8441881
2018-11-05,0,0,0,0,0,132.3473459,0,0,132.3473459
2018-11-06,0,0,0,0,0,122.7134266,0,0,122.7134266
2018-11-07,0,0,0,0,0,93.24067709,0,0,93.24067709
2018-11-08,0,0,0,0,0,20.59672975,0,0,20.59672975
2018-11-09,0,0,0,0,0,55.18044765,0,0,55.18044765
2018-11-12,0,0,0,0,0,76.30723814,0,0,76.30723814
2018-11-13,0,0,0,0,0,86.34995238,0,0,86.34995238
2018-11-14,0,0,0,0,0,130.2519956,0,0,130.2519956
2018-11-15,0,0,0,0,0,149.7414035,0,0,149.7414035
2018-11-16,0,0,0,0,0,262.9992002,0,0,262.9992002
2018-11-19,0,0,0,0,0,315.5683732,0,0,315.5683732
2018-11-20,0,0,0,0,0,317.1429488,0,0,317.1429488
2018-11-21,0,0,0,0,0,258.3854081,0,0,258.3854081
2018-11-22,0,0,0,0,0,301.0273819,0,0,301.0273819
2018-11-23,0,0,0,0,0,335.9800505,0,0,335.9800505
2018-11-26,0,0,0,0,0,144.6793095,0,0,144.6793095
2018-11-27,0,0,0,0,0,-13.09169395,0,0,-13.09169395
2018-11-28,0,0,0,0,0,-21.75552499,0,0,-21.75552499
2018-11-29,0,0,0,0,0,-47.63634811,0,0,-47.63634811
2018-11-30,0,0,0,0,0,0,0,0,0
2018-12-03,161.2915003,0,0,0,0,0,0,0,161.2915003
2018-12-04,177.292271,0,0,0,0,0,0,0,177.292271
2018-12-05,201.846182,0,0,0,0,0,0,0,201.846182
2018-12-06,202.194732,0,0,0,0,0,0,0,202.194732
2018-12-07,229.4826001,0,0,0,0,0,0,0,229.4826001
2018-12-10,233.921102,0,0,0,0,0,0,0,233.921102
2018-12-11,220.4586639,0,0,0,0,0,0,0,220.4586639
2018-12-12,252.7706959,0,0,0,0,0,0,0,252.7706959
2018-12-13,284.5967465,0,0,0,0,0,0,0,284.5967465
2018-12-14,275.878767,0,0,0,0,0,0,0,275.878767
2018-12-17,305.9680726,0,0,0,0,0,0,0,305.9680726
2018-12-18,283.3269899,0,0,0,0,0,0,0,283.3269899
2018-12-19,286.2499539,0,0,0,0,0,0,0,286.2499539
2018-12-20,277.5185946,0,0,0,0,0,0,0,277.5185946
2018-12-21,308.6490042,0,0,0,0,0,0,0,308.6490042
2018-12-24,383.7158895,0,0,0,0,0,0,0,383.7158895
2018-12-25,523.0933194,0,0,0,0,0,0,0,523.0933194
2018-12-26,523.6717849,0,0,0,0,0,0,0,523.6717849
2018-12-27,312.8399556,0,0,0,0,0,0,0,312.8399556
2018-12-28,1042.608964,0,0,0,0,0,0,0,1042.608964
2018-12-31,2337.967202,0,0,0,0,0,0,0,2337.967202
2019-01-01,0,0,0,0,0,0,0,98.75292535,98.75292535
2019-01-02,0,0,0,0,0,0,0,117.665177,117.665177
2019-01-03,0,0,0,0,0,0,0,140.578975,140.578975
2019-01-04,0,0,0,0,0,0,0,124.682561,124.682561
2019-01-07,0,0,0,0,0,0,0,100.6141402,100.6141402
2019-01-08,0,0,0,0,0,0,0,94.1003882,94.1003882
2019-01-09,0,0,0,0,0,0,0,64.40897331,64.40897331
2019-01-10,0,0,0,0,0,0,0,66.96739344,66.96739344
2019-01-11,0,0,0,0,0,0,0,71.14915644,71.14915644
2019-01-14,0,0,0,0,0,0,0,72.36133695,72.36133695
2019-01-15,0,0,0,0,0,0,0,63.6651269,63.6651269
2019-01-16,0,0,0,0,0,0,0,55.28640645,55.28640645
2019-01-17,0,0,0,0,0,0,0,65.82296096,65.82296096
2019-01-18,0,0,0,0,0,0,0,39.84604844,39.84604844
2019-01-21,0,0,0,0,0,0,0,39.26079675,39.26079675
2019-01-22,0,0,0,0,0,0,0,87.76658516,87.76658516
2019-01-23,0,0,0,0,0,0,0,54.10441797,54.10441797
2019-01-24,0,0,0,0,0,0,0,74.97338154,74.97338154
2019-01-25,0,0,0,0,0,0,0,9.017360704,9.017360704
2019-01-28,0,0,0,0,0,0,0,3.425480355,3.425480355
2019-01-29,0,0,0,0,0,0,0,0.907774733,0.907774733
2019-01-30,0,0,0,0,0,0,0,2.54E-06,2.54E-06
2019-01-31,0,0,0,0,0,0,0,9.53E-17,9.53E-17
2019-02-01,0,0,0,0,-2527.580899,0,0,0,-2527.580899
2019-02-04,0,0,0,0,-2434.62943,0,0,0,-2434.62943
2019-02-05,0,0,0,0,-2340.290213,0,0,0,-2340.290213
2019-02-06,0,0,0,0,-2090.117533,0,0,0,-2090.117533
2019-02-07,0,0,0,0,-1911.161427,0,0,0,-1911.161427
2019-02-08,0,0,0,0,-1701.877151,0,0,0,-1701.877151
2019-02-11,0,0,0,0,-1080.752671,0,0,0,-1080.752671
2019-02-12,0,0,0,0,-1479.105332,0,0,0,-1479.105332
2019-02-13,0,0,0,0,-785.8705415,0,0,0,-785.8705415
2019-02-14,0,0,0,0,-1053.298373,0,0,0,-1053.298373
2019-02-15,0,0,0,0,-996.893711,0,0,0,-996.893711
2019-02-18,0,0,0,0,-842.2080078,0,0,0,-842.2080078
2019-02-19,0,0,0,0,-1041.49541,0,0,0,-1041.49541
2019-02-20,0,0,0,0,-925.8372527,0,0,0,-925.8372527
2019-02-21,0,0,0,0,-740.9618786,0,0,0,-740.9618786
2019-02-22,0,0,0,0,-541.7108712,0,0,0,-541.7108712
2019-02-25,0,0,0,0,-304.2674434,0,0,0,-304.2674434
2019-02-26,0,0,0,0,-452.6050299,0,0,0,-452.6050299
2019-02-27,0,0,0,0,-133.8111572,0,0,0,-133.8111572
2019-02-28,0,0,0,0,-36.79048224,0,0,0,-36.79048224
2019-03-01,0,0,0,0,-2541.182392,0,0,0,-2541.182392
2019-03-04,0,0,0,0,-2456.777787,0,0,0,-2456.777787
2019-03-05,0,0,0,0,-2360.018364,0,0,0,-2360.018364
2019-03-06,0,0,0,0,-2320.00597,0,0,0,-2320.00597
2019-03-07,0,0,0,0,-1596.515517,0,0,0,-1596.515517
2019-03-08,0,0,0,0,-1794.501423,0,0,0,-1794.501423
2019-03-11,0,0,0,0,-1706.343376,0,0,0,-1706.343376
2019-03-12,0,0,0,0,-1963.961481,0,0,0,-1963.961481
2019-03-13,0,0,0,0,-2085.399975,0,0,0,-2085.399975
2019-03-14,0,0,0,0,-1936.574365,0,0,0,-1936.574365
2019-03-15,0,0,0,0,-1985.856615,0,0,0,-1985.856615
2019-03-18,0,0,0,0,-1852.156391,0,0,0,-1852.156391
2019-03-19,0,0,0,0,-1826.181247,0,0,0,-1826.181247
2019-03-20,0,0,0,0,-1611.911092,0,0,0,-1611.911092
2019-03-21,0,0,0,0,-1702.564128,0,0,0,-1702.564128
2019-03-22,0,0,0,0,-1380.825392,0,0,0,-1380.825392
2019-03-25,0,0,0,0,-1143.679481,0,0,0,-1143.679481
2019-03-26,0,0,0,0,-604.8688675,0,0,0,-604.8688675
2019-03-27,0,0,0,0,-344.5376668,0,0,0,-344.5376668
2019-03-28,0,0,0,0,-107.431066,0,0,0,-107.431066
2019-03-29,0,0,0,0,-19.92510003,0,0,0,-19.92510003
2019-04-01,0,0,0,0,0,126.4765326,0,0,126.4765326
2019-04-02,0,0,0,0,0,122.9384919,0,0,122.9384919
2019-04-03,0,0,0,0,0,114.8381318,0,0,114.8381318
2019-04-04,0,0,0,0,0,102.3298021,0,0,102.3298021
2019-04-05,0,0,0,0,0,91.75178408,0,0,91.75178408
2019-04-08,0,0,0,0,0,135.6279948,0,0,135.6279948
2019-04-09,0,0,0,0,0,164.405676,0,0,164.405676
2019-04-10,0,0,0,0,0,173.5806459,0,0,173.5806459
2019-04-11,0,0,0,0,0,121.7802655,0,0,121.7802655
2019-04-12,0,0,0,0,0,79.3915096,0,0,79.3915096
2019-04-15,0,0,0,0,0,80.67078447,0,0,80.67078447
2019-04-16,0,0,0,0,0,81.56614769,0,0,81.56614769
2019-04-17,0,0,0,0,0,72.59567696,0,0,72.59567696
2019-04-18,0,0,0,0,0,95.15389205,0,0,95.15389205
2019-04-19,0,0,0,0,0,102.3029284,0,0,102.3029284
2019-04-22,0,0,0,0,0,121.5775831,0,0,121.5775831
2019-04-23,0,0,0,0,0,165.6240593,0,0,165.6240593
2019-04-24,0,0,0,0,0,121.5315347,0,0,121.5315347
2019-04-25,0,0,0,0,0,426.1006595,0,0,426.1006595
2019-04-26,0,0,0,0,0,440.8288408,0,0,440.8288408
2019-04-29,0,0,0,0,0,435.1129568,0,0,435.1129568
2019-04-30,0,0,0,0,0,925.2394561,0,0,925.2394561
2019-05-01,0,0,0,0,0,124.0156863,0,0,124.0156863
2019-05-02,0,0,0,0,0,107.6729725,0,0,107.6729725
2019-05-03,0,0,0,0,0,135.5017304,0,0,135.5017304
2019-05-06,0,0,0,0,0,184.1952288,0,0,184.1952288
2019-05-07,0,0,0,0,0,204.8109208,0,0,204.8109208
2019-05-08,0,0,0,0,0,215.3278395,0,0,215.3278395
2019-05-09,0,0,0,0,0,235.3393079,0,0,235.3393079
2019-05-10,0,0,0,0,0,198.0542485,0,0,198.0542485
2019-05-13,0,0,0,0,0,181.3213756,0,0,181.3213756
2019-05-14,0,0,0,0,0,161.7865521,0,0,161.7865521
2019-05-15,0,0,0,0,0,156.0684608,0,0,156.0684608
2019-05-16,0,0,0,0,0,165.2596643,0,0,165.2596643
2019-05-17,0,0,0,0,0,218.8898534,0,0,218.8898534
2019-05-20,0,0,0,0,0,181.0482598,0,0,181.0482598
2019-05-21,0,0,0,0,0,238.3258823,0,0,238.3258823
2019-05-22,0,0,0,0,0,199.1750214,0,0,199.1750214
2019-05-23,0,0,0,0,0,119.2751481,0,0,119.2751481
2019-05-24,0,0,0,0,0,56.0196371,0,0,56.0196371
2019-05-27,0,0,0,0,0,21.75784939,0,0,21.75784939
2019-05-28,0,0,0,0,0,4.823320553,0,0,4.823320553
2019-05-29,0,0,0,0,0,3.146371485,0,0,3.146371485
2019-05-30,0,0,0,0,0,0.00451944,0,0,0.00451944
2019-05-31,0,0,0,0,0,0,0,0,0
2019-06-03,207.6364978,0,0,0,0,0,0,0,207.6364978
2019-06-04,212.0957736,0,0,0,0,0,0,0,212.0957736
2019-06-05,193.8397288,0,0,0,0,0,0,0,193.8397288
2019-06-06,224.3222518,0,0,0,0,0,0,0,224.3222518
2019-06-07,300.2894025,0,0,0,0,0,0,0,300.2894025
2019-06-10,271.5431415,0,0,0,0,0,0,0,271.5431415
2019-06-11,307.6666731,0,0,0,0,0,0,0,307.6666731
2019-06-12,357.6617947,0,0,0,0,0,0,0,357.6617947
2019-06-13,332.9139835,0,0,0,0,0,0,0,332.9139835
2019-06-14,408.2059921,0,0,0,0,0,0,0,408.2059921
2019-06-17,470.2483368,0,0,0,0,0,0,0,470.2483368
2019-06-18,466.4509662,0,0,0,0,0,0,0,466.4509662
2019-06-19,422.7110031,0,0,0,0,0,0,0,422.7110031
2019-06-20,187.2325642,0,0,0,0,0,0,0,187.2325642
2019-06-21,300.213811,0,0,0,0,0,0,0,300.213811
2019-06-24,330.1393356,0,0,0,0,0,0,0,330.1393356
2019-06-25,384.3387955,0,0,0,0,0,0,0,384.3387955
2019-06-26,290.4154167,0,0,0,0,0,0,0,290.4154167
2019-06-27,350.3540043,0,0,0,0,0,0,0,350.3540043
2019-06-28,261.9798551,0,0,0,0,0,0,0,261.9798551
2019-07-01,102.5578253,0,0,0,0,0,0,0,102.5578253
2019-07-02,100.7502408,0,0,0,0,0,0,0,100.7502408
2019-07-03,121.6352533,0,0,0,0,0,0,0,121.6352533
2019-07-04,33.0616019,0,0,0,0,0,0,0,33.0616019
2019-07-05,-19.39936224,0,0,0,0,0,0,0,-19.39936224
2019-07-08,13.79674821,0,0,0,0,0,0,0,13.79674821
2019-07-09,-15.03033514,0,0,0,0,0,0,0,-15.03033514
2019-07-10,60.58141514,0,0,0,0,0,0,0,60.58141514
2019-07-11,48.03365252,0,0,0,0,0,0,0,48.03365252
2019-07-12,0.443948371,0,0,0,0,0,0,0,0.443948371
2019-07-15,-6.934868033,0,0,0,0,0,0,0,-6.934868033
2019-07-16,38.31731535,0,0,0,0,0,0,0,38.31731535
2019-07-17,38.99325549,0,0,0,0,0,0,0,38.99325549
2019-07-18,72.30692613,0,0,0,0,0,0,0,72.30692613
2019-07-19,93.06614839,0,0,0,0,0,0,0,93.06614839
2019-07-22,20.75813592,0,0,0,0,0,0,0,20.75813592
2019-07-23,-16.54963967,0,0,0,0,0,0,0,-16.54963967
2019-07-24,25.38071466,0,0,0,0,0,0,0,25.38071466
2019-07-25,2.13899561,0,0,0,0,0,0,0,2.13899561
2019-07-26,-64.95924844,0,0,0,0,0,0,0,-64.95924844
2019-07-29,-38.39720375,0,0,0,0,0,0,0,-38.39720375
2019-07-30,-107.1109242,0,0,0,0,0,0,0,-107.1109242
2019-07-31,1802.073518,0,0,0,0,0,0,0,1802.073518
2019-08-01,215.0206612,0,0,0,0,0,0,0,215.0206612
2019-08-02,592.061747,0,0,0,0,0,0,0,592.061747
2019-08-05,597.0479668,0,0,0,0,0,0,0,597.0479668
2019-08-06,357.815372,0,0,0,0,0,0,0,357.815372
2019-08-07,471.5126657,0,0,0,0,0,0,0,471.5126657
2019-08-08,395.1797099,0,0,0,0,0,0,0,395.1797099
2019-08-09,314.3777331,0,0,0,0,0,0,0,314.3777331
2019-08-12,590.8320877,0,0,0,0,0,0,0,590.8320877
2019-08-13,-81.94944562,0,0,0,0,0,0,0,-81.94944562
2019-08-14,179.5046636,0,0,0,0,0,0,0,179.5046636
2019-08-15,86.92696308,0,0,0,0,0,0,0,86.92696308
2019-08-16,0.596382078,0,0,0,0,0,0,0,0.596382078
2019-08-19,-315.8223873,0,0,0,0,0,0,0,-315.8223873
2019-08-20,-13.17602559,0,0,0,0,0,0,0,-13.17602559
2019-08-21,123.1170688,0,0,0,0,0,0,0,123.1170688
2019-08-22,400.4736572,0,0,0,0,0,0,0,400.4736572
2019-08-23,346.5693921,0,0,0,0,0,0,0,346.5693921
2019-08-26,2909.398689,0,0,0,0,0,0,0,2909.398689
2019-08-27,4160.872425,0,0,0,0,0,0,0,4160.872425
2019-08-28,5608.271009,0,0,0,0,0,0,0,5608.271009
2019-08-29,-19478.67002,0,0,0,0,0,0,0,-19478.67002
2019-08-30,0,0,0,0,0,0,0,0,0
2019-09-02,114.9465185,0,0,0,0,0,0,0,114.9465185
2019-09-03,21.71337738,0,0,0,0,0,0,0,21.71337738
2019-09-04,44.59330819,0,0,0,0,0,0,0,44.59330819
2019-09-05,39.38533404,0,0,0,0,0,0,0,39.38533404
2019-09-06,56.228029,0,0,0,0,0,0,0,56.228029
2019-09-09,45.19285692,0,0,0,0,0,0,0,45.19285692
2019-09-10,92.5930761,0,0,0,0,0,0,0,92.5930761
2019-09-11,71.63471491,0,0,0,0,0,0,0,71.63471491
2019-09-12,133.0286285,0,0,0,0,0,0,0,133.0286285
2019-09-13,66.18797002,0,0,0,0,0,0,0,66.18797002
2019-09-16,137.3271842,0,0,0,0,0,0,0,137.3271842
2019-09-17,207.2041973,0,0,0,0,0,0,0,207.2041973
2019-09-18,204.0585181,0,0,0,0,0,0,0,204.0585181
2019-09-19,219.8235319,0,0,0,0,0,0,0,219.8235319
2019-09-20,243.446933,0,0,0,0,0,0,0,243.446933
2019-09-23,366.8860212,0,0,0,0,0,0,0,366.8860212
2019-09-24,240.6878493,0,0,0,0,0,0,0,240.6878493
2019-09-25,456.6801018,0,0,0,0,0,0,0,456.6801018
2019-09-26,416.424473,0,0,0,0,0,0,0,416.424473
2019-09-27,1055.546275,0,0,0,0,0,0,0,1055.546275
2019-09-30,4175.02177,0,0,0,0,0,0,0,4175.02177
2019-10-01,351.1123566,0,0,0,0,0,0,0,351.1123566
2019-10-02,381.2918123,0,0,0,0,0,0,0,381.2918123
2019-10-03,333.0700214,0,0,0,0,0,0,0,333.0700214
2019-10-04,249.1449209,0,0,0,0,0,0,0,249.1449209
2019-10-07,350.9859293,0,0,0,0,0,0,0,350.9859293
2019-10-08,466.3735926,0,0,0,0,0,0,0,466.3735926
2019-10-09,408.6115748,0,0,0,0,0,0,0,408.6115748
2019-10-10,324.2062542,0,0,0,0,0,0,0,324.2062542
2019-10-11,209.9340529,0,0,0,0,0,0,0,209.9340529
2019-10-14,107.9452524,0,0,0,0,0,0,0,107.9452524
2019-10-15,124.4525946,0,0,0,0,0,0,0,124.4525946
2019-10-16,167.7515806,0,0,0,0,0,0,0,167.7515806
2019-10-17,103.4448713,0,0,0,0,0,0,0,103.4448713
2019-10-18,116.9134722,0,0,0,0,0,0,0,116.9134722
2019-10-21,72.93830693,0,0,0,0,0,0,0,72.93830693
2019-10-22,59.03011496,0,0,0,0,0,0,0,59.03011496
2019-10-23,22.90762229,0,0,0,0,0,0,0,22.90762229
2019-10-24,26.52991669,0,0,0,0,0,0,0,26.52991669
2019-10-25,4.583251749,0,0,0,0,0,0,0,4.583251749
2019-10-28,4.570622681,0,0,0,0,0,0,0,4.570622681
2019-10-29,0.573263421,0,0,0,0,0,0,0,0.573263421
2019-10-30,7.78E-05,0,0,0,0,0,0,0,7.78E-05
2019-10-31,8.13E-09,0,0,0,0,0,0,0,8.13E-09
2019-11-01,202.8277174,0,0,0,0,0,0,0,202.8277174
2019-11-04,198.2465052,0,0,0,0,0,0,0,198.2465052
2019-11-05,188.9328589,0,0,0,0,0,0,0,188.9328589
2019-11-06,236.5733546,0,0,0,0,0,0,0,236.5733546
2019-11-07,197.5953643,0,0,0,0,0,0,0,197.5953643
2019-11-08,242.9918245,0,0,0,0,0,0,0,242.9918245
2019-11-11,323.5235489,0,0,0,0,0,0,0,323.5235489
2019-11-12,398.8645259,0,0,0,0,0,0,0,398.8645259
2019-11-13,458.3549879,0,0,0,0,0,0,0,458.3549879
2019-11-14,455.2114646,0,0,0,0,0,0,0,455.2114646
2019-11-15,342.3824803,0,0,0,0,0,0,0,342.3824803
2019-11-18,603.8083421,0,0,0,0,0,0,0,603.8083421
2019-11-19,565.8858371,0,0,0,0,0,0,0,565.8858371
2019-11-20,777.761121,0,0,0,0,0,0,0,777.761121
2019-11-21,559.9233951,0,0,0,0,0,0,0,559.9233951
2019-11-22,499.5764728,0,0,0,0,0,0,0,499.5764728
2019-11-25,626.310609,0,0,0,0,0,0,0,626.310609
2019-11-26,305.280535,0,0,0,0,0,0,0,305.280535
2019-11-27,665.4810971,0,0,0,0,0,0,0,665.4810971
2019-11-28,701.6745511,0,0,0,0,0,0,0,701.6745511
2019-11-29,0,0,0,0,0,0,0,0,0
2019-12-02,0,0,0,0,0,148.2775699,0,0,148.2775699
2019-12-03,0,0,0,0,0,179.5353285,0,0,179.5353285
2019-12-04,0,0,0,0,0,174.3147511,0,0,174.3147511
2019-12-05,0,0,0,0,0,168.3018225,0,0,168.3018225
2019-12-06,0,0,0,0,0,180.8712753,0,0,180.8712753
2019-12-09,0,0,0,0,0,210.6952781,0,0,210.6952781
2019-12-10,0,0,0,0,0,227.7455386,0,0,227.7455386
2019-12-11,0,0,0,0,0,217.2733228,0,0,217.2733228
2019-12-12,0,0,0,0,0,202.9375358,0,0,202.9375358
2019-12-13,0,0,0,0,0,187.2898264,0,0,187.2898264
2019-12-16,0,0,0,0,0,150.7399983,0,0,150.7399983
2019-12-17,0,0,0,0,0,152.9309674,0,0,152.9309674
2019-12-18,0,0,0,0,0,111.9874416,0,0,111.9874416
2019-12-19,0,0,0,0,0,130.5840101,0,0,130.5840101
2019-12-20,0,0,0,0,0,89.80664393,0,0,89.80664393
2019-12-23,0,0,0,0,0,79.24900484,0,0,79.24900484
2019-12-24,0,0,0,0,0,78.92357099,0,0,78.92357099
2019-12-25,0,0,0,0,0,91.54903957,0,0,91.54903957
2019-12-26,0,0,0,0,0,26.11153517,0,0,26.11153517
2019-12-27,0,0,0,0,0,110.0006822,0,0,110.0006822
2019-12-30,0,0,0,0,0,662.628562,0,0,662.628562
2019-12-31,0,0,0,0,0,1067.851386,0,0,1067.851386
2020-01-01,0,0,0,0,-2837.147519,0,0,0,-2837.147519
2020-01-02,0,0,0,0,-2771.570049,0,0,0,-2771.570049
2020-01-03,0,0,0,0,-2695.842283,0,0,0,-2695.842283
2020-01-06,0,0,0,0,-2649.713958,0,0,0,-2649.713958
2020-01-07,0,0,0,0,-2451.772939,0,0,0,-2451.772939
2020-01-08,0,0,0,0,-1938.094774,0,0,0,-1938.094774
2020-01-09,0,0,0,0,-1807.284986,0,0,0,-1807.284986
2020-01-10,0,0,0,0,-1924.938935,0,0,0,-1924.938935
2020-01-13,0,0,0,0,-1874.580674,0,0,0,-1874.580674
2020-01-14,0,0,0,0,-1685.286,0,0,0,-1685.286
2020-01-15,0,0,0,0,-1862.659381,0,0,0,-1862.659381
2020-01-16,0,0,0,0,-1652.062968,0,0,0,-1652.062968
2020-01-17,0,0,0,0,-1000.070539,0,0,0,-1000.070539
2020-01-20,0,0,0,0,-743.6875301,0,0,0,-743.6875301
2020-01-21,0,0,0,0,-515.9124681,0,0,0,-515.9124681
2020-01-22,0,0,0,0,-511.0966391,0,0,0,-511.0966391
2020-01-23,0,0,0,0,-234.5067528,0,0,0,-234.5067528
2020-01-24,0,0,0,0,-68.72379741,0,0,0,-68.72379741
2020-01-27,0,0,0,0,-3.49644477,0,0,0,-3.49644477
2020-01-28,0,0,0,0,-0.378184994,0,0,0,-0.378184994
2020-01-29,0,0,0,0,-2.70E-05,0,0,0,-2.70E-05
2020-01-30,0,0,0,0,-6.32E-09,0,0,0,-6.32E-09
2020-01-31,0,0,0,0,0,0,0,0,0
2020-02-03,0,212.6246542,0,0,0,0,0,0,212.6246542
2020-02-04,0,221.3288066,0,0,0,0,0,0,221.3288066
2020-02-05,0,233.948534,0,0,0,0,0,0,233.948534
2020-02-06,0,208.2231095,0,0,0,0,0,0,208.2231095
2020-02-07,0,169.0860297,0,0,0,0,0,0,169.0860297
2020-02-10,0,162.3079154,0,0,0,0,0,0,162.3079154
2020-02-11,0,141.6097504,0,0,0,0,0,0,141.6097504
2020-02-12,0,71.35732007,0,0,0,0,0,0,71.35732007
2020-02-13,0,57.44626669,0,0,0,0,0,0,57.44626669
2020-02-14,0,241.788777,0,0,0,0,0,0,241.788777
2020-02-17,0,117.2911424,0,0,0,0,0,0,117.2911424
2020-02-18,0,-41.95214414,0,0,0,0,0,0,-41.95214414
2020-02-19,0,-102.7217784,0,0,0,0,0,0,-102.7217784
2020-02-20,0,-103.4583347,0,0,0,0,0,0,-103.4583347
2020-02-21,0,-95.15460742,0,0,0,0,0,0,-95.15460742
2020-02-24,0,-53.02518326,0,0,0,0,0,0,-53.02518326
2020-02-25,0,-12.97430552,0,0,0,0,0,0,-12.97430552
2020-02-26,0,8.043111313,0,0,0,0,0,0,8.043111313
2020-02-27,0,246.9979259,0,0,0,0,0,0,246.9979259
2020-02-28,0,0,0,0,0,0,0,0,0
2020-03-02,0,193.027344,0,0,0,0,0,0,193.027344
2020-03-03,0,191.3383145,0,0,0,0,0,0,191.3383145
2020-03-04,0,145.5621523,0,0,0,0,0,0,145.5621523
2020-03-05,0,135.6530448,0,0,0,0,0,0,135.6530448
2020-03-06,0,158.5252617,0,0,0,0,0,0,158.5252617
2020-03-09,0,203.0429521,0,0,0,0,0,0,203.0429521
2020-03-10,0,234.6121605,0,0,0,0,0,0,234.6121605
2020-03-11,0,76.29137685,0,0,0,0,0,0,76.29137685
2020-03-12,0,363.8963368,0,0,0,0,0,0,363.8963368
2020-03-13,0,366.9619199,0,0,0,0,0,0,366.9619199
2020-03-16,0,200.9151643,0,0,0,0,0,0,200.9151643
2020-03-17,0,212.5220241,0,0,0,0,0,0,212.5220241
2020-03-18,0,198.4876908,0,0,0,0,0,0,198.4876908
2020-03-19,0,173.7753423,0,0,0,0,0,0,173.7753423
2020-03-20,0,128.5587537,0,0,0,0,0,0,128.5587537
2020-03-23,0,92.30493433,0,0,0,0,0,0,92.30493433
2020-03-24,0,70.55350364,0,0,0,0,0,0,70.55350364
2020-03-25,0,86.27249369,0,0,0,0,0,0,86.27249369
2020-03-26,0,71.02265664,0,0,0,0,0,0,71.02265664
2020-03-27,0,97.02476825,0,0,0,0,0,0,97.02476825
2020-03-30,0,226.2960897,0,0,0,0,0,0,226.2960897
2020-03-31,0,445.4940121,0,0,0,0,0,0,445.4940121
2020-04-01,0,224.0175357,0,0,0,0,0,0,224.0175357
2020-04-02,0,214.5705719,0,0,0,0,0,0,214.5705719
2020-04-03,0,187.4630246,0,0,0,0,0,0,187.4630246
2020-04-06,0,231.2206625,0,0,0,0,0,0,231.2206625
2020-04-07,0,232.6208939,0,0,0,0,0,0,232.6208939
2020-04-08,0,229.265275,0,0,0,0,0,0,229.265275
2020-04-09,0,224.5979495,0,0,0,0,0,0,224.5979495
2020-04-10,0,223.7386859,0,0,0,0,0,0,223.7386859
2020-04-13,0,253.6814389,0,0,0,0,0,0,253.6814389
2020-04-14,0,255.6530424,0,0,0,0,0,0,255.6530424
2020-04-15,0,266.2549757,0,0,0,0,0,0,266.2549757
2020-04-16,0,275.7080948,0,0,0,0,0,0,275.7080948
2020-04-17,0,288.966457,0,0,0,0,0,0,288.966457
2020-04-20,0,285.929516,0,0,0,0,0,0,285.929516
2020-04-21,0,322.2658763,0,0,0,0,0,0,322.2658763
2020-04-22,0,167.2012171,0,0,0,0,0,0,167.2012171
2020-04-23,0,113.8622846,0,0,0,0,0,0,113.8622846
2020-04-24,0,120.3695283,0,0,0,0,0,0,120.3695283
2020-04-27,0,109.1848023,0,0,0,0,0,0,109.1848023
2020-04-28,0,208.0498715,0,0,0,0,0,0,208.0498715
2020-04-29,0,668.0868833,0,0,0,0,0,0,668.0868833
2020-04-30,0,267.5874226,0,0,0,0,0,0,267.5874226
2020-05-01,0,0,0,0,-1885.046855,0,0,0,-1885.046855
2020-05-04,0,0,0,0,-1745.271617,0,0,0,-1745.271617
2020-05-05,0,0,0,0,-1486.192095,0,0,0,-1486.192095
2020-05-06,0,0,0,0,-1246.619737,0,0,0,-1246.619737
2020-05-07,0,0,0,0,-1387.757048,0,0,0,-1387.757048
2020-05-08,0,0,0,0,-1352.738907,0,0,0,-1352.738907
2020-05-11,0,0,0,0,-1082.381131,0,0,0,-1082.381131
2020-05-12,0,0,0,0,-1227.810515,0,0,0,-1227.810515
2020-05-13,0,0,0,0,-1046.013299,0,0,0,-1046.013299
2020-05-14,0,0,0,0,-905.4591136,0,0,0,-905.4591136
2020-05-15,0,0,0,0,-921.626531,0,0,0,-921.626531
2020-05-18,0,0,0,0,-1203.468553,0,0,0,-1203.468553
2020-05-19,0,0,0,0,-1183.993318,0,0,0,-1183.993318
2020-05-20,0,0,0,0,-1172.705251,0,0,0,-1172.705251
2020-05-21,0,0,0,0,-1127.044048,0,0,0,-1127.044048
2020-05-22,0,0,0,0,-936.4016774,0,0,0,-936.4016774
2020-05-25,0,0,0,0,-713.3201851,0,0,0,-713.3201851
2020-05-26,0,0,0,0,-816.696475,0,0,0,-816.696475
2020-05-27,0,0,0,0,-668.2851045,0,0,0,-668.2851045
2020-05-28,0,0,0,0,-297.207288,0,0,0,-297.207288
2020-05-29,0,0,0,0,-98.81403655,0,0,0,-98.81403655
2020-06-01,295.7653828,0,0,0,0,0,0,0,295.7653828
2020-06-02,256.677703,0,0,0,0,0,0,0,256.677703
2020-06-03,272.3232324,0,0,0,0,0,0,0,272.3232324
2020-06-04,276.1356757,0,0,0,0,0,0,0,276.1356757
2020-06-05,177.7616758,0,0,0,0,0,0,0,177.7616758
2020-06-08,175.9034144,0,0,0,0,0,0,0,175.9034144
2020-06-09,232.6927186,0,0,0,0,0,0,0,232.6927186
2020-06-10,178.3551817,0,0,0,0,0,0,0,178.3551817
2020-06-11,207.819226,0,0,0,0,0,0,0,207.819226
2020-06-12,227.000561,0,0,0,0,0,0,0,227.000561
2020-06-15,226.061024,0,0,0,0,0,0,0,226.061024
2020-06-16,258.4793392,0,0,0,0,0,0,0,258.4793392
2020-06-17,241.9022189,0,0,0,0,0,0,0,241.9022189
2020-06-18,201.7305062,0,0,0,0,0,0,0,201.7305062
2020-06-19,194.853217,0,0,0,0,0,0,0,194.853217
2020-06-22,144.1501722,0,0,0,0,0,0,0,144.1501722
2020-06-23,129.5522239,0,0,0,0,0,0,0,129.5522239
2020-06-24,175.8092774,0,0,0,0,0,0,0,175.8092774
2020-06-25,186.3782248,0,0,0,0,0,0,0,186.3782248
2020-06-26,154.0178365,0,0,0,0,0,0,0,154.0178365
2020-06-29,63.62230774,0,0,0,0,0,0,0,63.62230774
2020-06-30,0.545653869,0,0,0,0,0,0,0,0.545653869
2020-07-01,0,0,0,0,-2013.276511,0,0,0,-2013.276511
2020-07-02,0,0,0,0,-1983.828091,0,0,0,-1983.828091
2020-07-03,0,0,0,0,-1943.972479,0,0,0,-1943.972479
2020-07-06,0,0,0,0,-1709.410416,0,0,0,-1709.410416
2020-07-07,0,0,0,0,-1763.14816,0,0,0,-1763.14816
2020-07-08,0,0,0,0,-1536.194461,0,0,0,-1536.194461
2020-07-09,0,0,0,0,-1665.35669,0,0,0,-1665.35669
2020-07-10,0,0,0,0,-1573.085518,0,0,0,-1573.085518
2020-07-13,0,0,0,0,-1304.450471,0,0,0,-1304.450471
2020-07-14,0,0,0,0,-1022.401505,0,0,0,-1022.401505
2020-07-15,0,0,0,0,-920.9973996,0,0,0,-920.9973996
2020-07-16,0,0,0,0,-926.6088254,0,0,0,-926.6088254
2020-07-17,0,0,0,0,-748.0921519,0,0,0,-748.0921519
2020-07-20,0,0,0,0,-297.4154937,0,0,0,-297.4154937
2020-07-21,0,0,0,0,-100.6165471,0,0,0,-100.6165471
2020-07-22,0,0,0,0,-37.87931973,0,0,0,-37.87931973
2020-07-23,0,0,0,0,-19.26086556,0,0,0,-19.26086556
2020-07-24,0,0,0,0,-2.670481848,0,0,0,-2.670481848
2020-07-27,0,0,0,0,-0.032947425,0,0,0,-0.032947425
2020-07-28,0,0,0,0,-0.000365795,0,0,0,-0.000365795
2020-07-29,0,0,0,0,-4.25E-10,0,0,0,-4.25E-10
2020-07-30,0,0,0,0,-4.05E-26,0,0,0,-4.05E-26
2020-07-31,0,0,0,0,0,0,0,0,0
2020-08-03,0,0,0,0,-1871.98382,0,0,0,-1871.98382
2020-08-04,0,0,0,0,-1729.449843,0,0,0,-1729.449843
2020-08-05,0,0,0,0,-1584.227761,0,0,0,-1584.227761
2020-08-06,0,0,0,0,-1485.701064,0,0,0,-1485.701064
2020-08-07,0,0,0,0,-1650.621369,0,0,0,-1650.621369
2020-08-10,0,0,0,0,-1582.91954,0,0,0,-1582.91954
2020-08-11,0,0,0,0,-1546.336608,0,0,0,-1546.336608
2020-08-12,0,0,0,0,-1474.957026,0,0,0,-1474.957026
2020-08-13,0,0,0,0,-1381.827398,0,0,0,-1381.827398
2020-08-14,0,0,0,0,-1247.810158,0,0,0,-1247.810158
2020-08-17,0,0,0,0,-993.1462266,0,0,0,-993.1462266
2020-08-18,0,0,0,0,-744.2874848,0,0,0,-744.2874848
2020-08-19,0,0,0,0,-1035.283442,0,0,0,-1035.283442
2020-08-20,0,0,0,0,-894.9827527,0,0,0,-894.9827527
2020-08-21,0,0,0,0,-1054.627538,0,0,0,-1054.627538
2020-08-24,0,0,0,0,-898.3355835,0,0,0,-898.3355835
2020-08-25,0,0,0,0,-672.9388413,0,0,0,-672.9388413
2020-08-26,0,0,0,0,-608.782534,0,0,0,-608.782534
2020-08-27,0,0,0,0,-537.8213507,0,0,0,-537.8213507
2020-08-28,0,0,0,0,-177.2532237,0,0,0,-177.2532237
2020-08-31,0,0,0,0,-0.106138115,0,0,0,-0.106138115
2020-09-01,0,0,0,0,-1984.039728,0,0,0,-1984.039728
2020-09-02,0,0,0,0,-1936.983221,0,0,0,-1936.983221
2020-09-03,0,0,0,0,-1900.120736,0,0,0,-1900.120736
2020-09-04,0,0,0,0,-1843.169173,0,0,0,-1843.169173
2020-09-07,0,0,0,0,-1695.535902,0,0,0,-1695.535902
2020-09-08,0,0,0,0,-1556.535759,0,0,0,-1556.535759
2020-09-09,0,0,0,0,-1588.063459,0,0,0,-1588.063459
2020-09-10,0,0,0,0,-1576.140139,0,0,0,-1576.140139
2020-09-11,0,0,0,0,-1590.530883,0,0,0,-1590.530883
2020-09-14,0,0,0,0,-1489.962021,0,0,0,-1489.962021
2020-09-15,0,0,0,0,-1419.187919,0,0,0,-1419.187919
2020-09-16,0,0,0,0,-1277.961599,0,0,0,-1277.961599
2020-09-17,0,0,0,0,-1318.627893,0,0,0,-1318.627893
2020-09-18,0,0,0,0,-1241.612054,0,0,0,-1241.612054
2020-09-21,0,0,0,0,-804.0377628,0,0,0,-804.0377628
2020-09-22,0,0,0,0,-414.5377985,0,0,0,-414.5377985
2020-09-23,0,0,0,0,-192.0728455,0,0,0,-192.0728455
2020-09-24,0,0,0,0,-171.6751878,0,0,0,-171.6751878
2020-09-25,0,0,0,0,-44.12382272,0,0,0,-44.12382272
2020-09-28,0,0,0,0,-5.850479401,0,0,0,-5.850479401
2020-09-29,0,0,0,0,-38.73346021,0,0,0,-38.73346021
2020-09-30,0,0,0,0,-0.19449484,0,0,0,-0.19449484
2020-10-01,0,0,0,0,-2256.228143,0,0,0,-2256.228143
2020-10-02,0,0,0,0,-2220.055168,0,0,0,-2220.055168
2020-10-05,0,0,0,0,-2044.493439,0,0,0,-2044.493439
2020-10-06,0,0,0,0,-2060.542782,0,0,0,-2060.542782
2020-10-07,0,0,0,0,-1992.329249,0,0,0,-1992.329249
2020-10-08,0,0,0,0,-1950.194356,0,0,0,-1950.194356
2020-10-09,0,0,0,0,-1675.943773,0,0,0,-1675.943773
2020-10-12,0,0,0,0,-1562.178625,0,0,0,-1562.178625
2020-10-13,0,0,0,0,-1727.079169,0,0,0,-1727.079169
2020-10-14,0,0,0,0,-1674.401578,0,0,0,-1674.401578
2020-10-15,0,0,0,0,-1616.392587,0,0,0,-1616.392587
2020-10-16,0,0,0,0,-1573.171709,0,0,0,-1573.171709
2020-10-19,0,0,0,0,-1328.607395,0,0,0,-1328.607395
2020-10-20,0,0,0,0,-1002.258564,0,0,0,-1002.258564
2020-10-21,0,0,0,0,-747.5798272,0,0,0,-747.5798272
2020-10-22,0,0,0,0,-911.2324601,0,0,0,-911.2324601
2020-10-23,0,0,0,0,-510.2734195,0,0,0,-510.2734195
2020-10-26,0,0,0,0,-503.1137401,0,0,0,-503.1137401
2020-10-27,0,0,0,0,-473.5301031,0,0,0,-473.5301031
2020-10-28,0,0,0,0,-588.7164676,0,0,0,-588.7164676
2020-10-29,0,0,0,0,-299.0706427,0,0,0,-299.0706427
2020-10-30,0,0,0,0,0,0,0,0,0
2020-11-02,0,0,0,250.6520083,0,0,0,0,250.6520083
2020-11-03,0,0,0,262.6263156,0,0,0,0,262.6263156
2020-11-04,0,0,0,226.9665719,0,0,0,0,226.9665719
2020-11-05,0,0,0,179.5940047,0,0,0,0,179.5940047
2020-11-06,0,0,0,188.618125,0,0,0,0,188.618125
2020-11-09,0,0,0,153.9928406,0,0,0,0,153.9928406
2020-11-10,0,0,0,172.4693359,0,0,0,0,172.4693359
2020-11-11,0,0,0,197.1743426,0,0,0,0,197.1743426
2020-11-12,0,0,0,202.0837407,0,0,0,0,202.0837407
2020-11-13,0,0,0,182.6917217,0,0,0,0,182.6917217
2020-11-16,0,0,0,122.362475,0,0,0,0,122.362475
2020-11-17,0,0,0,116.283577,0,0,0,0,116.283577
2020-11-18,0,0,0,100.5236874,0,0,0,0,100.5236874
2020-11-19,0,0,0,91.24727024,0,0,0,0,91.24727024
2020-11-20,0,0,0,82.59131409,0,0,0,0,82.59131409
2020-11-23,0,0,0,44.40921963,0,0,0,0,44.40921963
2020-11-24,0,0,0,10.39876131,0,0,0,0,10.39876131
2020-11-25,0,0,0,4.844607169,0,0,0,0,4.844607169
2020-11-26,0,0,0,3.162714108,0,0,0,0,3.162714108
2020-11-27,0,0,0,2.482671822,0,0,0,0,2.482671822
2020-11-30,0,0,0,5.15E-05,0,0,0,0,5.15E-05
2020-12-01,0,0,0,0,-2368.162252,0,0,0,-2368.162252
2020-12-02,0,0,0,0,-2254.682881,0,0,0,-2254.682881
2020-12-03,0,0,0,0,-2120.149137,0,0,0,-2120.149137
2020-12-04,0,0,0,0,-2167.145533,0,0,0,-2167.145533
2020-12-07,0,0,0,0,-2077.742331,0,0,0,-2077.742331
2020-12-08,0,0,0,0,-2033.167436,0,0,0,-2033.167436
2020-12-09,0,0,0,0,-2034.329695,0,0,0,-2034.329695
2020-12-10,0,0,0,0,-1861.740007,0,0,0,-1861.740007
2020-12-11,0,0,0,0,-1898.235603,0,0,0,-1898.235603
2020-12-14,0,0,0,0,-1644.548208,0,0,0,-1644.548208
2020-12-15,0,0,0,0,-1552.646531,0,0,0,-1552.646531
2020-12-16,0,0,0,0,-1226.061486,0,0,0,-1226.061486
2020-12-17,0,0,0,0,-801.7954631,0,0,0,-801.7954631
2020-12-18,0,0,0,0,-693.3663149,0,0,0,-693.3663149
2020-12-21,0,0,0,0,-639.2175007,0,0,0,-639.2175007
2020-12-22,0,0,0,0,-970.9658141,0,0,0,-970.9658141
2020-12-23,0,0,0,0,-716.7738227,0,0,0,-716.7738227
2020-12-24,0,0,0,0,-577.7270722,0,0,0,-577.7270722
2020-12-25,0,0,0,0,-487.7794821,0,0,0,-487.7794821
2020-12-28,0,0,0,0,-99.74288132,0,0,0,-99.74288132
2020-12-29,0,0,0,0,-16.77756739,0,0,0,-16.77756739
2020-12-30,0,0,0,0,-1.85513947,0,0,0,-1.85513947
2020-12-31,0,0,0,0,-1.754039934,0,0,0,-1.754039934
2021-01-01,0,0,0,0,-2351.647055,0,0,0,-2351.647055
2021-01-04,0,0,0,0,-2187.594557,0,0,0,-2187.594557
2021-01-05,0,0,0,0,-1990.82429,0,0,0,-1990.82429
2021-01-06,0,0,0,0,-1806.55598,0,0,0,-1806.55598
2021-01-07,0,0,0,0,-1980.934321,0,0,0,-1980.934321
2021-01-08,0,0,0,0,-2063.392126,0,0,0,-2063.392126
2021-01-11,0,0,0,0,-1899.330387,0,0,0,-1899.330387
2021-01-12,0,0,0,0,-1893.274479,0,0,0,-1893.274479
2021-01-13,0,0,0,0,-1809.633357,0,0,0,-1809.633357
2021-01-14,0,0,0,0,-1755.583175,0,0,0,-1755.583175
2021-01-15,0,0,0,0,-1400.648148,0,0,0,-1400.648148
2021-01-18,0,0,0,0,-1173.659528,0,0,0,-1173.659528
2021-01-19,0,0,0,0,-1375.39377,0,0,0,-1375.39377
2021-01-20,0,0,0,0,-1173.019346,0,0,0,-1173.019346
2021-01-21,0,0,0,0,-1373.099736,0,0,0,-1373.099736
2021-01-22,0,0,0,0,-1320.411979,0,0,0,-1320.411979
2021-01-25,0,0,0,0,-970.7779716,0,0,0,-970.7779716
2021-01-26,0,0,0,0,-969.0746554,0,0,0,-969.0746554
2021-01-27,0,0,0,0,-608.6821106,0,0,0,-608.6821106
2021-01-28,0,0,0,0,-534.1048216,0,0,0,-534.1048216
2021-01-29,0,0,0,0,-494.5297331,0,0,0,-494.5297331
2021-02-01,0,0,0,0,-2595.221563,0,0,0,-2595.221563
2021-02-02,0,0,0,0,-2557.122487,0,0,0,-2557.122487
2021-02-03,0,0,0,0,-2510.371587,0,0,0,-2510.371587
2021-02-04,0,0,0,0,-2263.788074,0,0,0,-2263.788074
2021-02-05,0,0,0,0,-2415.69688,0,0,0,-2415.69688
2021-02-08,0,0,0,0,-2256.992259,0,0,0,-2256.992259
2021-02-09,0,0,0,0,-1971.020239,0,0,0,-1971.020239
2021-02-10,0,0,0,0,-1896.096499,0,0,0,-1896.096499
2021-02-11,0,0,0,0,-1750.820293,0,0,0,-1750.820293
2021-02-12,0,0,0,0,-1735.609888,0,0,0,-1735.609888
2021-02-15,0,0,0,0,-1435.474355,0,0,0,-1435.474355
2021-02-16,0,0,0,0,-1557.392729,0,0,0,-1557.392729
2021-02-17,0,0,0,0,-1709.033796,0,0,0,-1709.033796
2021-02-18,0,0,0,0,-1493.224412,0,0,0,-1493.224412
2021-02-19,0,0,0,0,-1209.963538,0,0,0,-1209.963538
2021-02-22,0,0,0,0,-666.8335998,0,0,0,-666.8335998
2021-02-23,0,0,0,0,-622.8864099,0,0,0,-622.8864099
2021-02-24,0,0,0,0,-361.6186459,0,0,0,-361.6186459
2021-02-25,0,0,0,0,-388.7149437,0,0,0,-388.7149437
2021-02-26,0,0,0,0,-795.9057986,0,0,0,-795.9057986
2021-03-01,0,0,0,0,0,219.4412325,0,0,219.4412325
2021-03-02,0,0,0,0,0,209.9863256,0,0,209.9863256
2021-03-03,0,0,0,0,0,211.4948488,0,0,211.4948488
2021-03-04,0,0,0,0,0,178.627936,0,0,178.627936
2021-03-05,0,0,0,0,0,157.6248421,0,0,157.6248421
2021-03-08,0,0,0,0,0,129.5290882,0,0,129.5290882
2021-03-09,0,0,0,0,0,165.3189814,0,0,165.3189814
2021-03-10,0,0,0,0,0,162.7063346,0,0,162.7063346
2021-03-11,0,0,0,0,0,151.988773,0,0,151.988773
2021-03-12,0,0,0,0,0,136.4980529,0,0,136.4980529
2021-03-15,0,0,0,0,0,136.824164,0,0,136.824164
2021-03-16,0,0,0,0,0,131.8553665,0,0,131.8553665
2021-03-17,0,0,0,0,0,82.89665524,0,0,82.89665524
2021-03-18,0,0,0,0,0,87.86530615,0,0,87.86530615
2021-03-19,0,0,0,0,0,65.99891756,0,0,65.99891756
2021-03-22,0,0,0,0,0,34.55388701,0,0,34.55388701
2021-03-23,0,0,0,0,0,71.57584686,0,0,71.57584686
2021-03-24,0,0,0,0,0,43.53638478,0,0,43.53638478
2021-03-25,0,0,0,0,0,8.3460039,0,0,8.3460039
2021-03-26,0,0,0,0,0,-1.793042283,0,0,-1.793042283
2021-03-29,0,0,0,0,0,-2.641859694,0,0,-2.641859694
2021-03-30,0,0,0,0,0,-3.576247437,0,0,-3.576247437
2021-03-31,0,0,0,0,0,-4.789257895,0,0,-4.789257895
2021-04-01,0,0,0,0,0,237.2684373,0,0,237.2684373
2021-04-02,0,0,0,0,0,228.0308349,0,0,228.0308349
2021-04-05,0,0,0,0,0,246.5065772,0,0,246.5065772
2021-04-06,0,0,0,0,0,246.4337646,0,0,246.4337646
2021-04-07,0,0,0,0,0,254.188129,0,0,254.188129
2021-04-08,0,0,0,0,0,206.3150118,0,0,206.3150118
2021-04-09,0,0,0,0,0,225.3366611,0,0,225.3366611
2021-04-12,0,0,0,0,0,202.2814851,0,0,202.2814851
2021-04-13,0,0,0,0,0,171.7329969,0,0,171.7329969
2021-04-14,0,0,0,0,0,141.7088058,0,0,141.7088058
2021-04-15,0,0,0,0,0,115.4693918,0,0,115.4693918
2021-04-16,0,0,0,0,0,102.1704159,0,0,102.1704159
2021-04-19,0,0,0,0,0,47.88820456,0,0,47.88820456
2021-04-20,0,0,0,0,0,41.22587183,0,0,41.22587183
2021-04-21,0,0,0,0,0,30.25137234,0,0,30.25137234
2021-04-22,0,0,0,0,0,21.64483949,0,0,21.64483949
2021-04-23,0,0,0,0,0,10.12443429,0,0,10.12443429
2021-04-26,0,0,0,0,0,1.267223674,0,0,1.267223674
2021-04-27,0,0,0,0,0,12.22739066,0,0,12.22739066
2021-04-28,0,0,0,0,0,1.087423348,0,0,1.087423348
2021-04-29,0,0,0,0,0,0.14338699,0,0,0.14338699
2021-04-30,0,0,0,0,0,0,0,0,0
2021-05-03,0,0,0,0,0,227.0344025,0,0,227.0344025
2021-05-04,0,0,0,0,0,225.3390016,0,0,225.3390016
2021-05-05,0,0,0,0,0,225.8397212,0,0,225.8397212
2021-05-06,0,0,0,0,0,234.8923969,0,0,234.8923969
2021-05-07,0,0,0,0,0,240.7348255,0,0,240.7348255
2021-05-10,0,0,0,0,0,260.6478297,0,0,260.6478297
2021-05-11,0,0,0,0,0,268.3193198,0,0,268.3193198
2021-05-12,0,0,0,0,0,256.4095304,0,0,256.4095304
2021-05-13,0,0,0,0,0,259.2989191,0,0,259.2989191
2021-05-14,0,0,0,0,0,255.2636356,0,0,255.2636356
2021-05-17,0,0,0,0,0,286.7335913,0,0,286.7335913
2021-05-18,0,0,0,0,0,312.1544138,0,0,312.1544138
2021-05-19,0,0,0,0,0,334.018001,0,0,334.018001
2021-05-20,0,0,0,0,0,332.2268248,0,0,332.2268248
2021-05-21,0,0,0,0,0,331.5258751,0,0,331.5258751
2021-05-24,0,0,0,0,0,364.7079903,0,0,364.7079903
2021-05-25,0,0,0,0,0,406.5260231,0,0,406.5260231
2021-05-26,0,0,0,0,0,397.1105815,0,0,397.1105815
2021-05-27,0,0,0,0,0,197.9583119,0,0,197.9583119
2021-05-28,0,0,0,0,0,156.1420211,0,0,156.1420211
2021-05-31,0,0,0,0,0,68.02164898,0,0,68.02164898
2021-06-01,0,0,0,0,0,0,0,0,0