Date,USDCNY_vega,USDBRL_vega,USDZAR_vega,USDRUB_vega,EURUSD_vega,USDJPY_vega,USDMXN_vega,USDCAD_vega,Total_vega,,Date,Total_vega
2016-04-01,0,0,0,0,1489.317219,0,0,0,1489.317219,,2016-04-01,1489.317219
2016-04-04,0,0,0,0,1410.614789,0,0,0,1410.614789,,2016-04-04,1410.614789
2016-04-05,0,0,0,0,1384.522748,0,0,0,1384.522748,,2016-04-05,1384.522748
2016-04-06,0,0,0,0,1347.071763,0,0,0,1347.071763,,2016-04-06,1347.071763
2016-04-07,0,0,0,0,1328.601723,0,0,0,1328.601723,,2016-04-07,1328.601723
2016-04-08,0,0,0,0,1287.965447,0,0,0,1287.965447,,2016-04-08,1287.965447
2016-04-11,0,0,0,0,1185.540042,0,0,0,1185.540042,,2016-04-11,1185.540042
2016-04-12,0,0,0,0,1167.855303,0,0,0,1167.855303,,2016-04-12,1167.855303
2016-04-13,0,0,0,0,1034.079155,0,0,0,1034.079155,,2016-04-13,1034.079155
2016-04-14,0,0,0,0,1005.510496,0,0,0,1005.510496,,2016-04-14,1005.510496
2016-04-15,0,0,0,0,989.3719175,0,0,0,989.3719175,,2016-04-15,989.3719175
2016-04-18,0,0,0,0,907.1900037,0,0,0,907.1900037,,2016-04-18,907.1900037
2016-04-19,0,0,0,0,902.994803,0,0,0,902.994803,,2016-04-19,902.994803
2016-04-20,0,0,0,0,778.6419215,0,0,0,778.6419215,,2016-04-20,778.6419215
2016-04-21,0,0,0,0,710.6613515,0,0,0,710.6613515,,2016-04-21,710.6613515
2016-04-22,0,0,0,0,447.2297242,0,0,0,447.2297242,,2016-04-22,447.2297242
2016-04-25,0,0,0,0,368.2771358,0,0,0,368.2771358,,2016-04-25,368.2771358
2016-04-26,0,0,0,0,372.100848,0,0,0,372.100848,,2016-04-26,372.100848
2016-04-27,0,0,0,0,327.1088159,0,0,0,327.1088159,,2016-04-27,327.1088159
2016-04-28,0,0,0,0,271.3902205,0,0,0,271.3902205,,2016-04-28,271.3902205
2016-04-29,0,0,0,0,0,0,0,0,0,,2016-04-29,0
2016-05-02,0,0,0,0,1497.493648,0,0,0,1497.493648,,2016-05-02,1497.493648
2016-05-03,0,0,0,0,1453.50479,0,0,0,1453.50479,,2016-05-03,1453.50479
2016-05-04,0,0,0,0,1428.044427,0,0,0,1428.044427,,2016-05-04,1428.044427
2016-05-05,0,0,0,0,1326.422865,0,0,0,1326.422865,,2016-05-05,1326.422865
2016-05-06,0,0,0,0,1281.318903,0,0,0,1281.318903,,2016-05-06,1281.318903
2016-05-09,0,0,0,0,1137.18457,0,0,0,1137.18457,,2016-05-09,1137.18457
2016-05-10,0,0,0,0,1062.110585,0,0,0,1062.110585,,2016-05-10,1062.110585
2016-05-11,0,0,0,0,1154.992825,0,0,0,1154.992825,,2016-05-11,1154.992825
2016-05-12,0,0,0,0,985.4386509,0,0,0,985.4386509,,2016-05-12,985.4386509
2016-05-13,0,0,0,0,740.6971139,0,0,0,740.6971139,,2016-05-13,740.6971139
2016-05-16,0,0,0,0,656.9082687,0,0,0,656.9082687,,2016-05-16,656.9082687
2016-05-17,0,0,0,0,566.0717615,0,0,0,566.0717615,,2016-05-17,566.0717615
2016-05-18,0,0,0,0,278.1078815,0,0,0,278.1078815,,2016-05-18,278.1078815
2016-05-19,0,0,0,0,208.0735582,0,0,0,208.0735582,,2016-05-19,208.0735582
2016-05-20,0,0,0,0,172.4769882,0,0,0,172.4769882,,2016-05-20,172.4769882
2016-05-23,0,0,0,0,55.44338303,0,0,0,55.44338303,,2016-05-23,55.44338303
2016-05-24,0,0,0,0,6.984510715,0,0,0,6.984510715,,2016-05-24,6.984510715
2016-05-25,0,0,0,0,2.883966041,0,0,0,2.883966041,,2016-05-25,2.883966041
2016-05-26,0,0,0,0,22.29443964,0,0,0,22.29443964,,2016-05-26,22.29443964
2016-05-27,0,0,0,0,2.743507265,0,0,0,2.743507265,,2016-05-27,2.743507265
2016-05-30,0,0,0,0,0.006939491,0,0,0,0.006939491,,2016-05-30,0.006939491
2016-05-31,0,0,0,0,1.15E-06,0,0,0,1.15E-06,,2016-05-31,1.15E-06
2016-06-01,2765.156936,0,0,0,0,0,0,0,2765.156936,,2016-06-01,2765.156936
2016-06-02,2709.732361,0,0,0,0,0,0,0,2709.732361,,2016-06-02,2709.732361
2016-06-03,2641.248419,0,0,0,0,0,0,0,2641.248419,,2016-06-03,2641.248419
2016-06-06,2538.217882,0,0,0,0,0,0,0,2538.217882,,2016-06-06,2538.217882
2016-06-07,2505.275183,0,0,0,0,0,0,0,2505.275183,,2016-06-07,2505.275183
2016-06-08,2403.676979,0,0,0,0,0,0,0,2403.676979,,2016-06-08,2403.676979
2016-06-09,2339.589923,0,0,0,0,0,0,0,2339.589923,,2016-06-09,2339.589923
2016-06-10,2301.45282,0,0,0,0,0,0,0,2301.45282,,2016-06-10,2301.45282
2016-06-13,2155.340971,0,0,0,0,0,0,0,2155.340971,,2016-06-13,2155.340971
2016-06-14,2076.436452,0,0,0,0,0,0,0,2076.436452,,2016-06-14,2076.436452
2016-06-15,2054.483717,0,0,0,0,0,0,0,2054.483717,,2016-06-15,2054.483717
2016-06-16,1950.983678,0,0,0,0,0,0,0,1950.983678,,2016-06-16,1950.983678
2016-06-17,1917.682022,0,0,0,0,0,0,0,1917.682022,,2016-06-17,1917.682022
2016-06-20,1709.916153,0,0,0,0,0,0,0,1709.916153,,2016-06-20,1709.916153
2016-06-21,1616.049082,0,0,0,0,0,0,0,1616.049082,,2016-06-21,1616.049082
2016-06-22,1551.873666,0,0,0,0,0,0,0,1551.873666,,2016-06-22,1551.873666
2016-06-23,1462.837822,0,0,0,0,0,0,0,1462.837822,,2016-06-23,1462.837822
2016-06-24,1022.253679,0,0,0,0,0,0,0,1022.253679,,2016-06-24,1022.253679
2016-06-27,138.3183814,0,0,0,0,0,0,0,138.3183814,,2016-06-27,138.3183814
2016-06-28,87.77411915,0,0,0,0,0,0,0,87.77411915,,2016-06-28,87.77411915
2016-06-29,9.211162225,0,0,0,0,0,0,0,9.211162225,,2016-06-29,9.211162225
2016-06-30,0.004008626,0,0,0,0,0,0,0,0.004008626,,2016-06-30,0.004008626
2016-07-01,2619.891142,0,0,0,0,0,0,0,2619.891142,,2016-07-01,2619.891142
2016-07-04,2485.387847,0,0,0,0,0,0,0,2485.387847,,2016-07-04,2485.387847
2016-07-05,2295.467773,0,0,0,0,0,0,0,2295.467773,,2016-07-05,2295.467773
2016-07-06,2262.376542,0,0,0,0,0,0,0,2262.376542,,2016-07-06,2262.376542
2016-07-07,2260.774695,0,0,0,0,0,0,0,2260.774695,,2016-07-07,2260.774695
2016-07-08,2136.470328,0,0,0,0,0,0,0,2136.470328,,2016-07-08,2136.470328
2016-07-11,1987.574199,0,0,0,0,0,0,0,1987.574199,,2016-07-11,1987.574199
2016-07-12,1894.322552,0,0,0,0,0,0,0,1894.322552,,2016-07-12,1894.322552
2016-07-13,1887.129836,0,0,0,0,0,0,0,1887.129836,,2016-07-13,1887.129836
2016-07-14,1911.383993,0,0,0,0,0,0,0,1911.383993,,2016-07-14,1911.383993
2016-07-15,1751.098159,0,0,0,0,0,0,0,1751.098159,,2016-07-15,1751.098159
2016-07-18,1292.470081,0,0,0,0,0,0,0,1292.470081,,2016-07-18,1292.470081
2016-07-19,1443.121356,0,0,0,0,0,0,0,1443.121356,,2016-07-19,1443.121356
2016-07-20,1617.337318,0,0,0,0,0,0,0,1617.337318,,2016-07-20,1617.337318
2016-07-21,1572.853805,0,0,0,0,0,0,0,1572.853805,,2016-07-21,1572.853805
2016-07-22,1492.768137,0,0,0,0,0,0,0,1492.768137,,2016-07-22,1492.768137
2016-07-25,1233.789581,0,0,0,0,0,0,0,1233.789581,,2016-07-25,1233.789581
2016-07-26,1170.584115,0,0,0,0,0,0,0,1170.584115,,2016-07-26,1170.584115
2016-07-27,1056.766061,0,0,0,0,0,0,0,1056.766061,,2016-07-27,1056.766061
2016-07-28,866.6187107,0,0,0,0,0,0,0,866.6187107,,2016-07-28,866.6187107
2016-07-29,237.0815892,0,0,0,0,0,0,0,237.0815892,,2016-07-29,237.0815892
2016-08-01,3112.424018,0,0,0,0,0,0,0,3112.424018,,2016-08-01,3112.424018
2016-08-02,3068.645435,0,0,0,0,0,0,0,3068.645435,,2016-08-02,3068.645435
2016-08-03,3030.582625,0,0,0,0,0,0,0,3030.582625,,2016-08-03,3030.582625
2016-08-04,2985.123034,0,0,0,0,0,0,0,2985.123034,,2016-08-04,2985.123034
2016-08-05,2861.968216,0,0,0,0,0,0,0,2861.968216,,2016-08-05,2861.968216
2016-08-08,2667.698686,0,0,0,0,0,0,0,2667.698686,,2016-08-08,2667.698686
2016-08-09,2652.360847,0,0,0,0,0,0,0,2652.360847,,2016-08-09,2652.360847
2016-08-10,2643.061582,0,0,0,0,0,0,0,2643.061582,,2016-08-10,2643.061582
2016-08-11,2540.894983,0,0,0,0,0,0,0,2540.894983,,2016-08-11,2540.894983
2016-08-12,2516.099413,0,0,0,0,0,0,0,2516.099413,,2016-08-12,2516.099413
2016-08-15,2334.153321,0,0,0,0,0,0,0,2334.153321,,2016-08-15,2334.153321
2016-08-16,2245.717328,0,0,0,0,0,0,0,2245.717328,,2016-08-16,2245.717328
2016-08-17,2071.559661,0,0,0,0,0,0,0,2071.559661,,2016-08-17,2071.559661
2016-08-18,2067.655607,0,0,0,0,0,0,0,2067.655607,,2016-08-18,2067.655607
2016-08-19,2019.947498,0,0,0,0,0,0,0,2019.947498,,2016-08-19,2019.947498
2016-08-22,1777.822637,0,0,0,0,0,0,0,1777.822637,,2016-08-22,1777.822637
2016-08-23,1673.578031,0,0,0,0,0,0,0,1673.578031,,2016-08-23,1673.578031
2016-08-24,1558.86803,0,0,0,0,0,0,0,1558.86803,,2016-08-24,1558.86803
2016-08-25,1436.934966,0,0,0,0,0,0,0,1436.934966,,2016-08-25,1436.934966
2016-08-26,1237.914778,0,0,0,0,0,0,0,1237.914778,,2016-08-26,1237.914778
2016-08-29,605.4562019,0,0,0,0,0,0,0,605.4562019,,2016-08-29,605.4562019
2016-08-30,494.4848202,0,0,0,0,0,0,0,494.4848202,,2016-08-30,494.4848202
2016-08-31,98.882528,0,0,0,0,0,0,0,98.882528,,2016-08-31,98.882528
2016-09-01,2830.723539,0,0,0,0,0,0,0,2830.723539,,2016-09-01,2830.723539
2016-09-02,2719.599989,0,0,0,0,0,0,0,2719.599989,,2016-09-02,2719.599989
2016-09-05,2588.022283,0,0,0,0,0,0,0,2588.022283,,2016-09-05,2588.022283
2016-09-06,2507.944678,0,0,0,0,0,0,0,2507.944678,,2016-09-06,2507.944678
2016-09-07,2550.519528,0,0,0,0,0,0,0,2550.519528,,2016-09-07,2550.519528
2016-09-08,2481.306128,0,0,0,0,0,0,0,2481.306128,,2016-09-08,2481.306128
2016-09-09,2362.834505,0,0,0,0,0,0,0,2362.834505,,2016-09-09,2362.834505
2016-09-12,1904.599824,0,0,0,0,0,0,0,1904.599824,,2016-09-12,1904.599824
2016-09-13,2151.736528,0,0,0,0,0,0,0,2151.736528,,2016-09-13,2151.736528
2016-09-14,2091.279606,0,0,0,0,0,0,0,2091.279606,,2016-09-14,2091.279606
2016-09-15,2054.80364,0,0,0,0,0,0,0,2054.80364,,2016-09-15,2054.80364
2016-09-16,2005.403011,0,0,0,0,0,0,0,2005.403011,,2016-09-16,2005.403011
2016-09-19,1782.434603,0,0,0,0,0,0,0,1782.434603,,2016-09-19,1782.434603
2016-09-20,1685.890447,0,0,0,0,0,0,0,1685.890447,,2016-09-20,1685.890447
2016-09-21,1585.405526,0,0,0,0,0,0,0,1585.405526,,2016-09-21,1585.405526
2016-09-22,1526.43324,0,0,0,0,0,0,0,1526.43324,,2016-09-22,1526.43324
2016-09-23,1430.430949,0,0,0,0,0,0,0,1430.430949,,2016-09-23,1430.430949
2016-09-26,1071.779962,0,0,0,0,0,0,0,1071.779962,,2016-09-26,1071.779962
2016-09-27,913.2531258,0,0,0,0,0,0,0,913.2531258,,2016-09-27,913.2531258
2016-09-28,692.4408265,0,0,0,0,0,0,0,692.4408265,,2016-09-28,692.4408265
2016-09-29,452.6048389,0,0,0,0,0,0,0,452.6048389,,2016-09-29,452.6048389
2016-09-30,0,0,0,0,0,0,0,0,0,,2016-09-30,0
2016-10-03,2696.995896,0,0,0,0,0,0,0,2696.995896,,2016-10-03,2696.995896
2016-10-04,2567.325002,0,0,0,0,0,0,0,2567.325002,,2016-10-04,2567.325002
2016-10-05,2520.957439,0,0,0,0,0,0,0,2520.957439,,2016-10-05,2520.957439
2016-10-06,2483.092087,0,0,0,0,0,0,0,2483.092087,,2016-10-06,2483.092087
2016-10-07,2414.923617,0,0,0,0,0,0,0,2414.923617,,2016-10-07,2414.923617
2016-10-10,1936.302688,0,0,0,0,0,0,0,1936.302688,,2016-10-10,1936.302688
2016-10-11,1559.167355,0,0,0,0,0,0,0,1559.167355,,2016-10-11,1559.167355
2016-10-12,1452.171545,0,0,0,0,0,0,0,1452.171545,,2016-10-12,1452.171545
2016-10-13,1163.483279,0,0,0,0,0,0,0,1163.483279,,2016-10-13,1163.483279
2016-10-14,1258.185164,0,0,0,0,0,0,0,1258.185164,,2016-10-14,1258.185164
2016-10-17,780.1504744,0,0,0,0,0,0,0,780.1504744,,2016-10-17,780.1504744
2016-10-18,609.7024222,0,0,0,0,0,0,0,609.7024222,,2016-10-18,609.7024222
2016-10-19,538.273978,0,0,0,0,0,0,0,538.273978,,2016-10-19,538.273978
2016-10-20,395.4881775,0,0,0,0,0,0,0,395.4881775,,2016-10-20,395.4881775
2016-10-21,174.5390956,0,0,0,0,0,0,0,174.5390956,,2016-10-21,174.5390956
2016-10-24,26.19346629,0,0,0,0,0,0,0,26.19346629,,2016-10-24,26.19346629
2016-10-25,7.738018657,0,0,0,0,0,0,0,7.738018657,,2016-10-25,7.738018657
2016-10-26,4.021224231,0,0,0,0,0,0,0,4.021224231,,2016-10-26,4.021224231
2016-10-27,1.107265192,0,0,0,0,0,0,0,1.107265192,,2016-10-27,1.107265192
2016-10-28,0.187618064,0,0,0,0,0,0,0,0.187618064,,2016-10-28,0.187618064
2016-10-31,8.24E-11,0,0,0,0,0,0,0,8.24E-11,,2016-10-31,8.24E-11
2016-11-01,3250.0969,0,0,0,0,0,0,0,3250.0969,,2016-11-01,3250.0969
2016-11-02,3185.218208,0,0,0,0,0,0,0,3185.218208,,2016-11-02,3185.218208
2016-11-03,3162.20275,0,0,0,0,0,0,0,3162.20275,,2016-11-03,3162.20275
2016-11-04,3098.890657,0,0,0,0,0,0,0,3098.890657,,2016-11-04,3098.890657
2016-11-07,2893.072664,0,0,0,0,0,0,0,2893.072664,,2016-11-07,2893.072664
2016-11-08,2681.449097,0,0,0,0,0,0,0,2681.449097,,2016-11-08,2681.449097
2016-11-09,2575.756502,0,0,0,0,0,0,0,2575.756502,,2016-11-09,2575.756502
2016-11-10,2071.677168,0,0,0,0,0,0,0,2071.677168,,2016-11-10,2071.677168
2016-11-11,1951.512166,0,0,0,0,0,0,0,1951.512166,,2016-11-11,1951.512166
2016-11-14,1054.946033,0,0,0,0,0,0,0,1054.946033,,2016-11-14,1054.946033
2016-11-15,905.7950317,0,0,0,0,0,0,0,905.7950317,,2016-11-15,905.7950317
2016-11-16,452.2834219,0,0,0,0,0,0,0,452.2834219,,2016-11-16,452.2834219
2016-11-17,485.2630673,0,0,0,0,0,0,0,485.2630673,,2016-11-17,485.2630673
2016-11-18,328.7414037,0,0,0,0,0,0,0,328.7414037,,2016-11-18,328.7414037
2016-11-21,181.0492622,0,0,0,0,0,0,0,181.0492622,,2016-11-21,181.0492622
2016-11-22,134.3065335,0,0,0,0,0,0,0,134.3065335,,2016-11-22,134.3065335
2016-11-23,3.86383096,0,0,0,0,0,0,0,3.86383096,,2016-11-23,3.86383096
2016-11-24,7.204836347,0,0,0,0,0,0,0,7.204836347,,2016-11-24,7.204836347
2016-11-25,3.778436802,0,0,0,0,0,0,0,3.778436802,,2016-11-25,3.778436802
2016-11-28,0.007684125,0,0,0,0,0,0,0,0.007684125,,2016-11-28,0.007684125
2016-11-29,1.47E-05,0,0,0,0,0,0,0,1.47E-05,,2016-11-29,1.47E-05
2016-11-30,7.21E-08,0,0,0,0,0,0,0,7.21E-08,,2016-11-30,7.21E-08
2016-12-01,2563.740712,0,0,0,0,0,0,0,2563.740712,,2016-12-01,2563.740712
2016-12-02,2514.556617,0,0,0,0,0,0,0,2514.556617,,2016-12-02,2514.556617
2016-12-05,2365.55923,0,0,0,0,0,0,0,2365.55923,,2016-12-05,2365.55923
2016-12-06,2293.10017,0,0,0,0,0,0,0,2293.10017,,2016-12-06,2293.10017
2016-12-07,2238.499379,0,0,0,0,0,0,0,2238.499379,,2016-12-07,2238.499379
2016-12-08,2207.179948,0,0,0,0,0,0,0,2207.179948,,2016-12-08,2207.179948
2016-12-09,1919.497692,0,0,0,0,0,0,0,1919.497692,,2016-12-09,1919.497692
2016-12-12,1847.214504,0,0,0,0,0,0,0,1847.214504,,2016-12-12,1847.214504
2016-12-13,1777.137165,0,0,0,0,0,0,0,1777.137165,,2016-12-13,1777.137165
2016-12-14,1843.296243,0,0,0,0,0,0,0,1843.296243,,2016-12-14,1843.296243
2016-12-15,1140.865598,0,0,0,0,0,0,0,1140.865598,,2016-12-15,1140.865598
2016-12-16,861.1453694,0,0,0,0,0,0,0,861.1453694,,2016-12-16,861.1453694
2016-12-19,582.8118098,0,0,0,0,0,0,0,582.8118098,,2016-12-19,582.8118098
2016-12-20,630.7120012,0,0,0,0,0,0,0,630.7120012,,2016-12-20,630.7120012
2016-12-21,777.4617785,0,0,0,0,0,0,0,777.4617785,,2016-12-21,777.4617785
2016-12-22,576.6393463,0,0,0,0,0,0,0,576.6393463,,2016-12-22,576.6393463
2016-12-23,359.5759151,0,0,0,0,0,0,0,359.5759151,,2016-12-23,359.5759151
2016-12-26,148.9053492,0,0,0,0,0,0,0,148.9053492,,2016-12-26,148.9053492
2016-12-27,42.01260963,0,0,0,0,0,0,0,42.01260963,,2016-12-27,42.01260963
2016-12-28,1.103965328,0,0,0,0,0,0,0,1.103965328,,2016-12-28,1.103965328
2016-12-29,0.167490966,0,0,0,0,0,0,0,0.167490966,,2016-12-29,0.167490966
2016-12-30,0,0,0,0,0,0,0,0,0,,2016-12-30,0
2017-01-02,1959.221122,0,0,0,0,0,0,0,1959.221122,,2017-01-02,1959.221122
2017-01-03,1912.483539,0,0,0,0,0,0,0,1912.483539,,2017-01-03,1912.483539
2017-01-04,1764.600872,0,0,0,0,0,0,0,1764.600872,,2017-01-04,1764.600872
2017-01-05,1288.084668,0,0,0,0,0,0,0,1288.084668,,2017-01-05,1288.084668
2017-01-06,1570.893715,0,0,0,0,0,0,0,1570.893715,,2017-01-06,1570.893715
2017-01-09,1505.610118,0,0,0,0,0,0,0,1505.610118,,2017-01-09,1505.610118
2017-01-10,1257.203439,0,0,0,0,0,0,0,1257.203439,,2017-01-10,1257.203439
2017-01-11,1372.988642,0,0,0,0,0,0,0,1372.988642,,2017-01-11,1372.988642
2017-01-12,934.675578,0,0,0,0,0,0,0,934.675578,,2017-01-12,934.675578
2017-01-13,885.7505738,0,0,0,0,0,0,0,885.7505738,,2017-01-13,885.7505738
2017-01-16,769.15301,0,0,0,0,0,0,0,769.15301,,2017-01-16,769.15301
2017-01-17,430.2842009,0,0,0,0,0,0,0,430.2842009,,2017-01-17,430.2842009
2017-01-18,312.3167923,0,0,0,0,0,0,0,312.3167923,,2017-01-18,312.3167923
2017-01-19,429.8400423,0,0,0,0,0,0,0,429.8400423,,2017-01-19,429.8400423
2017-01-20,392.4294146,0,0,0,0,0,0,0,392.4294146,,2017-01-20,392.4294146
2017-01-23,108.3373367,0,0,0,0,0,0,0,108.3373367,,2017-01-23,108.3373367
2017-01-24,14.05455123,0,0,0,0,0,0,0,14.05455123,,2017-01-24,14.05455123
2017-01-25,70.80499456,0,0,0,0,0,0,0,70.80499456,,2017-01-25,70.80499456
2017-01-26,39.36224041,0,0,0,0,0,0,0,39.36224041,,2017-01-26,39.36224041
2017-01-27,24.65212766,0,0,0,0,0,0,0,24.65212766,,2017-01-27,24.65212766
2017-01-30,0.054636576,0,0,0,0,0,0,0,0.054636576,,2017-01-30,0.054636576
2017-01-31,0.000453448,0,0,0,0,0,0,0,0.000453448,,2017-01-31,0.000453448
2017-02-01,0,0,0,0,1581.994685,0,0,0,1581.994685,,2017-02-01,1581.994685
2017-02-02,0,0,0,0,1559.384722,0,0,0,1559.384722,,2017-02-02,1559.384722
2017-02-03,0,0,0,0,1512.753762,0,0,0,1512.753762,,2017-02-03,1512.753762
2017-02-06,0,0,0,0,1447.671934,0,0,0,1447.671934,,2017-02-06,1447.671934
2017-02-07,0,0,0,0,1353.981402,0,0,0,1353.981402,,2017-02-07,1353.981402
2017-02-08,0,0,0,0,1347.607362,0,0,0,1347.607362,,2017-02-08,1347.607362
2017-02-09,0,0,0,0,1212.240626,0,0,0,1212.240626,,2017-02-09,1212.240626
2017-02-10,0,0,0,0,1134.961356,0,0,0,1134.961356,,2017-02-10,1134.961356
2017-02-13,0,0,0,0,837.9922418,0,0,0,837.9922418,,2017-02-13,837.9922418
2017-02-14,0,0,0,0,647.6700933,0,0,0,647.6700933,,2017-02-14,647.6700933
2017-02-15,0,0,0,0,689.3805009,0,0,0,689.3805009,,2017-02-15,689.3805009
2017-02-16,0,0,0,0,967.7541566,0,0,0,967.7541566,,2017-02-16,967.7541566
2017-02-17,0,0,0,0,660.7202714,0,0,0,660.7202714,,2017-02-17,660.7202714
2017-02-20,0,0,0,0,435.5402009,0,0,0,435.5402009,,2017-02-20,435.5402009
2017-02-21,0,0,0,0,157.5939148,0,0,0,157.5939148,,2017-02-21,157.5939148
2017-02-22,0,0,0,0,185.1932858,0,0,0,185.1932858,,2017-02-22,185.1932858
2017-02-23,0,0,0,0,215.0618608,0,0,0,215.0618608,,2017-02-23,215.0618608
2017-02-24,0,0,0,0,84.96780423,0,0,0,84.96780423,,2017-02-24,84.96780423
2017-02-27,0,0,0,0,10.93093017,0,0,0,10.93093017,,2017-02-27,10.93093017
2017-02-28,0,0,0,0,0.038030336,0,0,0,0.038030336,,2017-02-28,0.038030336
2017-03-01,0,0,0,0,0,1157.90522,0,0,1157.90522,,2017-03-01,1157.90522
2017-03-02,0,0,0,0,0,1086.515066,0,0,1086.515066,,2017-03-02,1086.515066
2017-03-03,0,0,0,0,0,1094.620112,0,0,1094.620112,,2017-03-03,1094.620112
2017-03-06,0,0,0,0,0,1043.823491,0,0,1043.823491,,2017-03-06,1043.823491
2017-03-07,0,0,0,0,0,1014.116231,0,0,1014.116231,,2017-03-07,1014.116231
2017-03-08,0,0,0,0,0,957.8000888,0,0,957.8000888,,2017-03-08,957.8000888
2017-03-09,0,0,0,0,0,865.1385146,0,0,865.1385146,,2017-03-09,865.1385146
2017-03-10,0,0,0,0,0,858.1921809,0,0,858.1921809,,2017-03-10,858.1921809
2017-03-13,0,0,0,0,0,754.7130183,0,0,754.7130183,,2017-03-13,754.7130183
2017-03-14,0,0,0,0,0,756.6013761,0,0,756.6013761,,2017-03-14,756.6013761
2017-03-15,0,0,0,0,0,867.6942652,0,0,867.6942652,,2017-03-15,867.6942652
2017-03-16,0,0,0,0,0,842.1475403,0,0,842.1475403,,2017-03-16,842.1475403
2017-03-17,0,0,0,0,0,767.2557573,0,0,767.2557573,,2017-03-17,767.2557573
2017-03-20,0,0,0,0,0,635.1952415,0,0,635.1952415,,2017-03-20,635.1952415
2017-03-21,0,0,0,0,0,430.8124714,0,0,430.8124714,,2017-03-21,430.8124714
2017-03-22,0,0,0,0,0,311.1387285,0,0,311.1387285,,2017-03-22,311.1387285
2017-03-23,0,0,0,0,0,249.7203011,0,0,249.7203011,,2017-03-23,249.7203011
2017-03-24,0,0,0,0,0,262.5388817,0,0,262.5388817,,2017-03-24,262.5388817
2017-03-27,0,0,0,0,0,23.67156511,0,0,23.67156511,,2017-03-27,23.67156511
2017-03-28,0,0,0,0,0,22.61258478,0,0,22.61258478,,2017-03-28,22.61258478
2017-03-29,0,0,0,0,0,1.43424307,0,0,1.43424307,,2017-03-29,1.43424307
2017-03-30,0,0,0,0,0,4.148252549,0,0,4.148252549,,2017-03-30,4.148252549
2017-03-31,0,0,0,0,0,0,0,0,0,,2017-03-31,0
2017-04-03,0,0,0,0,1462.645408,0,0,0,1462.645408,,2017-04-03,1462.645408
2017-04-04,0,0,0,0,1389.225848,0,0,0,1389.225848,,2017-04-04,1389.225848
2017-04-05,0,0,0,0,1369.618064,0,0,0,1369.618064,,2017-04-05,1369.618064
2017-04-06,0,0,0,0,1349.205995,0,0,0,1349.205995,,2017-04-06,1349.205995
2017-04-07,0,0,0,0,1299.350472,0,0,0,1299.350472,,2017-04-07,1299.350472
2017-04-10,0,0,0,0,1222.313733,0,0,0,1222.313733,,2017-04-10,1222.313733
2017-04-11,0,0,0,0,1201.832423,0,0,0,1201.832423,,2017-04-11,1201.832423
2017-04-12,0,0,0,0,1188.589614,0,0,0,1188.589614,,2017-04-12,1188.589614
2017-04-13,0,0,0,0,1148.573459,0,0,0,1148.573459,,2017-04-13,1148.573459
2017-04-14,0,0,0,0,1120.93394,0,0,0,1120.93394,,2017-04-14,1120.93394
2017-04-17,0,0,0,0,1033.499436,0,0,0,1033.499436,,2017-04-17,1033.499436
2017-04-18,0,0,0,0,969.6685511,0,0,0,969.6685511,,2017-04-18,969.6685511
2017-04-19,0,0,0,0,944.2315095,0,0,0,944.2315095,,2017-04-19,944.2315095
2017-04-20,0,0,0,0,905.6141577,0,0,0,905.6141577,,2017-04-20,905.6141577
2017-04-21,0,0,0,0,860.8022819,0,0,0,860.8022819,,2017-04-21,860.8022819
2017-04-24,0,0,0,0,184.5688502,0,0,0,184.5688502,,2017-04-24,184.5688502
2017-04-25,0,0,0,0,55.15199924,0,0,0,55.15199924,,2017-04-25,55.15199924
2017-04-26,0,0,0,0,56.49477351,0,0,0,56.49477351,,2017-04-26,56.49477351
2017-04-27,0,0,0,0,28.1330844,0,0,0,28.1330844,,2017-04-27,28.1330844
2017-04-28,0,0,0,0,3.805753028,0,0,0,3.805753028,,2017-04-28,3.805753028
2017-05-01,0,0,0,0,0,0,0,1656.640028,1656.640028,,2017-05-01,1656.640028
2017-05-02,0,0,0,0,0,0,0,1598.793826,1598.793826,,2017-05-02,1598.793826
2017-05-03,0,0,0,0,0,0,0,1536.076224,1536.076224,,2017-05-03,1536.076224
2017-05-04,0,0,0,0,0,0,0,1470.166511,1470.166511,,2017-05-04,1470.166511
2017-05-05,0,0,0,0,0,0,0,1560.970459,1560.970459,,2017-05-05,1560.970459
2017-05-08,0,0,0,0,0,0,0,1452.192369,1452.192369,,2017-05-08,1452.192369
2017-05-09,0,0,0,0,0,0,0,1379.611345,1379.611345,,2017-05-09,1379.611345
2017-05-10,0,0,0,0,0,0,0,1423.493174,1423.493174,,2017-05-10,1423.493174
2017-05-11,0,0,0,0,0,0,0,1359.48056,1359.48056,,2017-05-11,1359.48056
2017-05-12,0,0,0,0,0,0,0,1301.781308,1301.781308,,2017-05-12,1301.781308
2017-05-15,0,0,0,0,0,0,0,1267.337429,1267.337429,,2017-05-15,1267.337429
2017-05-16,0,0,0,0,0,0,0,1211.959198,1211.959198,,2017-05-16,1211.959198
2017-05-17,0,0,0,0,0,0,0,1171.897755,1171.897755,,2017-05-17,1171.897755
2017-05-18,0,0,0,0,0,0,0,1138.902409,1138.902409,,2017-05-18,1138.902409
2017-05-19,0,0,0,0,0,0,0,922.849099,922.849099,,2017-05-19,922.849099
2017-05-22,0,0,0,0,0,0,0,765.751433,765.751433,,2017-05-22,765.751433
2017-05-23,0,0,0,0,0,0,0,738.1424039,738.1424039,,2017-05-23,738.1424039
2017-05-24,0,0,0,0,0,0,0,314.6795119,314.6795119,,2017-05-24,314.6795119
2017-05-25,0,0,0,0,0,0,0,420.6506991,420.6506991,,2017-05-25,420.6506991
2017-05-26,0,0,0,0,0,0,0,223.5720223,223.5720223,,2017-05-26,223.5720223
2017-05-29,0,0,0,0,0,0,0,38.19498016,38.19498016,,2017-05-29,38.19498016
2017-05-30,0,0,0,0,0,0,0,9.65112861,9.65112861,,2017-05-30,9.65112861
2017-05-31,0,0,0,0,0,0,0,3.814144749,3.814144749,,2017-05-31,3.814144749
2017-06-01,0,0,0,0,1772.63423,0,0,0,1772.63423,,2017-06-01,1772.63423
2017-06-02,0,0,0,0,1614.507621,0,0,0,1614.507621,,2017-06-02,1614.507621
2017-06-05,0,0,0,0,1598.45647,0,0,0,1598.45647,,2017-06-05,1598.45647
2017-06-06,0,0,0,0,1510.928204,0,0,0,1510.928204,,2017-06-06,1510.928204
2017-06-07,0,0,0,0,1537.217188,0,0,0,1537.217188,,2017-06-07,1537.217188
2017-06-08,0,0,0,0,1567.344209,0,0,0,1567.344209,,2017-06-08,1567.344209
2017-06-09,0,0,0,0,1542.881418,0,0,0,1542.881418,,2017-06-09,1542.881418
2017-06-12,0,0,0,0,1438.341142,0,0,0,1438.341142,,2017-06-12,1438.341142
2017-06-13,0,0,0,0,1396.016951,0,0,0,1396.016951,,2017-06-13,1396.016951
2017-06-14,0,0,0,0,1348.553362,0,0,0,1348.553362,,2017-06-14,1348.553362
2017-06-15,0,0,0,0,1239.169482,0,0,0,1239.169482,,2017-06-15,1239.169482
2017-06-16,0,0,0,0,1283.271223,0,0,0,1283.271223,,2017-06-16,1283.271223
2017-06-19,0,0,0,0,1037.039221,0,0,0,1037.039221,,2017-06-19,1037.039221
2017-06-20,0,0,0,0,914.0446357,0,0,0,914.0446357,,2017-06-20,914.0446357
2017-06-21,0,0,0,0,991.4284877,0,0,0,991.4284877,,2017-06-21,991.4284877
2017-06-22,0,0,0,0,869.3527882,0,0,0,869.3527882,,2017-06-22,869.3527882
2017-06-23,0,0,0,0,924.1841342,0,0,0,924.1841342,,2017-06-23,924.1841342
2017-06-26,0,0,0,0,679.1743,0,0,0,679.1743,,2017-06-26,679.1743
2017-06-27,0,0,0,0,61.03843483,0,0,0,61.03843483,,2017-06-27,61.03843483
2017-06-28,0,0,0,0,7.346182658,0,0,0,7.346182658,,2017-06-28,7.346182658
2017-06-29,0,0,0,0,0.000147884,0,0,0,0.000147884,,2017-06-29,0.000147884
2017-06-30,0,0,0,0,0,0,0,0,0,,2017-06-30,0
2017-07-03,0,0,0,0,1920.507841,0,0,0,1920.507841,,2017-07-03,1920.507841
2017-07-04,0,0,0,0,1846.028197,0,0,0,1846.028197,,2017-07-04,1846.028197
2017-07-05,0,0,0,0,1814.19682,0,0,0,1814.19682,,2017-07-05,1814.19682
2017-07-06,0,0,0,0,1660.688319,0,0,0,1660.688319,,2017-07-06,1660.688319
2017-07-07,0,0,0,0,1690.733342,0,0,0,1690.733342,,2017-07-07,1690.733342
2017-07-10,0,0,0,0,1583.437705,0,0,0,1583.437705,,2017-07-10,1583.437705
2017-07-11,0,0,0,0,1287.394504,0,0,0,1287.394504,,2017-07-11,1287.394504
2017-07-12,0,0,0,0,1480.950676,0,0,0,1480.950676,,2017-07-12,1480.950676
2017-07-13,0,0,0,0,1498.834708,0,0,0,1498.834708,,2017-07-13,1498.834708
2017-07-14,0,0,0,0,1195.677299,0,0,0,1195.677299,,2017-07-14,1195.677299
2017-07-17,0,0,0,0,1024.612371,0,0,0,1024.612371,,2017-07-17,1024.612371
2017-07-18,0,0,0,0,716.9813094,0,0,0,716.9813094,,2017-07-18,716.9813094
2017-07-19,0,0,0,0,839.2313173,0,0,0,839.2313173,,2017-07-19,839.2313173
2017-07-20,0,0,0,0,296.5335459,0,0,0,296.5335459,,2017-07-20,296.5335459
2017-07-21,0,0,0,0,114.6728984,0,0,0,114.6728984,,2017-07-21,114.6728984
2017-07-24,0,0,0,0,55.38668595,0,0,0,55.38668595,,2017-07-24,55.38668595
2017-07-25,0,0,0,0,48.51695566,0,0,0,48.51695566,,2017-07-25,48.51695566
2017-07-26,0,0,0,0,3.008567412,0,0,0,3.008567412,,2017-07-26,3.008567412
2017-07-27,0,0,0,0,6.219472319,0,0,0,6.219472319,,2017-07-27,6.219472319
2017-07-28,0,0,0,0,0.117065084,0,0,0,0.117065084,,2017-07-28,0.117065084
2017-07-31,0,0,0,0,9.61E-24,0,0,0,9.61E-24,,2017-07-31,9.61E-24
2017-08-01,0,0,0,0,1743.118752,0,0,0,1743.118752,,2017-08-01,1743.118752
2017-08-02,0,0,0,0,1649.331643,0,0,0,1649.331643,,2017-08-02,1649.331643
2017-08-03,0,0,0,0,1599.498198,0,0,0,1599.498198,,2017-08-03,1599.498198
2017-08-04,0,0,0,0,1675.000003,0,0,0,1675.000003,,2017-08-04,1675.000003
2017-08-07,0,0,0,0,1594.612537,0,0,0,1594.612537,,2017-08-07,1594.612537
2017-08-08,0,0,0,0,1559.869763,0,0,0,1559.869763,,2017-08-08,1559.869763
2017-08-09,0,0,0,0,1536.108969,0,0,0,1536.108969,,2017-08-09,1536.108969
2017-08-10,0,0,0,0,1512.435779,0,0,0,1512.435779,,2017-08-10,1512.435779
2017-08-11,0,0,0,0,1461.186946,0,0,0,1461.186946,,2017-08-11,1461.186946
2017-08-14,0,0,0,0,1384.576056,0,0,0,1384.576056,,2017-08-14,1384.576056
2017-08-15,0,0,0,0,1310.83969,0,0,0,1310.83969,,2017-08-15,1310.83969
2017-08-16,0,0,0,0,1308.289291,0,0,0,1308.289291,,2017-08-16,1308.289291
2017-08-17,0,0,0,0,1205.802137,0,0,0,1205.802137,,2017-08-17,1205.802137
2017-08-18,0,0,0,0,1224.004489,0,0,0,1224.004489,,2017-08-18,1224.004489
2017-08-21,0,0,0,0,1089.339065,0,0,0,1089.339065,,2017-08-21,1089.339065
2017-08-22,0,0,0,0,1042.622202,0,0,0,1042.622202,,2017-08-22,1042.622202
2017-08-23,0,0,0,0,996.0274698,0,0,0,996.0274698,,2017-08-23,996.0274698
2017-08-24,0,0,0,0,945.8262572,0,0,0,945.8262572,,2017-08-24,945.8262572
2017-08-25,0,0,0,0,510.9620305,0,0,0,510.9620305,,2017-08-25,510.9620305
2017-08-28,0,0,0,0,76.83533553,0,0,0,76.83533553,,2017-08-28,76.83533553
2017-08-29,0,0,0,0,66.89680782,0,0,0,66.89680782,,2017-08-29,66.89680782
2017-08-30,0,0,0,0,181.9541282,0,0,0,181.9541282,,2017-08-30,181.9541282
2017-08-31,0,0,0,0,50.02049414,0,0,0,50.02049414,,2017-08-31,50.02049414
2017-09-01,0,0,0,0,1672.928121,0,0,0,1672.928121,,2017-09-01,1672.928121
2017-09-04,0,0,0,0,1555.746613,0,0,0,1555.746613,,2017-09-04,1555.746613
2017-09-05,0,0,0,0,1502.433231,0,0,0,1502.433231,,2017-09-05,1502.433231
2017-09-06,0,0,0,0,1467.855431,0,0,0,1467.855431,,2017-09-06,1467.855431
2017-09-07,0,0,0,0,1132.680361,0,0,0,1132.680361,,2017-09-07,1132.680361
2017-09-08,0,0,0,0,1050.277928,0,0,0,1050.277928,,2017-09-08,1050.277928
2017-09-11,0,0,0,0,1169.068384,0,0,0,1169.068384,,2017-09-11,1169.068384
2017-09-12,0,0,0,0,1078.083758,0,0,0,1078.083758,,2017-09-12,1078.083758
2017-09-13,0,0,0,0,1273.168487,0,0,0,1273.168487,,2017-09-13,1273.168487
2017-09-14,0,0,0,0,1184.470337,0,0,0,1184.470337,,2017-09-14,1184.470337
2017-09-15,0,0,0,0,1071.72238,0,0,0,1071.72238,,2017-09-15,1071.72238
2017-09-18,0,0,0,0,907.2456249,0,0,0,907.2456249,,2017-09-18,907.2456249
2017-09-19,0,0,0,0,732.2199041,0,0,0,732.2199041,,2017-09-19,732.2199041
2017-09-20,0,0,0,0,949.7213232,0,0,0,949.7213232,,2017-09-20,949.7213232
2017-09-21,0,0,0,0,736.9802782,0,0,0,736.9802782,,2017-09-21,736.9802782
2017-09-22,0,0,0,0,640.8167498,0,0,0,640.8167498,,2017-09-22,640.8167498
2017-09-25,0,0,0,0,675.3875427,0,0,0,675.3875427,,2017-09-25,675.3875427
2017-09-26,0,0,0,0,503.6648048,0,0,0,503.6648048,,2017-09-26,503.6648048
2017-09-27,0,0,0,0,179.1520946,0,0,0,179.1520946,,2017-09-27,179.1520946
2017-09-28,0,0,0,0,163.2538936,0,0,0,163.2538936,,2017-09-28,163.2538936
2017-09-29,0,0,0,0,0,0,0,0,0,,2017-09-29,0
2017-10-02,0,0,0,0,1749.832265,0,0,0,1749.832265,,2017-10-02,1749.832265
2017-10-03,0,0,0,0,1685.056973,0,0,0,1685.056973,,2017-10-03,1685.056973
2017-10-04,0,0,0,0,1641.287655,0,0,0,1641.287655,,2017-10-04,1641.287655
2017-10-05,0,0,0,0,1651.644352,0,0,0,1651.644352,,2017-10-05,1651.644352
2017-10-06,0,0,0,0,1618.330681,0,0,0,1618.330681,,2017-10-06,1618.330681
2017-10-09,0,0,0,0,1524.152199,0,0,0,1524.152199,,2017-10-09,1524.152199
2017-10-10,0,0,0,0,1356.43967,0,0,0,1356.43967,,2017-10-10,1356.43967
2017-10-11,0,0,0,0,1143.938226,0,0,0,1143.938226,,2017-10-11,1143.938226
2017-10-12,0,0,0,0,1207.450941,0,0,0,1207.450941,,2017-10-12,1207.450941
2017-10-13,0,0,0,0,1185.20007,0,0,0,1185.20007,,2017-10-13,1185.20007
2017-10-16,0,0,0,0,1140.719954,0,0,0,1140.719954,,2017-10-16,1140.719954
2017-10-17,0,0,0,0,1197.969681,0,0,0,1197.969681,,2017-10-17,1197.969681
2017-10-18,0,0,0,0,1082.513469,0,0,0,1082.513469,,2017-10-18,1082.513469
2017-10-19,0,0,0,0,898.0546119,0,0,0,898.0546119,,2017-10-19,898.0546119
2017-10-20,0,0,0,0,1077.441234,0,0,0,1077.441234,,2017-10-20,1077.441234
2017-10-23,0,0,0,0,985.6969049,0,0,0,985.6969049,,2017-10-23,985.6969049
2017-10-24,0,0,0,0,908.569015,0,0,0,908.569015,,2017-10-24,908.569015
2017-10-25,0,0,0,0,704.6997563,0,0,0,704.6997563,,2017-10-25,704.6997563
2017-10-26,0,0,0,0,692.7897775,0,0,0,692.7897775,,2017-10-26,692.7897775
2017-10-27,0,0,0,0,442.7499159,0,0,0,442.7499159,,2017-10-27,442.7499159
2017-10-30,0,0,0,0,263.4192757,0,0,0,263.4192757,,2017-10-30,263.4192757
2017-10-31,0,0,0,0,66.13432263,0,0,0,66.13432263,,2017-10-31,66.13432263
2017-11-01,0,0,0,0,0,1674.933139,0,0,1674.933139,,2017-11-01,1674.933139
2017-11-02,0,0,0,0,0,1657.445991,0,0,1657.445991,,2017-11-02,1657.445991
2017-11-03,0,0,0,0,0,1632.251178,0,0,1632.251178,,2017-11-03,1632.251178
2017-11-06,0,0,0,0,0,1557.102438,0,0,1557.102438,,2017-11-06,1557.102438
2017-11-07,0,0,0,0,0,1528.63712,0,0,1528.63712,,2017-11-07,1528.63712
2017-11-08,0,0,0,0,0,1502.548981,0,0,1502.548981,,2017-11-08,1502.548981
2017-11-09,0,0,0,0,0,1450.075871,0,0,1450.075871,,2017-11-09,1450.075871
2017-11-10,0,0,0,0,0,1426.25855,0,0,1426.25855,,2017-11-10,1426.25855
2017-11-13,0,0,0,0,0,1339.872929,0,0,1339.872929,,2017-11-13,1339.872929
2017-11-14,0,0,0,0,0,1285.202638,0,0,1285.202638,,2017-11-14,1285.202638
2017-11-15,0,0,0,0,0,1115.014284,0,0,1115.014284,,2017-11-15,1115.014284
2017-11-16,0,0,0,0,0,1098.531725,0,0,1098.531725,,2017-11-16,1098.531725
2017-11-17,0,0,0,0,0,676.2887578,0,0,676.2887578,,2017-11-17,676.2887578
2017-11-20,0,0,0,0,0,690.951497,0,0,690.951497,,2017-11-20,690.951497
2017-11-21,0,0,0,0,0,529.5220962,0,0,529.5220962,,2017-11-21,529.5220962
2017-11-22,0,0,0,0,0,107.8206443,0,0,107.8206443,,2017-11-22,107.8206443
2017-11-23,0,0,0,0,0,83.64040111,0,0,83.64040111,,2017-11-23,83.64040111
2017-11-24,0,0,0,0,0,89.9784743,0,0,89.9784743,,2017-11-24,89.9784743
2017-11-27,0,0,0,0,0,3.083540103,0,0,3.083540103,,2017-11-27,3.083540103
2017-11-28,0,0,0,0,0,2.156594713,0,0,2.156594713,,2017-11-28,2.156594713
2017-11-29,0,0,0,0,0,4.368803712,0,0,4.368803712,,2017-11-29,4.368803712
2017-11-30,0,0,0,0,0,5.721549744,0,0,5.721549744,,2017-11-30,5.721549744
2017-12-01,0,0,0,0,0,0,1329.655831,0,1329.655831,,2017-12-01,1329.655831
2017-12-04,0,0,0,0,0,0,1280.647248,0,1280.647248,,2017-12-04,1280.647248
2017-12-05,0,0,0,0,0,0,1186.486444,0,1186.486444,,2017-12-05,1186.486444
2017-12-06,0,0,0,0,0,0,1074.567669,0,1074.567669,,2017-12-06,1074.567669
2017-12-07,0,0,0,0,0,0,954.9251274,0,954.9251274,,2017-12-07,954.9251274
2017-12-08,0,0,0,0,0,0,971.1883092,0,971.1883092,,2017-12-08,971.1883092
2017-12-11,0,0,0,0,0,0,751.5062045,0,751.5062045,,2017-12-11,751.5062045
2017-12-12,0,0,0,0,0,0,586.1484636,0,586.1484636,,2017-12-12,586.1484636
2017-12-13,0,0,0,0,0,0,716.653391,0,716.653391,,2017-12-13,716.653391
2017-12-14,0,0,0,0,0,0,491.1898533,0,491.1898533,,2017-12-14,491.1898533
2017-12-15,0,0,0,0,0,0,466.6543482,0,466.6543482,,2017-12-15,466.6543482
2017-12-18,0,0,0,0,0,0,407.9235405,0,407.9235405,,2017-12-18,407.9235405
2017-12-19,0,0,0,0,0,0,247.2851471,0,247.2851471,,2017-12-19,247.2851471
2017-12-20,0,0,0,0,0,0,193.3213824,0,193.3213824,,2017-12-20,193.3213824
2017-12-21,0,0,0,0,0,0,49.2829479,0,49.2829479,,2017-12-21,49.2829479
2017-12-22,0,0,0,0,0,0,5.033599124,0,5.033599124,,2017-12-22,5.033599124
2017-12-25,0,0,0,0,0,0,2.54103472,0,2.54103472,,2017-12-25,2.54103472
2017-12-26,0,0,0,0,0,0,0.08706298,0,0.08706298,,2017-12-26,0.08706298
2017-12-27,0,0,0,0,0,0,0.198547346,0,0.198547346,,2017-12-27,0.198547346
2017-12-28,0,0,0,0,0,0,0.004286573,0,0.004286573,,2017-12-28,0.004286573
2017-12-29,0,0,0,0,0,0,0.001056361,0,0.001056361,,2017-12-29,0.001056361
2018-01-01,0,0,0,0,2029.713747,0,0,0,2029.713747,,2018-01-01,2029.713747
2018-01-02,0,0,0,0,1915.18828,0,0,0,1915.18828,,2018-01-02,1915.18828
2018-01-03,0,0,0,0,1968.590097,0,0,0,1968.590097,,2018-01-03,1968.590097
2018-01-04,0,0,0,0,1817.071926,0,0,0,1817.071926,,2018-01-04,1817.071926
2018-01-05,0,0,0,0,1887.66572,0,0,0,1887.66572,,2018-01-05,1887.66572
2018-01-08,0,0,0,0,1814.793095,0,0,0,1814.793095,,2018-01-08,1814.793095
2018-01-09,0,0,0,0,1706.55612,0,0,0,1706.55612,,2018-01-09,1706.55612
2018-01-10,0,0,0,0,1709.073394,0,0,0,1709.073394,,2018-01-10,1709.073394
2018-01-11,0,0,0,0,1695.922415,0,0,0,1695.922415,,2018-01-11,1695.922415
2018-01-12,0,0,0,0,982.447943,0,0,0,982.447943,,2018-01-12,982.447943
2018-01-15,0,0,0,0,634.6355138,0,0,0,634.6355138,,2018-01-15,634.6355138
2018-01-16,0,0,0,0,481.7858499,0,0,0,481.7858499,,2018-01-16,481.7858499
2018-01-17,0,0,0,0,871.853721,0,0,0,871.853721,,2018-01-17,871.853721
2018-01-18,0,0,0,0,737.2115928,0,0,0,737.2115928,,2018-01-18,737.2115928
2018-01-19,0,0,0,0,825.3462373,0,0,0,825.3462373,,2018-01-19,825.3462373
2018-01-22,0,0,0,0,390.2642127,0,0,0,390.2642127,,2018-01-22,390.2642127
2018-01-23,0,0,0,0,212.5268699,0,0,0,212.5268699,,2018-01-23,212.5268699
2018-01-24,0,0,0,0,80.95870465,0,0,0,80.95870465,,2018-01-24,80.95870465
2018-01-25,0,0,0,0,73.00624817,0,0,0,73.00624817,,2018-01-25,73.00624817
2018-01-26,0,0,0,0,27.50022312,0,0,0,27.50022312,,2018-01-26,27.50022312
2018-01-29,0,0,0,0,1.941418967,0,0,0,1.941418967,,2018-01-29,1.941418967
2018-01-30,0,0,0,0,0.054356711,0,0,0,0.054356711,,2018-01-30,0.054356711
2018-01-31,0,0,0,0,1.52E-09,0,0,0,1.52E-09,,2018-01-31,1.52E-09
2018-02-01,0,0,0,0,1788.674092,0,0,0,1788.674092,,2018-02-01,1788.674092
2018-02-02,0,0,0,0,1764.30208,0,0,0,1764.30208,,2018-02-02,1764.30208
2018-02-05,0,0,0,0,1532.874424,0,0,0,1532.874424,,2018-02-05,1532.874424
2018-02-06,0,0,0,0,1531.926509,0,0,0,1531.926509,,2018-02-06,1531.926509
2018-02-07,0,0,0,0,1125.284585,0,0,0,1125.284585,,2018-02-07,1125.284585
2018-02-08,0,0,0,0,1103.987867,0,0,0,1103.987867,,2018-02-08,1103.987867
2018-02-09,0,0,0,0,1047.090348,0,0,0,1047.090348,,2018-02-09,1047.090348
2018-02-12,0,0,0,0,974.194324,0,0,0,974.194324,,2018-02-12,974.194324
2018-02-13,0,0,0,0,1131.013163,0,0,0,1131.013163,,2018-02-13,1131.013163
2018-02-14,0,0,0,0,1350.758901,0,0,0,1350.758901,,2018-02-14,1350.758901
2018-02-15,0,0,0,0,1329.749802,0,0,0,1329.749802,,2018-02-15,1329.749802
2018-02-16,0,0,0,0,1176.232976,0,0,0,1176.232976,,2018-02-16,1176.232976
2018-02-19,0,0,0,0,988.0637158,0,0,0,988.0637158,,2018-02-19,988.0637158
2018-02-20,0,0,0,0,653.7950522,0,0,0,653.7950522,,2018-02-20,653.7950522
2018-02-21,0,0,0,0,373.7630227,0,0,0,373.7630227,,2018-02-21,373.7630227
2018-02-22,0,0,0,0,463.2342304,0,0,0,463.2342304,,2018-02-22,463.2342304
2018-02-23,0,0,0,0,229.858113,0,0,0,229.858113,,2018-02-23,229.858113
2018-02-26,0,0,0,0,114.0942355,0,0,0,114.0942355,,2018-02-26,114.0942355
2018-02-27,0,0,0,0,2.156919836,0,0,0,2.156919836,,2018-02-27,2.156919836
2018-02-28,0,0,0,0,0.000354796,0,0,0,0.000354796,,2018-02-28,0.000354796
2018-03-01,0,0,0,0,1624.87793,0,0,0,1624.87793,,2018-03-01,1624.87793
2018-03-02,0,0,0,0,1542.747045,0,0,0,1542.747045,,2018-03-02,1542.747045
2018-03-05,0,0,0,0,1423.852966,0,0,0,1423.852966,,2018-03-05,1423.852966
2018-03-06,0,0,0,0,1213.36035,0,0,0,1213.36035,,2018-03-06,1213.36035
2018-03-07,0,0,0,0,1165.884229,0,0,0,1165.884229,,2018-03-07,1165.884229
2018-03-08,0,0,0,0,1388.614555,0,0,0,1388.614555,,2018-03-08,1388.614555
2018-03-09,0,0,0,0,1361.353227,0,0,0,1361.353227,,2018-03-09,1361.353227
2018-03-12,0,0,0,0,1189.576512,0,0,0,1189.576512,,2018-03-12,1189.576512
2018-03-13,0,0,0,0,940.1616144,0,0,0,940.1616144,,2018-03-13,940.1616144
2018-03-14,0,0,0,0,971.000062,0,0,0,971.000062,,2018-03-14,971.000062
2018-03-15,0,0,0,0,1175.11925,0,0,0,1175.11925,,2018-03-15,1175.11925
2018-03-16,0,0,0,0,1172.516962,0,0,0,1172.516962,,2018-03-16,1172.516962
2018-03-19,0,0,0,0,964.9432502,0,0,0,964.9432502,,2018-03-19,964.9432502
2018-03-20,0,0,0,0,1026.116723,0,0,0,1026.116723,,2018-03-20,1026.116723
2018-03-21,0,0,0,0,806.7544418,0,0,0,806.7544418,,2018-03-21,806.7544418
2018-03-22,0,0,0,0,868.5506049,0,0,0,868.5506049,,2018-03-22,868.5506049
2018-03-23,0,0,0,0,610.7927873,0,0,0,610.7927873,,2018-03-23,610.7927873
2018-03-26,0,0,0,0,38.15220263,0,0,0,38.15220263,,2018-03-26,38.15220263
2018-03-27,0,0,0,0,54.70324691,0,0,0,54.70324691,,2018-03-27,54.70324691
2018-03-28,0,0,0,0,319.6149151,0,0,0,319.6149151,,2018-03-28,319.6149151
2018-03-29,0,0,0,0,187.8926553,0,0,0,187.8926553,,2018-03-29,187.8926553
2018-03-30,0,0,0,0,0,0,0,0,0,,2018-03-30,0
2018-04-02,0,0,0,0,0,0,0,1672.605205,1672.605205,,2018-04-02,1672.605205
2018-04-03,0,0,0,0,0,0,0,1591.546861,1591.546861,,2018-04-03,1591.546861
2018-04-04,0,0,0,0,0,0,0,1509.816113,1509.816113,,2018-04-04,1509.816113
2018-04-05,0,0,0,0,0,0,0,1430.667196,1430.667196,,2018-04-05,1430.667196
2018-04-06,0,0,0,0,0,0,0,1465.390833,1465.390833,,2018-04-06,1465.390833
2018-04-09,0,0,0,0,0,0,0,1119.957987,1119.957987,,2018-04-09,1119.957987
2018-04-10,0,0,0,0,0,0,0,724.3302216,724.3302216,,2018-04-10,724.3302216
2018-04-11,0,0,0,0,0,0,0,574.7055885,574.7055885,,2018-04-11,574.7055885
2018-04-12,0,0,0,0,0,0,0,686.8590763,686.8590763,,2018-04-12,686.8590763
2018-04-13,0,0,0,0,0,0,0,709.8419063,709.8419063,,2018-04-13,709.8419063
2018-04-16,0,0,0,0,0,0,0,459.9629916,459.9629916,,2018-04-16,459.9629916
2018-04-17,0,0,0,0,0,0,0,356.3200837,356.3200837,,2018-04-17,356.3200837
2018-04-18,0,0,0,0,0,0,0,420.0400043,420.0400043,,2018-04-18,420.0400043
2018-04-19,0,0,0,0,0,0,0,516.3841992,516.3841992,,2018-04-19,516.3841992
2018-04-20,0,0,0,0,0,0,0,803.6527324,803.6527324,,2018-04-20,803.6527324
2018-04-23,0,0,0,0,0,0,0,937.3726618,937.3726618,,2018-04-23,937.3726618
2018-04-24,0,0,0,0,0,0,0,843.4785567,843.4785567,,2018-04-24,843.4785567
2018-04-25,0,0,0,0,0,0,0,805.0002118,805.0002118,,2018-04-25,805.0002118
2018-04-26,0,0,0,0,0,0,0,765.4800372,765.4800372,,2018-04-26,765.4800372
2018-04-27,0,0,0,0,0,0,0,606.5292318,606.5292318,,2018-04-27,606.5292318
2018-04-30,0,0,0,0,0,0,0,271.8774998,271.8774998,,2018-04-30,271.8774998
2018-05-01,0,1057.346109,0,0,0,0,0,0,1057.346109,,2018-05-01,1057.346109
2018-05-02,0,953.32394,0,0,0,0,0,0,953.32394,,2018-05-02,953.32394
2018-05-03,0,998.1043942,0,0,0,0,0,0,998.1043942,,2018-05-03,998.1043942
2018-05-04,0,977.8372239,0,0,0,0,0,0,977.8372239,,2018-05-04,977.8372239
2018-05-07,0,867.1998732,0,0,0,0,0,0,867.1998732,,2018-05-07,867.1998732
2018-05-08,0,814.4970948,0,0,0,0,0,0,814.4970948,,2018-05-08,814.4970948
2018-05-09,0,669.0188058,0,0,0,0,0,0,669.0188058,,2018-05-09,669.0188058
2018-05-10,0,820.6371569,0,0,0,0,0,0,820.6371569,,2018-05-10,820.6371569
2018-05-11,0,586.1635124,0,0,0,0,0,0,586.1635124,,2018-05-11,586.1635124
2018-05-14,0,437.1458182,0,0,0,0,0,0,437.1458182,,2018-05-14,437.1458182
2018-05-15,0,326.287324,0,0,0,0,0,0,326.287324,,2018-05-15,326.287324
2018-05-16,0,239.7573357,0,0,0,0,0,0,239.7573357,,2018-05-16,239.7573357
2018-05-17,0,160.9267258,0,0,0,0,0,0,160.9267258,,2018-05-17,160.9267258
2018-05-18,0,69.54096247,0,0,0,0,0,0,69.54096247,,2018-05-18,69.54096247
2018-05-21,0,95.75023345,0,0,0,0,0,0,95.75023345,,2018-05-21,95.75023345
2018-05-22,0,109.6106416,0,0,0,0,0,0,109.6106416,,2018-05-22,109.6106416
2018-05-23,0,160.4751519,0,0,0,0,0,0,160.4751519,,2018-05-23,160.4751519
2018-05-24,0,88.12378627,0,0,0,0,0,0,88.12378627,,2018-05-24,88.12378627
2018-05-25,0,46.11583588,0,0,0,0,0,0,46.11583588,,2018-05-25,46.11583588
2018-05-28,0,0.048777101,0,0,0,0,0,0,0.048777101,,2018-05-28,0.048777101
2018-05-29,0,0.071923295,0,0,0,0,0,0,0.071923295,,2018-05-29,0.071923295
2018-05-30,0,5.99E-05,0,0,0,0,0,0,5.99E-05,,2018-05-30,5.99E-05
2018-05-31,0,4.84E-11,0,0,0,0,0,0,4.84E-11,,2018-05-31,4.84E-11
2018-06-01,0,888.5514457,0,0,0,0,0,0,888.5514457,,2018-06-01,888.5514457
2018-06-04,0,857.7645728,0,0,0,0,0,0,857.7645728,,2018-06-04,857.7645728
2018-06-05,0,777.8444933,0,0,0,0,0,0,777.8444933,,2018-06-05,777.8444933
2018-06-06,0,650.376337,0,0,0,0,0,0,650.376337,,2018-06-06,650.376337
2018-06-07,0,524.7800822,0,0,0,0,0,0,524.7800822,,2018-06-07,524.7800822
2018-06-08,0,780.0949647,0,0,0,0,0,0,780.0949647,,2018-06-08,780.0949647
2018-06-11,0,730.9356181,0,0,0,0,0,0,730.9356181,,2018-06-11,730.9356181
2018-06-12,0,716.6202118,0,0,0,0,0,0,716.6202118,,2018-06-12,716.6202118
2018-06-13,0,695.3082268,0,0,0,0,0,0,695.3082268,,2018-06-13,695.3082268
2018-06-14,0,655.6223307,0,0,0,0,0,0,655.6223307,,2018-06-14,655.6223307
2018-06-15,0,667.4543728,0,0,0,0,0,0,667.4543728,,2018-06-15,667.4543728
2018-06-18,0,606.8983633,0,0,0,0,0,0,606.8983633,,2018-06-18,606.8983633
2018-06-19,0,580.5785998,0,0,0,0,0,0,580.5785998,,2018-06-19,580.5785998
2018-06-20,0,550.0779517,0,0,0,0,0,0,550.0779517,,2018-06-20,550.0779517
2018-06-21,0,522.852022,0,0,0,0,0,0,522.852022,,2018-06-21,522.852022
2018-06-22,0,474.2473114,0,0,0,0,0,0,474.2473114,,2018-06-22,474.2473114
2018-06-25,0,366.8099549,0,0,0,0,0,0,366.8099549,,2018-06-25,366.8099549
2018-06-26,0,221.3973607,0,0,0,0,0,0,221.3973607,,2018-06-26,221.3973607
2018-06-27,0,21.08954088,0,0,0,0,0,0,21.08954088,,2018-06-27,21.08954088
2018-06-28,0,1.313491661,0,0,0,0,0,0,1.313491661,,2018-06-28,1.313491661
2018-06-29,0,0,0,0,0,0,0,0,0,,2018-06-29,0
2018-07-02,2030.413054,0,0,0,0,0,0,0,2030.413054,,2018-07-02,2030.413054
2018-07-03,1956.762868,0,0,0,0,0,0,0,1956.762868,,2018-07-03,1956.762868
2018-07-04,1887.578802,0,0,0,0,0,0,0,1887.578802,,2018-07-04,1887.578802
2018-07-05,1891.840923,0,0,0,0,0,0,0,1891.840923,,2018-07-05,1891.840923
2018-07-06,1876.014588,0,0,0,0,0,0,0,1876.014588,,2018-07-06,1876.014588
2018-07-09,1542.613604,0,0,0,0,0,0,0,1542.613604,,2018-07-09,1542.613604
2018-07-10,1676.50031,0,0,0,0,0,0,0,1676.50031,,2018-07-10,1676.50031
2018-07-11,1713.882512,0,0,0,0,0,0,0,1713.882512,,2018-07-11,1713.882512
2018-07-12,1725.952275,0,0,0,0,0,0,0,1725.952275,,2018-07-12,1725.952275
2018-07-13,1636.752202,0,0,0,0,0,0,0,1636.752202,,2018-07-13,1636.752202
2018-07-16,1561.412856,0,0,0,0,0,0,0,1561.412856,,2018-07-16,1561.412856
2018-07-17,1408.265256,0,0,0,0,0,0,0,1408.265256,,2018-07-17,1408.265256
2018-07-18,1160.945365,0,0,0,0,0,0,0,1160.945365,,2018-07-18,1160.945365
2018-07-19,721.4953845,0,0,0,0,0,0,0,721.4953845,,2018-07-19,721.4953845
2018-07-20,656.8814787,0,0,0,0,0,0,0,656.8814787,,2018-07-20,656.8814787
2018-07-23,407.1379819,0,0,0,0,0,0,0,407.1379819,,2018-07-23,407.1379819
2018-07-24,382.2569591,0,0,0,0,0,0,0,382.2569591,,2018-07-24,382.2569591
2018-07-25,412.5788522,0,0,0,0,0,0,0,412.5788522,,2018-07-25,412.5788522
2018-07-26,447.2760977,0,0,0,0,0,0,0,447.2760977,,2018-07-26,447.2760977
2018-07-27,95.32013986,0,0,0,0,0,0,0,95.32013986,,2018-07-27,95.32013986
2018-07-30,1.937233044,0,0,0,0,0,0,0,1.937233044,,2018-07-30,1.937233044
2018-07-31,0.001103379,0,0,0,0,0,0,0,0.001103379,,2018-07-31,0.001103379
2018-08-01,1872.160668,0,0,0,0,0,0,0,1872.160668,,2018-08-01,1872.160668
2018-08-02,1739.574178,0,0,0,0,0,0,0,1739.574178,,2018-08-02,1739.574178
2018-08-03,1828.731471,0,0,0,0,0,0,0,1828.731471,,2018-08-03,1828.731471
2018-08-06,1643.717114,0,0,0,0,0,0,0,1643.717114,,2018-08-06,1643.717114
2018-08-07,1704.215776,0,0,0,0,0,0,0,1704.215776,,2018-08-07,1704.215776
2018-08-08,1659.911959,0,0,0,0,0,0,0,1659.911959,,2018-08-08,1659.911959
2018-08-09,1675.362325,0,0,0,0,0,0,0,1675.362325,,2018-08-09,1675.362325
2018-08-10,1558.443433,0,0,0,0,0,0,0,1558.443433,,2018-08-10,1558.443433
2018-08-13,1130.854723,0,0,0,0,0,0,0,1130.854723,,2018-08-13,1130.854723
2018-08-14,1141.889371,0,0,0,0,0,0,0,1141.889371,,2018-08-14,1141.889371
2018-08-15,673.7810056,0,0,0,0,0,0,0,673.7810056,,2018-08-15,673.7810056
2018-08-16,1070.466769,0,0,0,0,0,0,0,1070.466769,,2018-08-16,1070.466769
2018-08-17,1125.525401,0,0,0,0,0,0,0,1125.525401,,2018-08-17,1125.525401
2018-08-20,1135.610928,0,0,0,0,0,0,0,1135.610928,,2018-08-20,1135.610928
2018-08-21,1120.247033,0,0,0,0,0,0,0,1120.247033,,2018-08-21,1120.247033
2018-08-22,1111.995614,0,0,0,0,0,0,0,1111.995614,,2018-08-22,1111.995614
2018-08-23,657.8775215,0,0,0,0,0,0,0,657.8775215,,2018-08-23,657.8775215
2018-08-24,1014.201224,0,0,0,0,0,0,0,1014.201224,,2018-08-24,1014.201224
2018-08-27,784.1306638,0,0,0,0,0,0,0,784.1306638,,2018-08-27,784.1306638
2018-08-28,619.9638055,0,0,0,0,0,0,0,619.9638055,,2018-08-28,619.9638055
2018-08-29,560.1221845,0,0,0,0,0,0,0,560.1221845,,2018-08-29,560.1221845
2018-08-30,107.7670164,0,0,0,0,0,0,0,107.7670164,,2018-08-30,107.7670164
2018-08-31,0,0,0,0,0,0,0,0,0,,2018-08-31,0
2018-09-03,1974.422892,0,0,0,0,0,0,0,1974.422892,,2018-09-03,1974.422892
2018-09-04,1770.625481,0,0,0,0,0,0,0,1770.625481,,2018-09-04,1770.625481
2018-09-05,1818.67006,0,0,0,0,0,0,0,1818.67006,,2018-09-05,1818.67006
2018-09-06,1762.234744,0,0,0,0,0,0,0,1762.234744,,2018-09-06,1762.234744
2018-09-07,1704.358267,0,0,0,0,0,0,0,1704.358267,,2018-09-07,1704.358267
2018-09-10,1532.308817,0,0,0,0,0,0,0,1532.308817,,2018-09-10,1532.308817
2018-09-11,1245.458422,0,0,0,0,0,0,0,1245.458422,,2018-09-11,1245.458422
2018-09-12,1598.286156,0,0,0,0,0,0,0,1598.286156,,2018-09-12,1598.286156
2018-09-13,1540.005903,0,0,0,0,0,0,0,1540.005903,,2018-09-13,1540.005903
2018-09-14,1386.441839,0,0,0,0,0,0,0,1386.441839,,2018-09-14,1386.441839
2018-09-17,1209.572935,0,0,0,0,0,0,0,1209.572935,,2018-09-17,1209.572935
2018-09-18,1091.208417,0,0,0,0,0,0,0,1091.208417,,2018-09-18,1091.208417
2018-09-19,1258.977138,0,0,0,0,0,0,0,1258.977138,,2018-09-19,1258.977138
2018-09-20,1214.687537,0,0,0,0,0,0,0,1214.687537,,2018-09-20,1214.687537
2018-09-21,1104.360589,0,0,0,0,0,0,0,1104.360589,,2018-09-21,1104.360589
2018-09-24,779.98229,0,0,0,0,0,0,0,779.98229,,2018-09-24,779.98229
2018-09-25,659.746603,0,0,0,0,0,0,0,659.746603,,2018-09-25,659.746603
2018-09-26,322.5321287,0,0,0,0,0,0,0,322.5321287,,2018-09-26,322.5321287
2018-09-27,111.2437839,0,0,0,0,0,0,0,111.2437839,,2018-09-27,111.2437839
2018-09-28,157.3226526,0,0,0,0,0,0,0,157.3226526,,2018-09-28,157.3226526
2018-10-01,2847.560072,0,0,0,0,0,0,0,2847.560072,,2018-10-01,2847.560072
2018-10-02,2812.435817,0,0,0,0,0,0,0,2812.435817,,2018-10-02,2812.435817
2018-10-03,2787.868266,0,0,0,0,0,0,0,2787.868266,,2018-10-03,2787.868266
2018-10-04,2744.312283,0,0,0,0,0,0,0,2744.312283,,2018-10-04,2744.312283
2018-10-05,2714.233384,0,0,0,0,0,0,0,2714.233384,,2018-10-05,2714.233384
2018-10-08,1705.485206,0,0,0,0,0,0,0,1705.485206,,2018-10-08,1705.485206
2018-10-09,2051.490948,0,0,0,0,0,0,0,2051.490948,,2018-10-09,2051.490948
2018-10-10,2072.266139,0,0,0,0,0,0,0,2072.266139,,2018-10-10,2072.266139
2018-10-11,2410.573257,0,0,0,0,0,0,0,2410.573257,,2018-10-11,2410.573257
2018-10-12,2159.858877,0,0,0,0,0,0,0,2159.858877,,2018-10-12,2159.858877
2018-10-15,2005.98171,0,0,0,0,0,0,0,2005.98171,,2018-10-15,2005.98171
2018-10-16,1989.873054,0,0,0,0,0,0,0,1989.873054,,2018-10-16,1989.873054
2018-10-17,1852.827955,0,0,0,0,0,0,0,1852.827955,,2018-10-17,1852.827955
2018-10-18,1334.387288,0,0,0,0,0,0,0,1334.387288,,2018-10-18,1334.387288
2018-10-19,1475.612972,0,0,0,0,0,0,0,1475.612972,,2018-10-19,1475.612972
2018-10-22,779.798388,0,0,0,0,0,0,0,779.798388,,2018-10-22,779.798388
2018-10-23,619.8234489,0,0,0,0,0,0,0,619.8234489,,2018-10-23,619.8234489
2018-10-24,509.0443963,0,0,0,0,0,0,0,509.0443963,,2018-10-24,509.0443963
2018-10-25,458.2341304,0,0,0,0,0,0,0,458.2341304,,2018-10-25,458.2341304
2018-10-26,395.8566457,0,0,0,0,0,0,0,395.8566457,,2018-10-26,395.8566457
2018-10-29,6.019780204,0,0,0,0,0,0,0,6.019780204,,2018-10-29,6.019780204
2018-10-30,35.11937657,0,0,0,0,0,0,0,35.11937657,,2018-10-30,35.11937657
2018-10-31,2.62E-05,0,0,0,0,0,0,0,2.62E-05,,2018-10-31,2.62E-05
2018-11-01,0,0,0,0,0,1826.875145,0,0,1826.875145,,2018-11-01,1826.875145
2018-11-02,0,0,0,0,0,1715.912993,0,0,1715.912993,,2018-11-02,1715.912993
2018-11-05,0,0,0,0,0,1648.143527,0,0,1648.143527,,2018-11-05,1648.143527
2018-11-06,0,0,0,0,0,1560.309469,0,0,1560.309469,,2018-11-06,1560.309469
2018-11-07,0,0,0,0,0,1459.675689,0,0,1459.675689,,2018-11-07,1459.675689
2018-11-08,0,0,0,0,0,1170.900771,0,0,1170.900771,,2018-11-08,1170.900771
2018-11-09,0,0,0,0,0,1240.323014,0,0,1240.323014,,2018-11-09,1240.323014
2018-11-12,0,0,0,0,0,1140.123027,0,0,1140.123027,,2018-11-12,1140.123027
2018-11-13,0,0,0,0,0,1111.507562,0,0,1111.507562,,2018-11-13,1111.507562
2018-11-14,0,0,0,0,0,1165.177422,0,0,1165.177422,,2018-11-14,1165.177422
2018-11-15,0,0,0,0,0,1133.709564,0,0,1133.709564,,2018-11-15,1133.709564
2018-11-16,0,0,0,0,0,1349.653625,0,0,1349.653625,,2018-11-16,1349.653625
2018-11-19,0,0,0,0,0,1250.134068,0,0,1250.134068,,2018-11-19,1250.134068
2018-11-20,0,0,0,0,0,1163.043811,0,0,1163.043811,,2018-11-20,1163.043811
2018-11-21,0,0,0,0,0,987.2991197,0,0,987.2991197,,2018-11-21,987.2991197
2018-11-22,0,0,0,0,0,970.1711604,0,0,970.1711604,,2018-11-22,970.1711604
2018-11-23,0,0,0,0,0,900.8175603,0,0,900.8175603,,2018-11-23,900.8175603
2018-11-26,0,0,0,0,0,311.624082,0,0,311.624082,,2018-11-26,311.624082
2018-11-27,0,0,0,0,0,117.3197194,0,0,117.3197194,,2018-11-27,117.3197194
2018-11-28,0,0,0,0,0,66.0792133,0,0,66.0792133,,2018-11-28,66.0792133
2018-11-29,0,0,0,0,0,20.61695033,0,0,20.61695033,,2018-11-29,20.61695033
2018-11-30,0,0,0,0,0,0,0,0,0,,2018-11-30,0
2018-12-03,2294.281461,0,0,0,0,0,0,0,2294.281461,,2018-12-03,2294.281461
2018-12-04,2090.284688,0,0,0,0,0,0,0,2090.284688,,2018-12-04,2090.284688
2018-12-05,2178.535594,0,0,0,0,0,0,0,2178.535594,,2018-12-05,2178.535594
2018-12-06,2144.193554,0,0,0,0,0,0,0,2144.193554,,2018-12-06,2144.193554
2018-12-07,2131.160015,0,0,0,0,0,0,0,2131.160015,,2018-12-07,2131.160015
2018-12-10,1830.688204,0,0,0,0,0,0,0,1830.688204,,2018-12-10,1830.688204
2018-12-11,1901.486591,0,0,0,0,0,0,0,1901.486591,,2018-12-11,1901.486591
2018-12-12,1954.540707,0,0,0,0,0,0,0,1954.540707,,2018-12-12,1954.540707
2018-12-13,1911.134372,0,0,0,0,0,0,0,1911.134372,,2018-12-13,1911.134372
2018-12-14,1700.977458,0,0,0,0,0,0,0,1700.977458,,2018-12-14,1700.977458
2018-12-17,1646.407243,0,0,0,0,0,0,0,1646.407243,,2018-12-17,1646.407243
2018-12-18,1619.756934,0,0,0,0,0,0,0,1619.756934,,2018-12-18,1619.756934
2018-12-19,1593.478401,0,0,0,0,0,0,0,1593.478401,,2018-12-19,1593.478401
2018-12-20,1530.330188,0,0,0,0,0,0,0,1530.330188,,2018-12-20,1530.330188
2018-12-21,1182.811802,0,0,0,0,0,0,0,1182.811802,,2018-12-21,1182.811802
2018-12-24,1091.799003,0,0,0,0,0,0,0,1091.799003,,2018-12-24,1091.799003
2018-12-25,1129.486582,0,0,0,0,0,0,0,1129.486582,,2018-12-25,1129.486582
2018-12-26,1085.04838,0,0,0,0,0,0,0,1085.04838,,2018-12-26,1085.04838
2018-12-27,976.2419134,0,0,0,0,0,0,0,976.2419134,,2018-12-27,976.2419134
2018-12-28,905.773337,0,0,0,0,0,0,0,905.773337,,2018-12-28,905.773337
2018-12-31,459.5462194,0,0,0,0,0,0,0,459.5462194,,2018-12-31,459.5462194
2019-01-01,0,0,0,0,0,0,0,1569.741576,1569.741576,,2019-01-01,1569.741576
2019-01-02,0,0,0,0,0,0,0,1557.266541,1557.266541,,2019-01-02,1557.266541
2019-01-03,0,0,0,0,0,0,0,1456.3586,1456.3586,,2019-01-03,1456.3586
2019-01-04,0,0,0,0,0,0,0,1139.437759,1139.437759,,2019-01-04,1139.437759
2019-01-07,0,0,0,0,0,0,0,784.6183546,784.6183546,,2019-01-07,784.6183546
2019-01-08,0,0,0,0,0,0,0,684.1905299,684.1905299,,2019-01-08,684.1905299
2019-01-09,0,0,0,0,0,0,0,441.7822415,441.7822415,,2019-01-09,441.7822415
2019-01-10,0,0,0,0,0,0,0,453.9327661,453.9327661,,2019-01-10,453.9327661
2019-01-11,0,0,0,0,0,0,0,478.6264664,478.6264664,,2019-01-11,478.6264664
2019-01-14,0,0,0,0,0,0,0,418.5561196,418.5561196,,2019-01-14,418.5561196
2019-01-15,0,0,0,0,0,0,0,340.1086066,340.1086066,,2019-01-15,340.1086066
2019-01-16,0,0,0,0,0,0,0,276.1198055,276.1198055,,2019-01-16,276.1198055
2019-01-17,0,0,0,0,0,0,0,307.3048702,307.3048702,,2019-01-17,307.3048702
2019-01-18,0,0,0,0,0,0,0,182.2103911,182.2103911,,2019-01-18,182.2103911
2019-01-21,0,0,0,0,0,0,0,143.6033402,143.6033402,,2019-01-21,143.6033402
2019-01-22,0,0,0,0,0,0,0,283.7655638,283.7655638,,2019-01-22,283.7655638
2019-01-23,0,0,0,0,0,0,0,165.6159621,165.6159621,,2019-01-23,165.6159621
2019-01-24,0,0,0,0,0,0,0,187.561286,187.561286,,2019-01-24,187.561286
2019-01-25,0,0,0,0,0,0,0,18.08397767,18.08397767,,2019-01-25,18.08397767
2019-01-28,0,0,0,0,0,0,0,3.880901369,3.880901369,,2019-01-28,3.880901369
2019-01-29,0,0,0,0,0,0,0,0.773644861,0.773644861,,2019-01-29,0.773644861
2019-01-30,0,0,0,0,0,0,0,1.46E-06,1.46E-06,,2019-01-30,1.46E-06
2019-01-31,0,0,0,0,0,0,0,2.74E-17,2.74E-17,,2019-01-31,2.74E-17
2019-02-01,0,0,0,0,2206.338076,0,0,0,2206.338076,,2019-02-01,2206.338076
2019-02-04,0,0,0,0,2128.544702,0,0,0,2128.544702,,2019-02-04,2128.544702
2019-02-05,0,0,0,0,2051.806254,0,0,0,2051.806254,,2019-02-05,2051.806254
2019-02-06,0,0,0,0,1839.568327,0,0,0,1839.568327,,2019-02-06,1839.568327
2019-02-07,0,0,0,0,1685.178932,0,0,0,1685.178932,,2019-02-07,1685.178932
2019-02-08,0,0,0,0,1503.026716,0,0,0,1503.026716,,2019-02-08,1503.026716
2019-02-11,0,0,0,0,958.4539469,0,0,0,958.4539469,,2019-02-11,958.4539469
2019-02-12,0,0,0,0,1305.937959,0,0,0,1305.937959,,2019-02-12,1305.937959
2019-02-13,0,0,0,0,697.8692314,0,0,0,697.8692314,,2019-02-13,697.8692314
2019-02-14,0,0,0,0,932.5350798,0,0,0,932.5350798,,2019-02-14,932.5350798
2019-02-15,0,0,0,0,882.51922,0,0,0,882.51922,,2019-02-15,882.51922
2019-02-18,0,0,0,0,744.591997,0,0,0,744.591997,,2019-02-18,744.591997
2019-02-19,0,0,0,0,918.3453045,0,0,0,918.3453045,,2019-02-19,918.3453045
2019-02-20,0,0,0,0,816.5789846,0,0,0,816.5789846,,2019-02-20,816.5789846
2019-02-21,0,0,0,0,653.6360962,0,0,0,653.6360962,,2019-02-21,653.6360962
2019-02-22,0,0,0,0,477.9098996,0,0,0,477.9098996,,2019-02-22,477.9098996
2019-02-25,0,0,0,0,267.8882227,0,0,0,267.8882227,,2019-02-25,267.8882227
2019-02-26,0,0,0,0,397.4054174,0,0,0,397.4054174,,2019-02-26,397.4054174
2019-02-27,0,0,0,0,117.6879131,0,0,0,117.6879131,,2019-02-27,117.6879131
2019-02-28,0,0,0,0,32.35465855,0,0,0,32.35465855,,2019-02-28,32.35465855
2019-03-01,0,0,0,0,2235.972188,0,0,0,2235.972188,,2019-03-01,2235.972188
2019-03-04,0,0,0,0,2166.470712,0,0,0,2166.470712,,2019-03-04,2166.470712
2019-03-05,0,0,0,0,2087.03428,0,0,0,2087.03428,,2019-03-05,2087.03428
2019-03-06,0,0,0,0,2051.831582,0,0,0,2051.831582,,2019-03-06,2051.831582
2019-03-07,0,0,0,0,1426.351753,0,0,0,1426.351753,,2019-03-07,1426.351753
2019-03-08,0,0,0,0,1597.242032,0,0,0,1597.242032,,2019-03-08,1597.242032
2019-03-11,0,0,0,0,1517.424078,0,0,0,1517.424078,,2019-03-11,1517.424078
2019-03-12,0,0,0,0,1739.866656,0,0,0,1739.866656,,2019-03-12,1739.866656
2019-03-13,0,0,0,0,1841.087645,0,0,0,1841.087645,,2019-03-13,1841.087645
2019-03-14,0,0,0,0,1713.17619,0,0,0,1713.17619,,2019-03-14,1713.17619
2019-03-15,0,0,0,0,1753.360953,0,0,0,1753.360953,,2019-03-15,1753.360953
2019-03-18,0,0,0,0,1633.727081,0,0,0,1633.727081,,2019-03-18,1633.727081
2019-03-19,0,0,0,0,1608.686793,0,0,0,1608.686793,,2019-03-19,1608.686793
2019-03-20,0,0,0,0,1412.346528,0,0,0,1412.346528,,2019-03-20,1412.346528
2019-03-21,0,0,0,0,1496.891268,0,0,0,1496.891268,,2019-03-21,1496.891268
2019-03-22,0,0,0,0,1221.753134,0,0,0,1221.753134,,2019-03-22,1221.753134
2019-03-25,0,0,0,0,1011.032073,0,0,0,1011.032073,,2019-03-25,1011.032073
2019-03-26,0,0,0,0,536.8976278,0,0,0,536.8976278,,2019-03-26,536.8976278
2019-03-27,0,0,0,0,306.4191274,0,0,0,306.4191274,,2019-03-27,306.4191274
2019-03-28,0,0,0,0,95.7410801,0,0,0,95.7410801,,2019-03-28,95.7410801
2019-03-29,0,0,0,0,17.76172226,0,0,0,17.76172226,,2019-03-29,17.76172226
2019-04-01,0,0,0,0,0,2192.264421,0,0,2192.264421,,2019-04-01,2192.264421
2019-04-02,0,0,0,0,0,2164.311279,0,0,2164.311279,,2019-04-02,2164.311279
2019-04-03,0,0,0,0,0,2102.437812,0,0,2102.437812,,2019-04-03,2102.437812
2019-04-04,0,0,0,0,0,2017.626167,0,0,2017.626167,,2019-04-04,2017.626167
2019-04-05,0,0,0,0,0,1945.59068,0,0,1945.59068,,2019-04-05,1945.59068
2019-04-08,0,0,0,0,0,1949.007707,0,0,1949.007707,,2019-04-08,1949.007707
2019-04-09,0,0,0,0,0,1974.15118,0,0,1974.15118,,2019-04-09,1974.15118
2019-04-10,0,0,0,0,0,1932.015373,0,0,1932.015373,,2019-04-10,1932.015373
2019-04-11,0,0,0,0,0,1747.92197,0,0,1747.92197,,2019-04-11,1747.92197
2019-04-12,0,0,0,0,0,1490.160827,0,0,1490.160827,,2019-04-12,1490.160827
2019-04-15,0,0,0,0,0,1296.965695,0,0,1296.965695,,2019-04-15,1296.965695
2019-04-16,0,0,0,0,0,1242.246631,0,0,1242.246631,,2019-04-16,1242.246631
2019-04-17,0,0,0,0,0,1133.590374,0,0,1133.590374,,2019-04-17,1133.590374
2019-04-18,0,0,0,0,0,1139.553267,0,0,1139.553267,,2019-04-18,1139.553267
2019-04-19,0,0,0,0,0,1092.777141,0,0,1092.777141,,2019-04-19,1092.777141
2019-04-22,0,0,0,0,0,870.0175759,0,0,870.0175759,,2019-04-22,870.0175759
2019-04-23,0,0,0,0,0,872.9507092,0,0,872.9507092,,2019-04-23,872.9507092
2019-04-24,0,0,0,0,0,626.69193,0,0,626.69193,,2019-04-24,626.69193
2019-04-25,0,0,0,0,0,974.5379194,0,0,974.5379194,,2019-04-25,974.5379194
2019-04-26,0,0,0,0,0,879.9942297,0,0,879.9942297,,2019-04-26,879.9942297
2019-04-29,0,0,0,0,0,363.9944652,0,0,363.9944652,,2019-04-29,363.9944652
2019-04-30,0,0,0,0,0,336.0487152,0,0,336.0487152,,2019-04-30,336.0487152
2019-05-01,0,0,0,0,0,2299.924306,0,0,2299.924306,,2019-05-01,2299.924306
2019-05-02,0,0,0,0,0,2238.749857,0,0,2238.749857,,2019-05-02,2238.749857
2019-05-03,0,0,0,0,0,2259.465717,0,0,2259.465717,,2019-05-03,2259.465717
2019-05-06,0,0,0,0,0,2109.284169,0,0,2109.284169,,2019-05-06,2109.284169
2019-05-07,0,0,0,0,0,1882.339657,0,0,1882.339657,,2019-05-07,1882.339657
2019-05-08,0,0,0,0,0,1776.221334,0,0,1776.221334,,2019-05-08,1776.221334
2019-05-09,0,0,0,0,0,1608.879981,0,0,1608.879981,,2019-05-09,1608.879981
2019-05-10,0,0,0,0,0,1538.093055,0,0,1538.093055,,2019-05-10,1538.093055
2019-05-13,0,0,0,0,0,1029.822848,0,0,1029.822848,,2019-05-13,1029.822848
2019-05-14,0,0,0,0,0,1006.808675,0,0,1006.808675,,2019-05-14,1006.808675
2019-05-15,0,0,0,0,0,919.6256045,0,0,919.6256045,,2019-05-15,919.6256045
2019-05-16,0,0,0,0,0,980.7478546,0,0,980.7478546,,2019-05-16,980.7478546
2019-05-17,0,0,0,0,0,1166.343873,0,0,1166.343873,,2019-05-17,1166.343873
2019-05-20,0,0,0,0,0,819.1431822,0,0,819.1431822,,2019-05-20,819.1431822
2019-05-21,0,0,0,0,0,1094.769751,0,0,1094.769751,,2019-05-21,1094.769751
2019-05-22,0,0,0,0,0,832.6140386,0,0,832.6140386,,2019-05-22,832.6140386
2019-05-23,0,0,0,0,0,339.7785994,0,0,339.7785994,,2019-05-23,339.7785994
2019-05-24,0,0,0,0,0,137.6512315,0,0,137.6512315,,2019-05-24,137.6512315
2019-05-27,0,0,0,0,0,31.85232831,0,0,31.85232831,,2019-05-27,31.85232831
2019-05-28,0,0,0,0,0,5.174112903,0,0,5.174112903,,2019-05-28,5.174112903
2019-05-29,0,0,0,0,0,2.208917808,0,0,2.208917808,,2019-05-29,2.208917808
2019-05-30,0,0,0,0,0,0.001687603,0,0,0.001687603,,2019-05-30,0.001687603
2019-05-31,0,0,0,0,0,0,0,0,0,,2019-05-31,0
2019-06-03,2618.47402,0,0,0,0,0,0,0,2618.47402,,2019-06-03,2618.47402
2019-06-04,2504.13703,0,0,0,0,0,0,0,2504.13703,,2019-06-04,2504.13703
2019-06-05,2489.84198,0,0,0,0,0,0,0,2489.84198,,2019-06-05,2489.84198
2019-06-06,2438.498857,0,0,0,0,0,0,0,2438.498857,,2019-06-06,2438.498857
2019-06-07,2359.24497,0,0,0,0,0,0,0,2359.24497,,2019-06-07,2359.24497
2019-06-10,2042.709256,0,0,0,0,0,0,0,2042.709256,,2019-06-10,2042.709256
2019-06-11,2210.257601,0,0,0,0,0,0,0,2210.257601,,2019-06-11,2210.257601
2019-06-12,2061.657958,0,0,0,0,0,0,0,2061.657958,,2019-06-12,2061.657958
2019-06-13,2015.555481,0,0,0,0,0,0,0,2015.555481,,2019-06-13,2015.555481
2019-06-14,1848.779322,0,0,0,0,0,0,0,1848.779322,,2019-06-14,1848.779322
2019-06-17,1714.035589,0,0,0,0,0,0,0,1714.035589,,2019-06-17,1714.035589
2019-06-18,1875.522988,0,0,0,0,0,0,0,1875.522988,,2019-06-18,1875.522988
2019-06-19,1832.372369,0,0,0,0,0,0,0,1832.372369,,2019-06-19,1832.372369
2019-06-20,1007.015974,0,0,0,0,0,0,0,1007.015974,,2019-06-20,1007.015974
2019-06-21,1332.747968,0,0,0,0,0,0,0,1332.747968,,2019-06-21,1332.747968
2019-06-24,1124.953409,0,0,0,0,0,0,0,1124.953409,,2019-06-24,1124.953409
2019-06-25,1084.797615,0,0,0,0,0,0,0,1084.797615,,2019-06-25,1084.797615
2019-06-26,864.5807798,0,0,0,0,0,0,0,864.5807798,,2019-06-26,864.5807798
2019-06-27,720.9582895,0,0,0,0,0,0,0,720.9582895,,2019-06-27,720.9582895
2019-06-28,381.3899156,0,0,0,0,0,0,0,381.3899156,,2019-06-28,381.3899156
2019-07-01,2766.775105,0,0,0,0,0,0,0,2766.775105,,2019-07-01,2766.775105
2019-07-02,2429.824846,0,0,0,0,0,0,0,2429.824846,,2019-07-02,2429.824846
2019-07-03,2180.97579,0,0,0,0,0,0,0,2180.97579,,2019-07-03,2180.97579
2019-07-04,2519.395134,0,0,0,0,0,0,0,2519.395134,,2019-07-04,2519.395134
2019-07-05,2126.115353,0,0,0,0,0,0,0,2126.115353,,2019-07-05,2126.115353
2019-07-08,2136.374072,0,0,0,0,0,0,0,2136.374072,,2019-07-08,2136.374072
2019-07-09,1937.092475,0,0,0,0,0,0,0,1937.092475,,2019-07-09,1937.092475
2019-07-10,2109.339971,0,0,0,0,0,0,0,2109.339971,,2019-07-10,2109.339971
2019-07-11,2106.607217,0,0,0,0,0,0,0,2106.607217,,2019-07-11,2106.607217
2019-07-12,1861.801481,0,0,0,0,0,0,0,1861.801481,,2019-07-12,1861.801481
2019-07-15,1702.099164,0,0,0,0,0,0,0,1702.099164,,2019-07-15,1702.099164
2019-07-16,1579.517106,0,0,0,0,0,0,0,1579.517106,,2019-07-16,1579.517106
2019-07-17,1611.891725,0,0,0,0,0,0,0,1611.891725,,2019-07-17,1611.891725
2019-07-18,1030.647257,0,0,0,0,0,0,0,1030.647257,,2019-07-18,1030.647257
2019-07-19,891.1017129,0,0,0,0,0,0,0,891.1017129,,2019-07-19,891.1017129
2019-07-22,633.8988342,0,0,0,0,0,0,0,633.8988342,,2019-07-22,633.8988342
2019-07-23,528.2004445,0,0,0,0,0,0,0,528.2004445,,2019-07-23,528.2004445
2019-07-24,658.624284,0,0,0,0,0,0,0,658.624284,,2019-07-24,658.624284
2019-07-25,811.6726583,0,0,0,0,0,0,0,811.6726583,,2019-07-25,811.6726583
2019-07-26,507.4430612,0,0,0,0,0,0,0,507.4430612,,2019-07-26,507.4430612
2019-07-29,30.82557077,0,0,0,0,0,0,0,30.82557077,,2019-07-29,30.82557077
2019-07-30,15.45351501,0,0,0,0,0,0,0,15.45351501,,2019-07-30,15.45351501
2019-07-31,0.008615118,0,0,0,0,0,0,0,0.008615118,,2019-07-31,0.008615118
2019-08-01,3523.347171,0,0,0,0,0,0,0,3523.347171,,2019-08-01,3523.347171
2019-08-02,1680.812256,0,0,0,0,0,0,0,1680.812256,,2019-08-02,1680.812256
2019-08-05,401.5799728,0,0,0,0,0,0,0,401.5799728,,2019-08-05,401.5799728
2019-08-06,1155.43431,0,0,0,0,0,0,0,1155.43431,,2019-08-06,1155.43431
2019-08-07,586.2432875,0,0,0,0,0,0,0,586.2432875,,2019-08-07,586.2432875
2019-08-08,736.710047,0,0,0,0,0,0,0,736.710047,,2019-08-08,736.710047
2019-08-09,569.1849431,0,0,0,0,0,0,0,569.1849431,,2019-08-09,569.1849431
2019-08-12,443.3816534,0,0,0,0,0,0,0,443.3816534,,2019-08-12,443.3816534
2019-08-13,998.719873,0,0,0,0,0,0,0,998.719873,,2019-08-13,998.719873
2019-08-14,1140.77181,0,0,0,0,0,0,0,1140.77181,,2019-08-14,1140.77181
2019-08-15,781.500256,0,0,0,0,0,0,0,781.500256,,2019-08-15,781.500256
2019-08-16,564.8186882,0,0,0,0,0,0,0,564.8186882,,2019-08-16,564.8186882
2019-08-19,322.7295865,0,0,0,0,0,0,0,322.7295865,,2019-08-19,322.7295865
2019-08-20,148.7594458,0,0,0,0,0,0,0,148.7594458,,2019-08-20,148.7594458
2019-08-21,83.89542947,0,0,0,0,0,0,0,83.89542947,,2019-08-21,83.89542947
2019-08-22,20.82872152,0,0,0,0,0,0,0,20.82872152,,2019-08-22,20.82872152
2019-08-23,12.85040071,0,0,0,0,0,0,0,12.85040071,,2019-08-23,12.85040071
2019-08-26,3.17E-05,0,0,0,0,0,0,0,3.17E-05,,2019-08-26,3.17E-05
2019-08-27,3.96E-09,0,0,0,0,0,0,0,3.96E-09,,2019-08-27,3.96E-09
2019-08-28,2.27E-15,0,0,0,0,0,0,0,2.27E-15,,2019-08-28,2.27E-15
2019-08-29,4.66E-13,0,0,0,0,0,0,0,4.66E-13,,2019-08-29,4.66E-13
2019-08-30,0,0,0,0,0,0,0,0,0,,2019-08-30,0
2019-09-02,1993.022841,0,0,0,0,0,0,0,1993.022841,,2019-09-02,1993.022841
2019-09-03,1960.764293,0,0,0,0,0,0,0,1960.764293,,2019-09-03,1960.764293
2019-09-04,1823.395158,0,0,0,0,0,0,0,1823.395158,,2019-09-04,1823.395158
2019-09-05,1805.690135,0,0,0,0,0,0,0,1805.690135,,2019-09-05,1805.690135
2019-09-06,1489.030679,0,0,0,0,0,0,0,1489.030679,,2019-09-06,1489.030679
2019-09-09,1374.801494,0,0,0,0,0,0,0,1374.801494,,2019-09-09,1374.801494
2019-09-10,1410.670046,0,0,0,0,0,0,0,1410.670046,,2019-09-10,1410.670046
2019-09-11,1318.569596,0,0,0,0,0,0,0,1318.569596,,2019-09-11,1318.569596
2019-09-12,1140.402034,0,0,0,0,0,0,0,1140.402034,,2019-09-12,1140.402034
2019-09-13,837.0531425,0,0,0,0,0,0,0,837.0531425,,2019-09-13,837.0531425
2019-09-16,831.975783,0,0,0,0,0,0,0,831.975783,,2019-09-16,831.975783
2019-09-17,1108.818788,0,0,0,0,0,0,0,1108.818788,,2019-09-17,1108.818788
2019-09-18,986.385601,0,0,0,0,0,0,0,986.385601,,2019-09-18,986.385601
2019-09-19,1021.957158,0,0,0,0,0,0,0,1021.957158,,2019-09-19,1021.957158
2019-09-20,957.9589011,0,0,0,0,0,0,0,957.9589011,,2019-09-20,957.9589011
2019-09-23,1020.105815,0,0,0,0,0,0,0,1020.105815,,2019-09-23,1020.105815
2019-09-24,794.0092982,0,0,0,0,0,0,0,794.0092982,,2019-09-24,794.0092982
2019-09-25,962.9586176,0,0,0,0,0,0,0,962.9586176,,2019-09-25,962.9586176
2019-09-26,850.1204056,0,0,0,0,0,0,0,850.1204056,,2019-09-26,850.1204056
2019-09-27,817.659446,0,0,0,0,0,0,0,817.659446,,2019-09-27,817.659446
2019-09-30,317.3518381,0,0,0,0,0,0,0,317.3518381,,2019-09-30,317.3518381
2019-10-01,2337.041477,0,0,0,0,0,0,0,2337.041477,,2019-10-01,2337.041477
2019-10-02,2301.974359,0,0,0,0,0,0,0,2301.974359,,2019-10-02,2301.974359
2019-10-03,2304.425942,0,0,0,0,0,0,0,2304.425942,,2019-10-03,2304.425942
2019-10-04,2265.440676,0,0,0,0,0,0,0,2265.440676,,2019-10-04,2265.440676
2019-10-07,2178.109158,0,0,0,0,0,0,0,2178.109158,,2019-10-07,2178.109158
2019-10-08,2135.647944,0,0,0,0,0,0,0,2135.647944,,2019-10-08,2135.647944
2019-10-09,2100.337885,0,0,0,0,0,0,0,2100.337885,,2019-10-09,2100.337885
2019-10-10,1924.975998,0,0,0,0,0,0,0,1924.975998,,2019-10-10,1924.975998
2019-10-11,1471.870292,0,0,0,0,0,0,0,1471.870292,,2019-10-11,1471.870292
2019-10-14,802.6937342,0,0,0,0,0,0,0,802.6937342,,2019-10-14,802.6937342
2019-10-15,875.008288,0,0,0,0,0,0,0,875.008288,,2019-10-15,875.008288
2019-10-16,1034.266703,0,0,0,0,0,0,0,1034.266703,,2019-10-16,1034.266703
2019-10-17,647.3032075,0,0,0,0,0,0,0,647.3032075,,2019-10-17,647.3032075
2019-10-18,677.6213172,0,0,0,0,0,0,0,677.6213172,,2019-10-18,677.6213172
2019-10-21,352.4117777,0,0,0,0,0,0,0,352.4117777,,2019-10-21,352.4117777
2019-10-22,265.2807737,0,0,0,0,0,0,0,265.2807737,,2019-10-22,265.2807737
2019-10-23,101.6139722,0,0,0,0,0,0,0,101.6139722,,2019-10-23,101.6139722
2019-10-24,99.79580639,0,0,0,0,0,0,0,99.79580639,,2019-10-24,99.79580639
2019-10-25,19.13179266,0,0,0,0,0,0,0,19.13179266,,2019-10-25,19.13179266
2019-10-28,7.831885803,0,0,0,0,0,0,0,7.831885803,,2019-10-28,7.831885803
2019-10-29,0.7443361,0,0,0,0,0,0,0,0.7443361,,2019-10-29,0.7443361
2019-10-30,8.20E-05,0,0,0,0,0,0,0,8.20E-05,,2019-10-30,8.20E-05
2019-10-31,2.94E-09,0,0,0,0,0,0,0,2.94E-09,,2019-10-31,2.94E-09
2019-11-01,2965.324504,0,0,0,0,0,0,0,2965.324504,,2019-11-01,2965.324504
2019-11-04,2848.7096,0,0,0,0,0,0,0,2848.7096,,2019-11-04,2848.7096
2019-11-05,2667.751774,0,0,0,0,0,0,0,2667.751774,,2019-11-05,2667.751774
2019-11-06,2562.300613,0,0,0,0,0,0,0,2562.300613,,2019-11-06,2562.300613
2019-11-07,2149.038377,0,0,0,0,0,0,0,2149.038377,,2019-11-07,2149.038377
2019-11-08,2415.048031,0,0,0,0,0,0,0,2415.048031,,2019-11-08,2415.048031
2019-11-11,2434.16469,0,0,0,0,0,0,0,2434.16469,,2019-11-11,2434.16469
2019-11-12,2396.443348,0,0,0,0,0,0,0,2396.443348,,2019-11-12,2396.443348
2019-11-13,2347.060119,0,0,0,0,0,0,0,2347.060119,,2019-11-13,2347.060119
2019-11-14,2290.5234,0,0,0,0,0,0,0,2290.5234,,2019-11-14,2290.5234
2019-11-15,2114.167522,0,0,0,0,0,0,0,2114.167522,,2019-11-15,2114.167522
2019-11-18,1963.1505,0,0,0,0,0,0,0,1963.1505,,2019-11-18,1963.1505
2019-11-19,1888.852654,0,0,0,0,0,0,0,1888.852654,,2019-11-19,1888.852654
2019-11-20,1700.879906,0,0,0,0,0,0,0,1700.879906,,2019-11-20,1700.879906
2019-11-21,1719.592728,0,0,0,0,0,0,0,1719.592728,,2019-11-21,1719.592728
2019-11-22,1582.675853,0,0,0,0,0,0,0,1582.675853,,2019-11-22,1582.675853
2019-11-25,1219.252174,0,0,0,0,0,0,0,1219.252174,,2019-11-25,1219.252174
2019-11-26,1067.905801,0,0,0,0,0,0,0,1067.905801,,2019-11-26,1067.905801
2019-11-27,870.0964275,0,0,0,0,0,0,0,870.0964275,,2019-11-27,870.0964275
2019-11-28,617.080591,0,0,0,0,0,0,0,617.080591,,2019-11-28,617.080591
2019-11-29,0,0,0,0,0,0,0,0,0,,2019-11-29,0
2019-12-02,0,0,0,0,0,2463.138732,0,0,2463.138732,,2019-12-02,2463.138732
2019-12-03,0,0,0,0,0,2409.193339,0,0,2409.193339,,2019-12-03,2409.193339
2019-12-04,0,0,0,0,0,2385.629746,0,0,2385.629746,,2019-12-04,2385.629746
2019-12-05,0,0,0,0,0,2355.52667,0,0,2355.52667,,2019-12-05,2355.52667
2019-12-06,0,0,0,0,0,2300.923934,0,0,2300.923934,,2019-12-06,2300.923934
2019-12-09,0,0,0,0,0,2181.562902,0,0,2181.562902,,2019-12-09,2181.562902
2019-12-10,0,0,0,0,0,2164.023766,0,0,2164.023766,,2019-12-10,2164.023766
2019-12-11,0,0,0,0,0,2093.136164,0,0,2093.136164,,2019-12-11,2093.136164
2019-12-12,0,0,0,0,0,1947.031922,0,0,1947.031922,,2019-12-12,1947.031922
2019-12-13,0,0,0,0,0,1843.978584,0,0,1843.978584,,2019-12-13,1843.978584
2019-12-16,0,0,0,0,0,1500.750351,0,0,1500.750351,,2019-12-16,1500.750351
2019-12-17,0,0,0,0,0,1462.389771,0,0,1462.389771,,2019-12-17,1462.389771
2019-12-18,0,0,0,0,0,1245.100099,0,0,1245.100099,,2019-12-18,1245.100099
2019-12-19,0,0,0,0,0,1307.166578,0,0,1307.166578,,2019-12-19,1307.166578
2019-12-20,0,0,0,0,0,1065.151139,0,0,1065.151139,,2019-12-20,1065.151139
2019-12-23,0,0,0,0,0,784.5847447,0,0,784.5847447,,2019-12-23,784.5847447
2019-12-24,0,0,0,0,0,698.5594069,0,0,698.5594069,,2019-12-24,698.5594069
2019-12-25,0,0,0,0,0,643.2842762,0,0,643.2842762,,2019-12-25,643.2842762
2019-12-26,0,0,0,0,0,342.7283224,0,0,342.7283224,,2019-12-26,342.7283224
2019-12-27,0,0,0,0,0,453.3446532,0,0,453.3446532,,2019-12-27,453.3446532
2019-12-30,0,0,0,0,0,679.9186128,0,0,679.9186128,,2019-12-30,679.9186128
2019-12-31,0,0,0,0,0,417.9003883,0,0,417.9003883,,2019-12-31,417.9003883
2020-01-01,0,0,0,0,2530.456225,0,0,0,2530.456225,,2020-01-01,2530.456225
2020-01-02,0,0,0,0,2480.818161,0,0,0,2480.818161,,2020-01-02,2480.818161
2020-01-03,0,0,0,0,2415.412851,0,0,0,2415.412851,,2020-01-03,2415.412851
2020-01-06,0,0,0,0,2366.449904,0,0,0,2366.449904,,2020-01-06,2366.449904
2020-01-07,0,0,0,0,2198.308024,0,0,0,2198.308024,,2020-01-07,2198.308024
2020-01-08,0,0,0,0,1745.245182,0,0,0,1745.245182,,2020-01-08,1745.245182
2020-01-09,0,0,0,0,1627.305048,0,0,0,1627.305048,,2020-01-09,1627.305048
2020-01-10,0,0,0,0,1730.904536,0,0,0,1730.904536,,2020-01-10,1730.904536
2020-01-13,0,0,0,0,1683.654279,0,0,0,1683.654279,,2020-01-13,1683.654279
2020-01-14,0,0,0,0,1514.455428,0,0,0,1514.455428,,2020-01-14,1514.455428
2020-01-15,0,0,0,0,1670.54653,0,0,0,1670.54653,,2020-01-15,1670.54653
2020-01-16,0,0,0,0,1483.400349,0,0,0,1483.400349,,2020-01-16,1483.400349
2020-01-17,0,0,0,0,901.6142619,0,0,0,901.6142619,,2020-01-17,901.6142619
2020-01-20,0,0,0,0,670.2906986,0,0,0,670.2906986,,2020-01-20,670.2906986
2020-01-21,0,0,0,0,465.5409385,0,0,0,465.5409385,,2020-01-21,465.5409385
2020-01-22,0,0,0,0,460.7379781,0,0,0,460.7379781,,2020-01-22,460.7379781
2020-01-23,0,0,0,0,212.1273205,0,0,0,212.1273205,,2020-01-23,212.1273205
2020-01-24,0,0,0,0,62.33451013,0,0,0,62.33451013,,2020-01-24,62.33451013
2020-01-27,0,0,0,0,3.173105336,0,0,0,3.173105336,,2020-01-27,3.173105336
2020-01-28,0,0,0,0,0.343118303,0,0,0,0.343118303,,2020-01-28,0.343118303
2020-01-29,0,0,0,0,2.45E-05,0,0,0,2.45E-05,,2020-01-29,2.45E-05
2020-01-30,0,0,0,0,5.72E-09,0,0,0,5.72E-09,,2020-01-30,5.72E-09
2020-01-31,0,0,0,0,0,0,0,0,0,,2020-01-31,0
2020-02-03,0,1168.470659,0,0,0,0,0,0,1168.470659,,2020-02-03,1168.470659
2020-02-04,0,1101.608643,0,0,0,0,0,0,1101.608643,,2020-02-04,1101.608643
2020-02-05,0,1100.496462,0,0,0,0,0,0,1100.496462,,2020-02-05,1100.496462
2020-02-06,0,983.0640072,0,0,0,0,0,0,983.0640072,,2020-02-06,983.0640072
2020-02-07,0,819.9011633,0,0,0,0,0,0,819.9011633,,2020-02-07,819.9011633
2020-02-10,0,700.3891862,0,0,0,0,0,0,700.3891862,,2020-02-10,700.3891862
2020-02-11,0,634.7885857,0,0,0,0,0,0,634.7885857,,2020-02-11,634.7885857
2020-02-12,0,459.0308044,0,0,0,0,0,0,459.0308044,,2020-02-12,459.0308044
2020-02-13,0,412.4230688,0,0,0,0,0,0,412.4230688,,2020-02-13,412.4230688
2020-02-14,0,739.4364806,0,0,0,0,0,0,739.4364806,,2020-02-14,739.4364806
2020-02-17,0,402.8588432,0,0,0,0,0,0,402.8588432,,2020-02-17,402.8588432
2020-02-18,0,148.6431514,0,0,0,0,0,0,148.6431514,,2020-02-18,148.6431514
2020-02-19,0,43.33959273,0,0,0,0,0,0,43.33959273,,2020-02-19,43.33959273
2020-02-20,0,13.55225864,0,0,0,0,0,0,13.55225864,,2020-02-20,13.55225864
2020-02-21,0,13.41064199,0,0,0,0,0,0,13.41064199,,2020-02-21,13.41064199
2020-02-24,0,1.070774549,0,0,0,0,0,0,1.070774549,,2020-02-24,1.070774549
2020-02-25,0,0.572580932,0,0,0,0,0,0,0.572580932,,2020-02-25,0.572580932
2020-02-26,0,3.04E-05,0,0,0,0,0,0,3.04E-05,,2020-02-26,3.04E-05
2020-02-27,0,4.81E-15,0,0,0,0,0,0,4.81E-15,,2020-02-27,4.81E-15
2020-02-28,0,0,0,0,0,0,0,0,0,,2020-02-28,0
2020-03-02,0,948.1098482,0,0,0,0,0,0,948.1098482,,2020-03-02,948.1098482
2020-03-03,0,894.824607,0,0,0,0,0,0,894.824607,,2020-03-03,894.824607
2020-03-04,0,690.7046699,0,0,0,0,0,0,690.7046699,,2020-03-04,690.7046699
2020-03-05,0,572.8035127,0,0,0,0,0,0,572.8035127,,2020-03-05,572.8035127
2020-03-06,0,564.9167428,0,0,0,0,0,0,564.9167428,,2020-03-06,564.9167428
2020-03-09,0,447.1238635,0,0,0,0,0,0,447.1238635,,2020-03-09,447.1238635
2020-03-10,0,553.8606498,0,0,0,0,0,0,553.8606498,,2020-03-10,553.8606498
2020-03-11,0,213.8667421,0,0,0,0,0,0,213.8667421,,2020-03-11,213.8667421
2020-03-12,0,485.2273707,0,0,0,0,0,0,485.2273707,,2020-03-12,485.2273707
2020-03-13,0,430.9158527,0,0,0,0,0,0,430.9158527,,2020-03-13,430.9158527
2020-03-16,0,199.7373595,0,0,0,0,0,0,199.7373595,,2020-03-16,199.7373595
2020-03-17,0,193.9978117,0,0,0,0,0,0,193.9978117,,2020-03-17,193.9978117
2020-03-18,0,132.8318068,0,0,0,0,0,0,132.8318068,,2020-03-18,132.8318068
2020-03-19,0,97.89355728,0,0,0,0,0,0,97.89355728,,2020-03-19,97.89355728
2020-03-20,0,63.58383774,0,0,0,0,0,0,63.58383774,,2020-03-20,63.58383774
2020-03-23,0,18.54658341,0,0,0,0,0,0,18.54658341,,2020-03-23,18.54658341
2020-03-24,0,4.473530269,0,0,0,0,0,0,4.473530269,,2020-03-24,4.473530269
2020-03-25,0,2.231674948,0,0,0,0,0,0,2.231674948,,2020-03-25,2.231674948
2020-03-26,0,0.51445946,0,0,0,0,0,0,0.51445946,,2020-03-26,0.51445946
2020-03-27,0,0.004067832,0,0,0,0,0,0,0.004067832,,2020-03-27,0.004067832
2020-03-30,0,6.19E-13,0,0,0,0,0,0,6.19E-13,,2020-03-30,6.19E-13
2020-03-31,0,4.49E-34,0,0,0,0,0,0,4.49E-34,,2020-03-31,4.49E-34
2020-04-01,0,543.7705176,0,0,0,0,0,0,543.7705176,,2020-04-01,543.7705176
2020-04-02,0,533.0311791,0,0,0,0,0,0,533.0311791,,2020-04-02,533.0311791
2020-04-03,0,470.1993041,0,0,0,0,0,0,470.1993041,,2020-04-03,470.1993041
2020-04-06,0,486.5910493,0,0,0,0,0,0,486.5910493,,2020-04-06,486.5910493
2020-04-07,0,488.3434264,0,0,0,0,0,0,488.3434264,,2020-04-07,488.3434264
2020-04-08,0,454.1527117,0,0,0,0,0,0,454.1527117,,2020-04-08,454.1527117
2020-04-09,0,433.5416074,0,0,0,0,0,0,433.5416074,,2020-04-09,433.5416074
2020-04-10,0,420.4659965,0,0,0,0,0,0,420.4659965,,2020-04-10,420.4659965
2020-04-13,0,421.5434167,0,0,0,0,0,0,421.5434167,,2020-04-13,421.5434167
2020-04-14,0,400.569668,0,0,0,0,0,0,400.569668,,2020-04-14,400.569668
2020-04-15,0,398.6367879,0,0,0,0,0,0,398.6367879,,2020-04-15,398.6367879
2020-04-16,0,386.7972826,0,0,0,0,0,0,386.7972826,,2020-04-16,386.7972826
2020-04-17,0,373.910963,0,0,0,0,0,0,373.910963,,2020-04-17,373.910963
2020-04-20,0,290.0663938,0,0,0,0,0,0,290.0663938,,2020-04-20,290.0663938
2020-04-21,0,278.609736,0,0,0,0,0,0,278.609736,,2020-04-21,278.609736
2020-04-22,0,119.6209638,0,0,0,0,0,0,119.6209638,,2020-04-22,119.6209638
2020-04-23,0,62.5766579,0,0,0,0,0,0,62.5766579,,2020-04-23,62.5766579
2020-04-24,0,43.96465604,0,0,0,0,0,0,43.96465604,,2020-04-24,43.96465604
2020-04-27,0,9.254744578,0,0,0,0,0,0,9.254744578,,2020-04-27,9.254744578
2020-04-28,0,22.15325565,0,0,0,0,0,0,22.15325565,,2020-04-28,22.15325565
2020-04-29,0,81.13591311,0,0,0,0,0,0,81.13591311,,2020-04-29,81.13591311
2020-04-30,0,0.033797733,0,0,0,0,0,0,0.033797733,,2020-04-30,0.033797733
2020-05-01,0,0,0,0,1716.644071,0,0,0,1716.644071,,2020-05-01,1716.644071
2020-05-04,0,0,0,0,1600.139009,0,0,0,1600.139009,,2020-05-04,1600.139009
2020-05-05,0,0,0,0,1371.025918,0,0,0,1371.025918,,2020-05-05,1371.025918
2020-05-06,0,0,0,0,1154.812169,0,0,0,1154.812169,,2020-05-06,1154.812169
2020-05-07,0,0,0,0,1280.92768,0,0,0,1280.92768,,2020-05-07,1280.92768
2020-05-08,0,0,0,0,1248.029253,0,0,0,1248.029253,,2020-05-08,1248.029253
2020-05-11,0,0,0,0,1001.555594,0,0,0,1001.555594,,2020-05-11,1001.555594
2020-05-12,0,0,0,0,1131.831227,0,0,0,1131.831227,,2020-05-12,1131.831227
2020-05-13,0,0,0,0,966.9192998,0,0,0,966.9192998,,2020-05-13,966.9192998
2020-05-14,0,0,0,0,838.0001052,0,0,0,838.0001052,,2020-05-14,838.0001052
2020-05-15,0,0,0,0,851.7805277,0,0,0,851.7805277,,2020-05-15,851.7805277
2020-05-18,0,0,0,0,1102.784342,0,0,0,1102.784342,,2020-05-18,1102.784342
2020-05-19,0,0,0,0,1083.945178,0,0,0,1083.945178,,2020-05-19,1083.945178
2020-05-20,0,0,0,0,1068.037569,0,0,0,1068.037569,,2020-05-20,1068.037569
2020-05-21,0,0,0,0,1029.263971,0,0,0,1029.263971,,2020-05-21,1029.263971
2020-05-22,0,0,0,0,859.0052999,0,0,0,859.0052999,,2020-05-22,859.0052999
2020-05-25,0,0,0,0,654.5422876,0,0,0,654.5422876,,2020-05-25,654.5422876
2020-05-26,0,0,0,0,743.6682526,0,0,0,743.6682526,,2020-05-26,743.6682526
2020-05-27,0,0,0,0,607.2007128,0,0,0,607.2007128,,2020-05-27,607.2007128
2020-05-28,0,0,0,0,268.3102717,0,0,0,268.3102717,,2020-05-28,268.3102717
2020-05-29,0,0,0,0,89.0136353,0,0,0,89.0136353,,2020-05-29,89.0136353
2020-06-01,2609.037165,0,0,0,0,0,0,0,2609.037165,,2020-06-01,2609.037165
2020-06-02,2537.211473,0,0,0,0,0,0,0,2537.211473,,2020-06-02,2537.211473
2020-06-03,2537.153207,0,0,0,0,0,0,0,2537.153207,,2020-06-03,2537.153207
2020-06-04,2487.403694,0,0,0,0,0,0,0,2487.403694,,2020-06-04,2487.403694
2020-06-05,2088.954603,0,0,0,0,0,0,0,2088.954603,,2020-06-05,2088.954603
2020-06-08,1771.681695,0,0,0,0,0,0,0,1771.681695,,2020-06-08,1771.681695
2020-06-09,1916.049851,0,0,0,0,0,0,0,1916.049851,,2020-06-09,1916.049851
2020-06-10,1540.409466,0,0,0,0,0,0,0,1540.409466,,2020-06-10,1540.409466
2020-06-11,1596.042247,0,0,0,0,0,0,0,1596.042247,,2020-06-11,1596.042247
2020-06-12,1763.323801,0,0,0,0,0,0,0,1763.323801,,2020-06-12,1763.323801
2020-06-15,1607.314221,0,0,0,0,0,0,0,1607.314221,,2020-06-15,1607.314221
2020-06-16,1540.122365,0,0,0,0,0,0,0,1540.122365,,2020-06-16,1540.122365
2020-06-17,1420.605059,0,0,0,0,0,0,0,1420.605059,,2020-06-17,1420.605059
2020-06-18,1299.09621,0,0,0,0,0,0,0,1299.09621,,2020-06-18,1299.09621
2020-06-19,992.5025067,0,0,0,0,0,0,0,992.5025067,,2020-06-19,992.5025067
2020-06-22,609.1762204,0,0,0,0,0,0,0,609.1762204,,2020-06-22,609.1762204
2020-06-23,444.4884432,0,0,0,0,0,0,0,444.4884432,,2020-06-23,444.4884432
2020-06-24,576.690827,0,0,0,0,0,0,0,576.690827,,2020-06-24,576.690827
2020-06-25,504.2121076,0,0,0,0,0,0,0,504.2121076,,2020-06-25,504.2121076
2020-06-26,361.0876999,0,0,0,0,0,0,0,361.0876999,,2020-06-26,361.0876999
2020-06-29,58.30761685,0,0,0,0,0,0,0,58.30761685,,2020-06-29,58.30761685
2020-06-30,0.22227066,0,0,0,0,0,0,0,0.22227066,,2020-06-30,0.22227066
2020-07-01,0,0,0,0,1789.420061,0,0,0,1789.420061,,2020-07-01,1789.420061
2020-07-02,0,0,0,0,1765.128651,0,0,0,1765.128651,,2020-07-02,1765.128651
2020-07-03,0,0,0,0,1728.282787,0,0,0,1728.282787,,2020-07-03,1728.282787
2020-07-06,0,0,0,0,1511.548692,0,0,0,1511.548692,,2020-07-06,1511.548692
2020-07-07,0,0,0,0,1563.906475,0,0,0,1563.906475,,2020-07-07,1563.906475
2020-07-08,0,0,0,0,1355.864484,0,0,0,1355.864484,,2020-07-08,1355.864484
2020-07-09,0,0,0,0,1475.72591,0,0,0,1475.72591,,2020-07-09,1475.72591
2020-07-10,0,0,0,0,1392.111078,0,0,0,1392.111078,,2020-07-10,1392.111078
2020-07-13,0,0,0,0,1149.903447,0,0,0,1149.903447,,2020-07-13,1149.903447
2020-07-14,0,0,0,0,896.8434254,0,0,0,896.8434254,,2020-07-14,896.8434254
2020-07-15,0,0,0,0,807.0429369,0,0,0,807.0429369,,2020-07-15,807.0429369
2020-07-16,0,0,0,0,813.9571551,0,0,0,813.9571551,,2020-07-16,813.9571551
2020-07-17,0,0,0,0,654.6133636,0,0,0,654.6133636,,2020-07-17,654.6133636
2020-07-20,0,0,0,0,259.7969022,0,0,0,259.7969022,,2020-07-20,259.7969022
2020-07-21,0,0,0,0,87.28771325,0,0,0,87.28771325,,2020-07-21,87.28771325
2020-07-22,0,0,0,0,32.73925646,0,0,0,32.73925646,,2020-07-22,32.73925646
2020-07-23,0,0,0,0,16.60992201,0,0,0,16.60992201,,2020-07-23,16.60992201
2020-07-24,0,0,0,0,2.291079142,0,0,0,2.291079142,,2020-07-24,2.291079142
2020-07-27,0,0,0,0,0.02803559,0,0,0,0.02803559,,2020-07-27,0.02803559
2020-07-28,0,0,0,0,0.000312219,0,0,0,0.000312219,,2020-07-28,0.000312219
2020-07-29,0,0,0,0,3.61E-10,0,0,0,3.61E-10,,2020-07-29,3.61E-10
2020-07-30,0,0,0,0,3.42E-26,0,0,0,3.42E-26,,2020-07-30,3.42E-26
2020-07-31,0,0,0,0,0,0,0,0,0,,2020-07-31,0
2020-08-03,0,0,0,0,1591.552304,0,0,0,1591.552304,,2020-08-03,1591.552304
2020-08-04,0,0,0,0,1465.262936,0,0,0,1465.262936,,2020-08-04,1465.262936
2020-08-05,0,0,0,0,1335.436029,0,0,0,1335.436029,,2020-08-05,1335.436029
2020-08-06,0,0,0,0,1250.906007,0,0,0,1250.906007,,2020-08-06,1250.906007
2020-08-07,0,0,0,0,1400.374454,0,0,0,1400.374454,,2020-08-07,1400.374454
2020-08-10,0,0,0,0,1348.542801,0,0,0,1348.542801,,2020-08-10,1348.542801
2020-08-11,0,0,0,0,1317.152137,0,0,0,1317.152137,,2020-08-11,1317.152137
2020-08-12,0,0,0,0,1251.660749,0,0,0,1251.660749,,2020-08-12,1251.660749
2020-08-13,0,0,0,0,1169.652445,0,0,0,1169.652445,,2020-08-13,1169.652445
2020-08-14,0,0,0,0,1053.715722,0,0,0,1053.715722,,2020-08-14,1053.715722
2020-08-17,0,0,0,0,836.6859534,0,0,0,836.6859534,,2020-08-17,836.6859534
2020-08-18,0,0,0,0,623.8265735,0,0,0,623.8265735,,2020-08-18,623.8265735
2020-08-19,0,0,0,0,874.5425255,0,0,0,874.5425255,,2020-08-19,874.5425255
2020-08-20,0,0,0,0,754.6228943,0,0,0,754.6228943,,2020-08-20,754.6228943
2020-08-21,0,0,0,0,893.979434,0,0,0,893.979434,,2020-08-21,893.979434
2020-08-24,0,0,0,0,762.0763348,0,0,0,762.0763348,,2020-08-24,762.0763348
2020-08-25,0,0,0,0,568.6006263,0,0,0,568.6006263,,2020-08-25,568.6006263
2020-08-26,0,0,0,0,514.6090735,0,0,0,514.6090735,,2020-08-26,514.6090735
2020-08-27,0,0,0,0,454.9326262,0,0,0,454.9326262,,2020-08-27,454.9326262
2020-08-28,0,0,0,0,148.9147473,0,0,0,148.9147473,,2020-08-28,148.9147473
2020-08-31,0,0,0,0,0.088922684,0,0,0,0.088922684,,2020-08-31,0.088922684
2020-09-01,0,0,0,0,1665.580698,0,0,0,1665.580698,,2020-09-01,1665.580698
2020-09-02,0,0,0,0,1633.89559,0,0,0,1633.89559,,2020-09-02,1633.89559
2020-09-03,0,0,0,0,1603.206831,0,0,0,1603.206831,,2020-09-03,1603.206831
2020-09-04,0,0,0,0,1556.993726,0,0,0,1556.993726,,2020-09-04,1556.993726
2020-09-07,0,0,0,0,1434.827707,0,0,0,1434.827707,,2020-09-07,1434.827707
2020-09-08,0,0,0,0,1321.56203,0,0,0,1321.56203,,2020-09-08,1321.56203
2020-09-09,0,0,0,0,1345.474421,0,0,0,1345.474421,,2020-09-09,1345.474421
2020-09-10,0,0,0,0,1334.016199,0,0,0,1334.016199,,2020-09-10,1334.016199
2020-09-11,0,0,0,0,1342.673378,0,0,0,1342.673378,,2020-09-11,1342.673378
2020-09-14,0,0,0,0,1255.656515,0,0,0,1255.656515,,2020-09-14,1255.656515
2020-09-15,0,0,0,0,1197.930209,0,0,0,1197.930209,,2020-09-15,1197.930209
2020-09-16,0,0,0,0,1081.551794,0,0,0,1081.551794,,2020-09-16,1081.551794
2020-09-17,0,0,0,0,1112.953995,0,0,0,1112.953995,,2020-09-17,1112.953995
2020-09-18,0,0,0,0,1048.658829,0,0,0,1048.658829,,2020-09-18,1048.658829
2020-09-21,0,0,0,0,683.0666577,0,0,0,683.0666577,,2020-09-21,683.0666577
2020-09-22,0,0,0,0,354.0637158,0,0,0,354.0637158,,2020-09-22,354.0637158
2020-09-23,0,0,0,0,164.7279978,0,0,0,164.7279978,,2020-09-23,164.7279978
2020-09-24,0,0,0,0,147.0829231,0,0,0,147.0829231,,2020-09-24,147.0829231
2020-09-25,0,0,0,0,37.93639646,0,0,0,37.93639646,,2020-09-25,37.93639646
2020-09-28,0,0,0,0,5.0149832,0,0,0,5.0149832,,2020-09-28,5.0149832
2020-09-29,0,0,0,0,32.9814886,0,0,0,32.9814886,,2020-09-29,32.9814886
2020-09-30,0,0,0,0,0.16593707,0,0,0,0.16593707,,2020-09-30,0.16593707
2020-10-01,0,0,0,0,1920.521061,0,0,0,1920.521061,,2020-10-01,1920.521061
2020-10-02,0,0,0,0,1894.891744,0,0,0,1894.891744,,2020-10-02,1894.891744
2020-10-05,0,0,0,0,1735.121309,0,0,0,1735.121309,,2020-10-05,1735.121309
2020-10-06,0,0,0,0,1756.044641,0,0,0,1756.044641,,2020-10-06,1756.044641
2020-10-07,0,0,0,0,1693.725452,0,0,0,1693.725452,,2020-10-07,1693.725452
2020-10-08,0,0,0,0,1658.46956,0,0,0,1658.46956,,2020-10-08,1658.46956
2020-10-09,0,0,0,0,1417.168758,0,0,0,1417.168758,,2020-10-09,1417.168758
2020-10-12,0,0,0,0,1322.423284,0,0,0,1322.423284,,2020-10-12,1322.423284
2020-10-13,0,0,0,0,1470.355158,0,0,0,1470.355158,,2020-10-13,1470.355158
2020-10-14,0,0,0,0,1425.507899,0,0,0,1425.507899,,2020-10-14,1425.507899
2020-10-15,0,0,0,0,1380.588134,0,0,0,1380.588134,,2020-10-15,1380.588134
2020-10-16,0,0,0,0,1342.52578,0,0,0,1342.52578,,2020-10-16,1342.52578
2020-10-19,0,0,0,0,1128.904236,0,0,0,1128.904236,,2020-10-19,1128.904236
2020-10-20,0,0,0,0,847.7910372,0,0,0,847.7910372,,2020-10-20,847.7910372
2020-10-21,0,0,0,0,630.2839788,0,0,0,630.2839788,,2020-10-21,630.2839788
2020-10-22,0,0,0,0,771.0547133,0,0,0,771.0547133,,2020-10-22,771.0547133
2020-10-23,0,0,0,0,430.2474026,0,0,0,430.2474026,,2020-10-23,430.2474026
2020-10-26,0,0,0,0,426.0065538,0,0,0,426.0065538,,2020-10-26,426.0065538
2020-10-27,0,0,0,0,401.4327764,0,0,0,401.4327764,,2020-10-27,401.4327764
2020-10-28,0,0,0,0,501.2059149,0,0,0,501.2059149,,2020-10-28,501.2059149
2020-10-29,0,0,0,0,256.1852345,0,0,0,256.1852345,,2020-10-29,256.1852345
2020-10-30,0,0,0,0,0,0,0,0,0,,2020-10-30,0
2020-11-02,0,0,0,672.1726859,0,0,0,0,672.1726859,,2020-11-02,672.1726859
2020-11-03,0,0,0,648.7481163,0,0,0,0,648.7481163,,2020-11-03,648.7481163
2020-11-04,0,0,0,633.3128883,0,0,0,0,633.3128883,,2020-11-04,633.3128883
2020-11-05,0,0,0,468.7052767,0,0,0,0,468.7052767,,2020-11-05,468.7052767
2020-11-06,0,0,0,484.3054483,0,0,0,0,484.3054483,,2020-11-06,484.3054483
2020-11-09,0,0,0,338.7185716,0,0,0,0,338.7185716,,2020-11-09,338.7185716
2020-11-10,0,0,0,355.2976106,0,0,0,0,355.2976106,,2020-11-10,355.2976106
2020-11-11,0,0,0,388.5691626,0,0,0,0,388.5691626,,2020-11-11,388.5691626
2020-11-12,0,0,0,387.0176124,0,0,0,0,387.0176124,,2020-11-12,387.0176124
2020-11-13,0,0,0,352.7664897,0,0,0,0,352.7664897,,2020-11-13,352.7664897
2020-11-16,0,0,0,190.7520081,0,0,0,0,190.7520081,,2020-11-16,190.7520081
2020-11-17,0,0,0,171.7928536,0,0,0,0,171.7928536,,2020-11-17,171.7928536
2020-11-18,0,0,0,137.6765905,0,0,0,0,137.6765905,,2020-11-18,137.6765905
2020-11-19,0,0,0,116.8864763,0,0,0,0,116.8864763,,2020-11-19,116.8864763
2020-11-20,0,0,0,100.148702,0,0,0,0,100.148702,,2020-11-20,100.148702
2020-11-23,0,0,0,40.80420117,0,0,0,0,40.80420117,,2020-11-23,40.80420117
2020-11-24,0,0,0,8.673195706,0,0,0,0,8.673195706,,2020-11-24,8.673195706
2020-11-25,0,0,0,3.597100908,0,0,0,0,3.597100908,,2020-11-25,3.597100908
2020-11-26,0,0,0,1.949880082,0,0,0,0,1.949880082,,2020-11-26,1.949880082
2020-11-27,0,0,0,1.179237516,0,0,0,0,1.179237516,,2020-11-27,1.179237516
2020-11-30,0,0,0,6.14E-06,0,0,0,0,6.14E-06,,2020-11-30,6.14E-06
2020-12-01,0,0,0,0,1961.860866,0,0,0,1961.860866,,2020-12-01,1961.860866
2020-12-02,0,0,0,0,1861.067174,0,0,0,1861.067174,,2020-12-02,1861.067174
2020-12-03,0,0,0,0,1745.840857,0,0,0,1745.840857,,2020-12-03,1745.840857
2020-12-04,0,0,0,0,1787.926354,0,0,0,1787.926354,,2020-12-04,1787.926354
2020-12-07,0,0,0,0,1715.866158,0,0,0,1715.866158,,2020-12-07,1715.866158
2020-12-08,0,0,0,0,1679.748377,0,0,0,1679.748377,,2020-12-08,1679.748377
2020-12-09,0,0,0,0,1683.908365,0,0,0,1683.908365,,2020-12-09,1683.908365
2020-12-10,0,0,0,0,1533.811177,0,0,0,1533.811177,,2020-12-10,1533.811177
2020-12-11,0,0,0,0,1567.235472,0,0,0,1567.235472,,2020-12-11,1567.235472
2020-12-14,0,0,0,0,1354.206364,0,0,0,1354.206364,,2020-12-14,1354.206364
2020-12-15,0,0,0,0,1277.793211,0,0,0,1277.793211,,2020-12-15,1277.793211
2020-12-16,0,0,0,0,1004.968431,0,0,0,1004.968431,,2020-12-16,1004.968431
2020-12-17,0,0,0,0,653.5665659,0,0,0,653.5665659,,2020-12-17,653.5665659
2020-12-18,0,0,0,0,565.6900668,0,0,0,565.6900668,,2020-12-18,565.6900668
2020-12-21,0,0,0,0,522.0659104,0,0,0,522.0659104,,2020-12-21,522.0659104
2020-12-22,0,0,0,0,798.2946757,0,0,0,798.2946757,,2020-12-22,798.2946757
2020-12-23,0,0,0,0,588.14624,0,0,0,588.14624,,2020-12-23,588.14624
2020-12-24,0,0,0,0,474.0519178,0,0,0,474.0519178,,2020-12-24,474.0519178
2020-12-25,0,0,0,0,400.0487838,0,0,0,400.0487838,,2020-12-25,400.0487838
2020-12-28,0,0,0,0,81.64937895,0,0,0,81.64937895,,2020-12-28,81.64937895
2020-12-29,0,0,0,0,13.69709151,0,0,0,13.69709151,,2020-12-29,13.69709151
2020-12-30,0,0,0,0,1.508488754,0,0,0,1.508488754,,2020-12-30,1.508488754
2020-12-31,0,0,0,0,1.435854563,0,0,0,1.435854563,,2020-12-31,1.435854563
2021-01-01,0,0,0,0,1925.212488,0,0,0,1925.212488,,2021-01-01,1925.212488
2021-01-04,0,0,0,0,1786.083081,0,0,0,1786.083081,,2021-01-04,1786.083081
2021-01-05,0,0,0,0,1618.819556,0,0,0,1618.819556,,2021-01-05,1618.819556
2021-01-06,0,0,0,0,1465.527687,0,0,0,1465.527687,,2021-01-06,1465.527687
2021-01-07,0,0,0,0,1614.190288,0,0,0,1614.190288,,2021-01-07,1614.190288
2021-01-08,0,0,0,0,1688.81333,0,0,0,1688.81333,,2021-01-08,1688.81333
2021-01-11,0,0,0,0,1563.106236,0,0,0,1563.106236,,2021-01-11,1563.106236
2021-01-12,0,0,0,0,1550.974423,0,0,0,1550.974423,,2021-01-12,1550.974423
2021-01-13,0,0,0,0,1488.552568,0,0,0,1488.552568,,2021-01-13,1488.552568
2021-01-14,0,0,0,0,1444.330049,0,0,0,1444.330049,,2021-01-14,1444.330049
2021-01-15,0,0,0,0,1159.285009,0,0,0,1159.285009,,2021-01-15,1159.285009
2021-01-18,0,0,0,0,971.8138017,0,0,0,971.8138017,,2021-01-18,971.8138017
2021-01-19,0,0,0,0,1133.971284,0,0,0,1133.971284,,2021-01-19,1133.971284
2021-01-20,0,0,0,0,968.9570018,0,0,0,968.9570018,,2021-01-20,968.9570018
2021-01-21,0,0,0,0,1128.822539,0,0,0,1128.822539,,2021-01-21,1128.822539
2021-01-22,0,0,0,0,1084.883723,0,0,0,1084.883723,,2021-01-22,1084.883723
2021-01-25,0,0,0,0,799.71824,0,0,0,799.71824,,2021-01-25,799.71824
2021-01-26,0,0,0,0,796.9363943,0,0,0,796.9363943,,2021-01-26,796.9363943
2021-01-27,0,0,0,0,502.5861701,0,0,0,502.5861701,,2021-01-27,502.5861701
2021-01-28,0,0,0,0,440.6078383,0,0,0,440.6078383,,2021-01-28,440.6078383
2021-01-29,0,0,0,0,407.4898921,0,0,0,407.4898921,,2021-01-29,407.4898921
2021-02-01,0,0,0,0,2151.925011,0,0,0,2151.925011,,2021-02-01,2151.925011
2021-02-02,0,0,0,0,2123.150521,0,0,0,2123.150521,,2021-02-02,2123.150521
2021-02-03,0,0,0,0,2085.719165,0,0,0,2085.719165,,2021-02-03,2085.719165
2021-02-04,0,0,0,0,1892.166561,0,0,0,1892.166561,,2021-02-04,1892.166561
2021-02-05,0,0,0,0,2005.393392,0,0,0,2005.393392,,2021-02-05,2005.393392
2021-02-08,0,0,0,0,1873.022622,0,0,0,1873.022622,,2021-02-08,1873.022622
2021-02-09,0,0,0,0,1626.388513,0,0,0,1626.388513,,2021-02-09,1626.388513
2021-02-10,0,0,0,0,1564.694256,0,0,0,1564.694256,,2021-02-10,1564.694256
2021-02-11,0,0,0,0,1443.380291,0,0,0,1443.380291,,2021-02-11,1443.380291
2021-02-12,0,0,0,0,1432.021359,0,0,0,1432.021359,,2021-02-12,1432.021359
2021-02-15,0,0,0,0,1183.505941,0,0,0,1183.505941,,2021-02-15,1183.505941
2021-02-16,0,0,0,0,1286.463513,0,0,0,1286.463513,,2021-02-16,1286.463513
2021-02-17,0,0,0,0,1419.699116,0,0,0,1419.699116,,2021-02-17,1419.699116
2021-02-18,0,0,0,0,1234.886216,0,0,0,1234.886216,,2021-02-18,1234.886216
2021-02-19,0,0,0,0,998.4021276,0,0,0,998.4021276,,2021-02-19,998.4021276
2021-02-22,0,0,0,0,548.5182198,0,0,0,548.5182198,,2021-02-22,548.5182198
2021-02-23,0,0,0,0,512.6637118,0,0,0,512.6637118,,2021-02-23,512.6637118
2021-02-24,0,0,0,0,297.2370918,0,0,0,297.2370918,,2021-02-24,297.2370918
2021-02-25,0,0,0,0,319.2730544,0,0,0,319.2730544,,2021-02-25,319.2730544
2021-02-26,0,0,0,0,659.135237,0,0,0,659.135237,,2021-02-26,659.135237
2021-03-01,0,0,0,0,0,2117.377779,0,0,2117.377779,,2021-03-01,2117.377779
2021-03-02,0,0,0,0,0,2089.11203,0,0,2089.11203,,2021-03-02,2089.11203
2021-03-03,0,0,0,0,0,1992.651902,0,0,1992.651902,,2021-03-03,1992.651902
2021-03-04,0,0,0,0,0,1536.420295,0,0,1536.420295,,2021-03-04,1536.420295
2021-03-05,0,0,0,0,0,1303.115304,0,0,1303.115304,,2021-03-05,1303.115304
2021-03-08,0,0,0,0,0,905.1332456,0,0,905.1332456,,2021-03-08,905.1332456
2021-03-09,0,0,0,0,0,1090.880023,0,0,1090.880023,,2021-03-09,1090.880023
2021-03-10,0,0,0,0,0,1062.70188,0,0,1062.70188,,2021-03-10,1062.70188
2021-03-11,0,0,0,0,0,943.8080236,0,0,943.8080236,,2021-03-11,943.8080236
2021-03-12,0,0,0,0,0,733.5408566,0,0,733.5408566,,2021-03-12,733.5408566
2021-03-15,0,0,0,0,0,591.9398393,0,0,591.9398393,,2021-03-15,591.9398393
2021-03-16,0,0,0,0,0,555.7922785,0,0,555.7922785,,2021-03-16,555.7922785
2021-03-17,0,0,0,0,0,389.6268023,0,0,389.6268023,,2021-03-17,389.6268023
2021-03-18,0,0,0,0,0,367.1768882,0,0,367.1768882,,2021-03-18,367.1768882
2021-03-19,0,0,0,0,0,270.6257999,0,0,270.6257999,,2021-03-19,270.6257999
2021-03-22,0,0,0,0,0,117.0895612,0,0,117.0895612,,2021-03-22,117.0895612
2021-03-23,0,0,0,0,0,200.4883952,0,0,200.4883952,,2021-03-23,200.4883952
2021-03-24,0,0,0,0,0,112.5291873,0,0,112.5291873,,2021-03-24,112.5291873
2021-03-25,0,0,0,0,0,23.35348885,0,0,23.35348885,,2021-03-25,23.35348885
2021-03-26,0,0,0,0,0,2.034413815,0,0,2.034413815,,2021-03-26,2.034413815
2021-03-29,0,0,0,0,0,0.000831288,0,0,0.000831288,,2021-03-29,0.000831288
2021-03-30,0,0,0,0,0,5.19E-08,0,0,5.19E-08,,2021-03-30,5.19E-08
2021-03-31,0,0,0,0,0,1.17E-22,0,0,1.17E-22,,2021-03-31,1.17E-22
2021-04-01,0,0,0,0,0,2158.187469,0,0,2158.187469,,2021-04-01,2158.187469
2021-04-02,0,0,0,0,0,2107.083835,0,0,2107.083835,,2021-04-02,2107.083835
2021-04-05,0,0,0,0,0,2005.642751,0,0,2005.642751,,2021-04-05,2005.642751
2021-04-06,0,0,0,0,0,1859.924407,0,0,1859.924407,,2021-04-06,1859.924407
2021-04-07,0,0,0,0,0,1849.491683,0,0,1849.491683,,2021-04-07,1849.491683
2021-04-08,0,0,0,0,0,1496.809072,0,0,1496.809072,,2021-04-08,1496.809072
2021-04-09,0,0,0,0,0,1654.865302,0,0,1654.865302,,2021-04-09,1654.865302
2021-04-12,0,0,0,0,0,1304.401484,0,0,1304.401484,,2021-04-12,1304.401484
2021-04-13,0,0,0,0,0,1025.9237,0,0,1025.9237,,2021-04-13,1025.9237
2021-04-14,0,0,0,0,0,826.7610413,0,0,826.7610413,,2021-04-14,826.7610413
2021-04-15,0,0,0,0,0,634.7422817,0,0,634.7422817,,2021-04-15,634.7422817
2021-04-16,0,0,0,0,0,549.5479722,0,0,549.5479722,,2021-04-16,549.5479722
2021-04-19,0,0,0,0,0,180.3386603,0,0,180.3386603,,2021-04-19,180.3386603
2021-04-20,0,0,0,0,0,137.9727194,0,0,137.9727194,,2021-04-20,137.9727194
2021-04-21,0,0,0,0,0,91.82580824,0,0,91.82580824,,2021-04-21,91.82580824
2021-04-22,0,0,0,0,0,56.67510572,0,0,56.67510572,,2021-04-22,56.67510572
2021-04-23,0,0,0,0,0,23.55938343,0,0,23.55938343,,2021-04-23,23.55938343
2021-04-26,0,0,0,0,0,1.754846566,0,0,1.754846566,,2021-04-26,1.754846566
2021-04-27,0,0,0,0,0,12.23646492,0,0,12.23646492,,2021-04-27,12.23646492
2021-04-28,0,0,0,0,0,0.718073946,0,0,0.718073946,,2021-04-28,0.718073946
2021-04-29,0,0,0,0,0,0.047781338,0,0,0.047781338,,2021-04-29,0.047781338
2021-04-30,0,0,0,0,0,0,0,0,0,,2021-04-30,0
2021-05-03,0,0,0,0,0,2339.071432,0,0,2339.071432,,2021-05-03,2339.071432
2021-05-04,0,0,0,0,0,2155.412797,0,0,2155.412797,,2021-05-04,2155.412797
2021-05-05,0,0,0,0,0,2147.389735,0,0,2147.389735,,2021-05-05,2147.389735
2021-05-06,0,0,0,0,0,2134.051763,0,0,2134.051763,,2021-05-06,2134.051763
2021-05-07,0,0,0,0,0,2093.213066,0,0,2093.213066,,2021-05-07,2093.213066
2021-05-10,0,0,0,0,0,1985.501454,0,0,1985.501454,,2021-05-10,1985.501454
2021-05-11,0,0,0,0,0,1919.331856,0,0,1919.331856,,2021-05-11,1919.331856
2021-05-12,0,0,0,0,0,1653.819638,0,0,1653.819638,,2021-05-12,1653.819638
2021-05-13,0,0,0,0,0,1683.821897,0,0,1683.821897,,2021-05-13,1683.821897
2021-05-14,0,0,0,0,0,1672.809864,0,0,1672.809864,,2021-05-14,1672.809864
2021-05-17,0,0,0,0,0,1568.481017,0,0,1568.481017,,2021-05-17,1568.481017
2021-05-18,0,0,0,0,0,1582.818591,0,0,1582.818591,,2021-05-18,1582.818591
2021-05-19,0,0,0,0,0,1458.05965,0,0,1458.05965,,2021-05-19,1458.05965
2021-05-20,0,0,0,0,0,1463.843294,0,0,1463.843294,,2021-05-20,1463.843294
2021-05-21,0,0,0,0,0,1396.017364,0,0,1396.017364,,2021-05-21,1396.017364
2021-05-24,0,0,0,0,0,1188.019104,0,0,1188.019104,,2021-05-24,1188.019104
2021-05-25,0,0,0,0,0,1115.534946,0,0,1115.534946,,2021-05-25,1115.534946
2021-05-26,0,0,0,0,0,948.3374271,0,0,948.3374271,,2021-05-26,948.3374271
2021-05-27,0,0,0,0,0,365.8684944,0,0,365.8684944,,2021-05-27,365.8684944
2021-05-28,0,0,0,0,0,231.8993227,0,0,231.8993227,,2021-05-28,231.8993227
2021-05-31,0,0,0,0,0,25.82547895,0,0,25.82547895,,2021-05-31,25.82547895
2021-06-01,0,0,0,0,0,0,0,0,0,,2021-06-01,0